#FILE	SEQUENCE	START	END	STRAND	GENE	COVERAGE	COVERAGE_MAP	GAPS	%COVERAGE	%IDENTITY	DATABASE	ACCESSION	PRODUCT	RESISTANCE
AI-5395_10_10_assembly.fasta	AI-5395_10_10_1	53916	54827	-	fimH	1-912/912	===============	0/0	100.00	97.37	vfdb	NP_757248	(fimH) FimH protein precursor [Type 1 fimbriae (VF0221)] [Escherichia coli CFT073]	
AI-5395_10_10_assembly.fasta	AI-5395_10_10_1	54838	55341	-	fimG	1-504/504	===============	0/0	100.00	97.82	vfdb	NP_757247	(fimG) FimG protein precursor [Type 1 fimbriae (VF0221)] [Escherichia coli CFT073]	
AI-5395_10_10_assembly.fasta	AI-5395_10_10_1	55354	55887	-	fimF	1-534/534	===============	0/0	100.00	97.94	vfdb	NP_757245	(fimF) FimF protein precursor [Type 1 fimbriae (VF0221)] [Escherichia coli CFT073]	
AI-5395_10_10_assembly.fasta	AI-5395_10_10_1	55894	58530	-	fimD	1-2637/2637	===============	0/0	100.00	98.60	vfdb	NP_757244	(fimD) Outer membrane usher protein fimD precursor [Type 1 fimbriae (VF0221)] [Escherichia coli CFT073]	
AI-5395_10_10_assembly.fasta	AI-5395_10_10_1	58597	59322	-	fimC	1-726/726	===============	0/0	100.00	98.90	vfdb	NP_757243	(fimC) Chaperone protein fimC precursor [Type 1 fimbriae (VF0221)] [Escherichia coli CFT073]	
AI-5395_10_10_assembly.fasta	AI-5395_10_10_1	59359	59898	-	fimI	1-540/540	===============	0/0	100.00	98.70	vfdb	NP_757242	(fimI) Fimbrin-like protein fimI precursor [Type 1 fimbriae (VF0221)] [Escherichia coli CFT073]	
AI-5395_10_10_assembly.fasta	AI-5395_10_10_1	59963	60574	-	fimA	1-606/606	========/======	1/6	100.00	88.56	vfdb	NP_757241	(fimA) Type-1 fimbrial protein A chain precursor [Type 1 fimbriae (VF0221)] [Escherichia coli CFT073]	
AI-5395_10_10_assembly.fasta	AI-5395_10_10_1	61001	61595	-	fimE	1-595/597	===============	0/0	99.66	99.33	vfdb	NP_757240	(fimE) Type 1 fimbriae Regulatory protein fimE [Type 1 fimbriae (VF0221)] [Escherichia coli CFT073]	
AI-5395_10_10_assembly.fasta	AI-5395_10_10_1	62072	62674	-	fimB	1-603/603	===============	0/0	100.00	98.18	vfdb	NP_757239	(fimB) Type 1 fimbriae Regulatory protein fimB [Type 1 fimbriae (VF0221)] [Escherichia coli CFT073]	
AI-5395_10_10_assembly.fasta	AI-5395_10_10_1	333647	334939	+	espX5	1-1293/1293	===============	0/0	100.00	97.14	vfdb	NP_290699	(espX5) Type III secretion system effector EspX5 [LEE encoded T3SS (SS020)] [Escherichia coli O157:H7 str. EDL933]	
AI-5395_10_10_assembly.fasta	AI-5395_10_10_1	376339	377794	-	espX4	126-1581/1581	.=======/======	2/2	92.03	93.75	vfdb	NP_290672	(espX4) Type III secretion system effector EspX4 [LEE encoded T3SS (SS020)] [Escherichia coli O157:H7 str. EDL933]	
AI-5395_10_10_assembly.fasta	AI-5395_10_10_1	406821	409007	+	espL4	1-2187/2187	===============	0/0	100.00	97.35	vfdb	NP_290644	(espL4) Type III secretion system effector EspL4 [LEE encoded T3SS (SS020)] [Escherichia coli O157:H7 str. EDL933]	
AI-5395_10_10_assembly.fasta	AI-5395_10_10_1	643303	644731	+	aslA	1-1428/1428	========/======	1/1	100.00	93.56	vfdb	AAG10151	(aslA) putative arylsulfatase [AslA (VF0238)] [Escherichia coli O18:K1:H7 str. RS218]	
AI-5395_10_10_assembly.fasta	AI-5395_10_10_1	2615609	2616744	+	espR4	1-1140/1140	========/======	4/6	99.56	84.40	vfdb	NP_288396	(espR4) Type III secretion system effector espR4 [LEE encoded T3SS (SS020)] [Escherichia coli O157:H7 str. EDL933]	
AI-5395_10_10_assembly.fasta	AI-5395_10_10_1	2822827	2824726	-	espL1	1-1899/1899	========/======	1/1	100.00	97.58	vfdb	NP_288154	(espL1) Type III secretion system effector espL1 [LEE encoded T3SS (SS020)] [Escherichia coli O157:H7 str. EDL933]	
AI-5395_10_10_assembly.fasta	AI-5395_10_10_1	3522794	3523249	-	csgB	1-456/456	========/======	2/2	99.78	83.81	vfdb	NP_460114	(csgB) minor curlin subunit precursor curli nucleator protein CsgB [Agf (VF0103)] [Salmonella enterica subsp. enterica serovar Typhimurium str. LT2]	
AI-5395_10_10_assembly.fasta	AI-5395_10_10_1	3524004	3524654	+	csgD	1-651/651	===============	0/0	100.00	81.11	vfdb	NP_460113	(csgD) DNA-binding transcriptional regulator CsgD [curli fibers/thin aggregative fimbriae (AGF) (AI094)] [Salmonella enterica subsp. enterica serovar Typhimurium str. LT2]	
AI-5395_10_10_assembly.fasta	AI-5395_10_10_1	3525073	3525489	+	csgF	1-417/417	========/======	3/8	99.04	81.23	vfdb	NP_460111	(csgF) curli production assembly/transport protein CsgF [Agf (VF0103)] [Salmonella enterica subsp. enterica serovar Typhimurium str. LT2]	
AI-5395_10_10_assembly.fasta	AI-5395_10_10_1	3525516	3526349	+	csgG	1-834/834	===============	0/0	100.00	83.45	vfdb	NP_460110	(csgG) curli production assembly/transport protein CsgG [Agf (VF0103)] [Salmonella enterica subsp. enterica serovar Typhimurium str. LT2]	
AI-5395_10_10_assembly.fasta	AI-5395_10_10_1	3607743	3608783	+	ompA	1-1041/1041	===============	0/0	100.00	97.98	vfdb	AAF37887	(ompA) outer membrane protein A [OmpA (VF0236)] [Escherichia coli O18:K1:H7 str. RS218]	
AI-5395_10_10_assembly.fasta	AI-5395_10_10_1	4033053	4033799	-	entA	1-747/747	===============	0/0	100.00	95.72	vfdb	NP_752614	(entA) 23-dihydro-23-dihydroxybenzoate dehydrogenase [Enterobactin (VF0228)] [Escherichia coli CFT073]	
AI-5395_10_10_assembly.fasta	AI-5395_10_10_1	4033799	4034656	-	entB	1-858/858	===============	0/0	100.00	98.14	vfdb	NP_752613	(entB) isochorismatase [Enterobactin (VF0228)] [Escherichia coli CFT073]	
AI-5395_10_10_assembly.fasta	AI-5395_10_10_1	4034670	4036280	-	entE	1-1611/1611	===============	0/0	100.00	95.47	vfdb	NP_752612	(entE) 23-dihydroxybenzoate-AMP ligase component of enterobactin synthase multienzyme complex [Enterobactin (VF0228)] [Escherichia coli CFT073]	
AI-5395_10_10_assembly.fasta	AI-5395_10_10_1	4036290	4037477	-	entC	1-1188/1188	===============	0/0	100.00	97.90	vfdb	NP_752611	(entC) isochorismate synthase 1 [Enterobactin (VF0228)] [Escherichia coli CFT073]	
AI-5395_10_10_assembly.fasta	AI-5395_10_10_1	4037840	4038796	+	fepB	1-957/957	===============	0/0	100.00	97.49	vfdb	NP_752610	(fepB) ferrienterobactin ABC transporter periplasmic binding protein [Enterobactin (VF0228)] [Escherichia coli CFT073]	
AI-5395_10_10_assembly.fasta	AI-5395_10_10_1	4038800	4040050	-	entS	1-1251/1251	===============	0/0	100.00	95.44	vfdb	NP_752609	(entS) enterobactin exporter iron-regulated [enterobactin (IA019)] [Escherichia coli CFT073]	
AI-5395_10_10_assembly.fasta	AI-5395_10_10_1	4040149	4041165	+	fepD	1-1017/1017	===============	0/0	100.00	96.07	vfdb	NP_752608	(fepD) ferrienterobactin ABC transporter permease [Enterobactin (VF0228)] [Escherichia coli CFT073]	
AI-5395_10_10_assembly.fasta	AI-5395_10_10_1	4041162	4042154	+	fepG	1-993/993	===============	0/0	100.00	94.06	vfdb	NP_752607	(fepG) iron-enterobactin ABC transporter permease [Enterobactin (VF0228)] [Escherichia coli CFT073]	
AI-5395_10_10_assembly.fasta	AI-5395_10_10_1	4042151	4042966	+	fepC	1-816/816	===============	0/0	100.00	97.30	vfdb	NP_752606	(fepC) ferrienterobactin ABC transporter ATPase [Enterobactin (VF0228)] [Escherichia coli CFT073]	
AI-5395_10_10_assembly.fasta	AI-5395_10_10_1	4044340	4048193	-	entF	1-3854/3882	===============	0/0	99.28	95.69	vfdb	NP_752604	(entF) enterobactin synthase multienzyme complex component ATP-dependent [Enterobactin (VF0228)] [Escherichia coli CFT073]	
AI-5395_10_10_assembly.fasta	AI-5395_10_10_1	4048411	4049613	-	fes	1-1203/1203	===============	0/0	100.00	96.67	vfdb	NP_752602	(fes) enterobactin/ferric enterobactin esterase [enterobactin (IA019)] [Escherichia coli CFT073]	
AI-5395_10_10_assembly.fasta	AI-5395_10_10_1	4049856	4052096	+	fepA	1-2241/2241	===============	0/0	100.00	96.74	vfdb	NP_752600	(fepA) ferrienterobactin outer membrane transporter [Enterobactin (VF0228)] [Escherichia coli CFT073]	
AI-5395_10_10_assembly.fasta	AI-5395_10_10_1	4052121	4052891	+	entD	1-771/771	===============	0/0	100.00	95.20	vfdb	NP_752599	(entD) phosphopantetheinyl transferase component of enterobactin synthase multienzyme complex [Enterobactin (VF0228)] [Escherichia coli CFT073]	
AI-5395_10_10_assembly.fasta	AI-5395_10_10_1	4337764	4342012	-	fdeC	1-4246/4251	========/======	1/3	99.88	94.23	vfdb	YP_002390132	(fdeC) adhesin FdeC [FdeC (VF0506)] [Escherichia coli O45:K1:H7 str. S88]	
AI-5395_10_10_assembly.fasta	AI-5395_10_10_1	4345034	4345624	+	ykgK/ecpR	1-591/591	===============	0/0	100.00	96.95	vfdb	NP_286011	(ykgK/ecpR) regulator protein EcpR [ECP (VF0404)] [Escherichia coli O157:H7 str. EDL933]	
AI-5395_10_10_assembly.fasta	AI-5395_10_10_1	4345699	4346286	+	yagZ/ecpA	1-588/588	===============	0/0	100.00	99.15	vfdb	NP_286010	(yagZ/ecpA) E. coli common pilus structural subunit EcpA [ECP (VF0404)] [Escherichia coli O157:H7 str. EDL933]	
AI-5395_10_10_assembly.fasta	AI-5395_10_10_1	4346344	4347012	+	yagY/ecpB	1-669/669	===============	0/0	100.00	98.06	vfdb	NP_286009	(yagY/ecpB) E. coli common pilus chaperone EcpB [ECP (VF0404)] [Escherichia coli O157:H7 str. EDL933]	
AI-5395_10_10_assembly.fasta	AI-5395_10_10_1	4347038	4349563	+	yagX/ecpC	1-2526/2526	===============	0/0	100.00	98.77	vfdb	NP_286008	(yagX/ecpC) E. coli common pilus usher EcpC [ECP (VF0404)] [Escherichia coli O157:H7 str. EDL933]	
AI-5395_10_10_assembly.fasta	AI-5395_10_10_1	4349553	4351196	+	yagW/ecpD	1-1644/1644	===============	0/0	100.00	99.09	vfdb	NP_286007	(yagW/ecpD) polymerized tip adhesin of ECP fibers [ECP (VF0404)] [Escherichia coli O157:H7 str. EDL933]	
AI-5395_10_10_assembly.fasta	AI-5395_10_10_1	4351120	4351873	+	yagV/ecpE	1-754/756	===============	0/0	99.74	97.08	vfdb	NP_286006	(yagV/ecpE) E. coli common pilus chaperone EcpE [ECP (VF0404)] [Escherichia coli O157:H7 str. EDL933]	
AI-5395_10_10_assembly.fasta	AI-5395_10_10_1	4593759	4594570	-	espY1	1-753/753	========/======	3/61	99.87	86.96	vfdb	NP_285753	(espY1) Type III secretion system effector EspY1 [LEE encoded T3SS (SS020)] [Escherichia coli O157:H7 str. EDL933]	
AI-5395_10_10_assembly.fasta	AI-5395_10_10_1	4632716	4634137	+	espX1	1-1422/1422	===============	0/0	100.00	93.18	vfdb	NP_285716	(espX1) Type III secretion system effector EspX1 [LEE encoded T3SS (SS020)] [Escherichia coli O157:H7 str. EDL933]	
AI-5395_10_10_assembly.fasta	AI-5395_10_10_2	75523	77824	-	iutA	1-2280/2280	========/======	3/24	99.96	88.36	vfdb	NP_755498	(iutA) ferric aerobactin receptor precusor IutA [Aerobactin (VF0229)] [Escherichia coli CFT073]	
AI-5395_10_10_assembly.fasta	AI-5395_10_10_2	77762	79083	-	iucD	1-1323/1338	========/======	1/1	98.80	96.30	vfdb	NP_755499	(iucD) L-lysine 6-monooxygenase IucD [Aerobactin (VF0229)] [Escherichia coli CFT073]	
AI-5395_10_10_assembly.fasta	AI-5395_10_10_2	79080	80822	-	iucC	1-1743/1743	===============	0/0	100.00	96.04	vfdb	NP_755500	(iucC) aerobactin siderophore biosynthesis protein IucC [Aerobactin (VF0229)] [Escherichia coli CFT073]	
AI-5395_10_10_assembly.fasta	AI-5395_10_10_2	80822	81769	-	iucB	1-948/948	===============	0/0	100.00	95.67	vfdb	NP_755501	(iucB) aerobactin siderophore biosynthesis protein IucB [Aerobactin (VF0229)] [Escherichia coli CFT073]	
AI-5395_10_10_assembly.fasta	AI-5395_10_10_2	81770	83557	-	iucA	1-1788/1788	===============	0/0	100.00	94.30	vfdb	NP_755502	(iucA) aerobactin siderophore biosynthesis protein IucD [Aerobactin (VF0229)] [Escherichia coli CFT073]	
AI-5395_10_10_assembly.fasta	AI-5395_10_10_2	125980	127142	+	iroB	1-1163/1164	===============	0/0	99.91	98.37	vfdb	NP_753168	(iroB) glucosyltransferase IroB [Salmochelin (IA013)] [Escherichia coli CFT073]	
AI-5395_10_10_assembly.fasta	AI-5395_10_10_2	127205	130942	+	iroC	1-3738/3738	===============	0/0	100.00	99.14	vfdb	NP_753167	(iroC) ATP binding cassette transporter [Salmochelin (IA013)] [Escherichia coli CFT073]	
AI-5395_10_10_assembly.fasta	AI-5395_10_10_2	131046	132275	+	iroD	1-1230/1230	===============	0/0	100.00	98.54	vfdb	NP_753166	(iroD) esterase [Salmochelin (IA013)] [Escherichia coli CFT073]	
AI-5395_10_10_assembly.fasta	AI-5395_10_10_2	132360	133316	+	iroE	1-957/957	===============	0/0	100.00	99.48	vfdb	NP_753165	(iroE) esterase [Salmochelin (IA013)] [Escherichia coli CFT073]	
AI-5395_10_10_assembly.fasta	AI-5395_10_10_2	133361	135538	-	iroN	1-2178/2178	===============	0/0	100.00	99.13	vfdb	NP_753164	(iroN) salmochelin receptor IroN [IroN (VF0230)] [Escherichia coli CFT073]	
AI-5395_11_11_assembly.fasta	AI-5395_11_11_1	218225	218995	-	entD	1-771/771	===============	0/0	100.00	95.20	vfdb	NP_752599	(entD) phosphopantetheinyl transferase component of enterobactin synthase multienzyme complex [Enterobactin (VF0228)] [Escherichia coli CFT073]	
AI-5395_11_11_assembly.fasta	AI-5395_11_11_1	219020	221260	-	fepA	1-2241/2241	===============	0/0	100.00	96.74	vfdb	NP_752600	(fepA) ferrienterobactin outer membrane transporter [Enterobactin (VF0228)] [Escherichia coli CFT073]	
AI-5395_11_11_assembly.fasta	AI-5395_11_11_1	221503	222705	+	fes	1-1203/1203	===============	0/0	100.00	96.67	vfdb	NP_752602	(fes) enterobactin/ferric enterobactin esterase [enterobactin (IA019)] [Escherichia coli CFT073]	
AI-5395_11_11_assembly.fasta	AI-5395_11_11_1	222923	226776	+	entF	1-3854/3882	===============	0/0	99.28	95.69	vfdb	NP_752604	(entF) enterobactin synthase multienzyme complex component ATP-dependent [Enterobactin (VF0228)] [Escherichia coli CFT073]	
AI-5395_11_11_assembly.fasta	AI-5395_11_11_1	228150	228965	-	fepC	1-816/816	===============	0/0	100.00	97.30	vfdb	NP_752606	(fepC) ferrienterobactin ABC transporter ATPase [Enterobactin (VF0228)] [Escherichia coli CFT073]	
AI-5395_11_11_assembly.fasta	AI-5395_11_11_1	228962	229954	-	fepG	1-993/993	===============	0/0	100.00	94.06	vfdb	NP_752607	(fepG) iron-enterobactin ABC transporter permease [Enterobactin (VF0228)] [Escherichia coli CFT073]	
AI-5395_11_11_assembly.fasta	AI-5395_11_11_1	229951	230967	-	fepD	1-1017/1017	===============	0/0	100.00	96.07	vfdb	NP_752608	(fepD) ferrienterobactin ABC transporter permease [Enterobactin (VF0228)] [Escherichia coli CFT073]	
AI-5395_11_11_assembly.fasta	AI-5395_11_11_1	231066	232316	+	entS	1-1251/1251	===============	0/0	100.00	95.36	vfdb	NP_752609	(entS) enterobactin exporter iron-regulated [enterobactin (IA019)] [Escherichia coli CFT073]	
AI-5395_11_11_assembly.fasta	AI-5395_11_11_1	232320	233276	-	fepB	1-957/957	===============	0/0	100.00	97.49	vfdb	NP_752610	(fepB) ferrienterobactin ABC transporter periplasmic binding protein [Enterobactin (VF0228)] [Escherichia coli CFT073]	
AI-5395_11_11_assembly.fasta	AI-5395_11_11_1	233639	234826	+	entC	1-1188/1188	===============	0/0	100.00	97.73	vfdb	NP_752611	(entC) isochorismate synthase 1 [Enterobactin (VF0228)] [Escherichia coli CFT073]	
AI-5395_11_11_assembly.fasta	AI-5395_11_11_1	234836	236446	+	entE	1-1611/1611	===============	0/0	100.00	95.59	vfdb	NP_752612	(entE) 23-dihydroxybenzoate-AMP ligase component of enterobactin synthase multienzyme complex [Enterobactin (VF0228)] [Escherichia coli CFT073]	
AI-5395_11_11_assembly.fasta	AI-5395_11_11_1	236460	237317	+	entB	1-858/858	===============	0/0	100.00	98.37	vfdb	NP_752613	(entB) isochorismatase [Enterobactin (VF0228)] [Escherichia coli CFT073]	
AI-5395_11_11_assembly.fasta	AI-5395_11_11_1	237317	238063	+	entA	1-747/747	===============	0/0	100.00	95.98	vfdb	NP_752614	(entA) 23-dihydro-23-dihydroxybenzoate dehydrogenase [Enterobactin (VF0228)] [Escherichia coli CFT073]	
AI-5395_11_11_assembly.fasta	AI-5395_11_11_1	670276	671316	-	ompA	1-1041/1041	===============	0/0	100.00	98.08	vfdb	AAF37887	(ompA) outer membrane protein A [OmpA (VF0236)] [Escherichia coli O18:K1:H7 str. RS218]	
AI-5395_11_11_assembly.fasta	AI-5395_11_11_1	750827	751660	-	csgG	1-834/834	===============	0/0	100.00	83.45	vfdb	NP_460110	(csgG) curli production assembly/transport protein CsgG [Agf (VF0103)] [Salmonella enterica subsp. enterica serovar Typhimurium str. LT2]	
AI-5395_11_11_assembly.fasta	AI-5395_11_11_1	751687	752103	-	csgF	1-417/417	========/======	3/8	99.04	81.23	vfdb	NP_460111	(csgF) curli production assembly/transport protein CsgF [Agf (VF0103)] [Salmonella enterica subsp. enterica serovar Typhimurium str. LT2]	
AI-5395_11_11_assembly.fasta	AI-5395_11_11_1	752522	753172	-	csgD	1-651/651	===============	0/0	100.00	81.26	vfdb	NP_460113	(csgD) DNA-binding transcriptional regulator CsgD [curli fibers/thin aggregative fimbriae (AGF) (AI094)] [Salmonella enterica subsp. enterica serovar Typhimurium str. LT2]	
AI-5395_11_11_assembly.fasta	AI-5395_11_11_1	753927	754382	+	csgB	1-456/456	========/======	2/2	99.78	83.59	vfdb	NP_460114	(csgB) minor curlin subunit precursor curli nucleator protein CsgB [Agf (VF0103)] [Salmonella enterica subsp. enterica serovar Typhimurium str. LT2]	
AI-5395_11_11_assembly.fasta	AI-5395_11_11_1	1172941	1173995	-	espR1	198-1253/1260	..======/======	1/1	83.73	93.94	vfdb	NP_287686	(espR1) Type III secretion system effector espR1 [LEE encoded T3SS (SS020)] [Escherichia coli O157:H7 str. EDL933]	
AI-5395_11_11_assembly.fasta	AI-5395_11_11_1	1449313	1451212	+	espL1	1-1899/1899	========/======	1/1	100.00	97.47	vfdb	NP_288154	(espL1) Type III secretion system effector espL1 [LEE encoded T3SS (SS020)] [Escherichia coli O157:H7 str. EDL933]	
AI-5395_11_11_assembly.fasta	AI-5395_11_11_1	2765789	2766211	-	gspM	1-423/423	===============	0/0	100.00	97.87	vfdb	YP_404609	(gspM) general secretion pathway protein M [T2SS (VF0333)] [Shigella dysenteriae Sd197]	
AI-5395_11_11_assembly.fasta	AI-5395_11_11_1	2766327	2767187	-	gspL	1-861/861	===============	0/0	100.00	97.10	vfdb	YP_404608	(gspL) general secretion pathway protein L [T2SS (VF0333)] [Shigella dysenteriae Sd197]	
AI-5395_11_11_assembly.fasta	AI-5395_11_11_1	3686729	3688157	-	aslA	1-1428/1428	========/======	1/1	100.00	92.79	vfdb	AAG10151	(aslA) putative arylsulfatase [AslA (VF0238)] [Escherichia coli O18:K1:H7 str. RS218]	
AI-5395_11_11_assembly.fasta	AI-5395_11_11_1	3960722	3962302	+	espX4	1-1581/1581	========/======	2/2	99.94	93.17	vfdb	NP_290672	(espX4) Type III secretion system effector EspX4 [LEE encoded T3SS (SS020)] [Escherichia coli O157:H7 str. EDL933]	
AI-5395_11_11_assembly.fasta	AI-5395_11_11_1	3991804	3993097	-	espX5	1-1293/1293	========/======	1/1	100.00	95.75	vfdb	NP_290699	(espX5) Type III secretion system effector EspX5 [LEE encoded T3SS (SS020)] [Escherichia coli O157:H7 str. EDL933]	
AI-5395_11_11_assembly.fasta	AI-5395_11_11_1	4223747	4224349	+	fimB	1-603/603	===============	0/0	100.00	97.68	vfdb	NP_757239	(fimB) Type 1 fimbriae Regulatory protein fimB [Type 1 fimbriae (VF0221)] [Escherichia coli CFT073]	
AI-5395_11_11_assembly.fasta	AI-5395_11_11_1	4224827	4225423	+	fimE	1-597/597	===============	0/0	100.00	98.83	vfdb	NP_757240	(fimE) Type 1 fimbriae Regulatory protein fimE [Type 1 fimbriae (VF0221)] [Escherichia coli CFT073]	
AI-5395_11_11_assembly.fasta	AI-5395_11_11_1	4225847	4226452	+	fimA	1-606/606	===============	0/0	100.00	90.76	vfdb	NP_757241	(fimA) Type-1 fimbrial protein A chain precursor [Type 1 fimbriae (VF0221)] [Escherichia coli CFT073]	
AI-5395_11_11_assembly.fasta	AI-5395_11_11_1	4226517	4227056	+	fimI	1-540/540	===============	0/0	100.00	98.89	vfdb	NP_757242	(fimI) Fimbrin-like protein fimI precursor [Type 1 fimbriae (VF0221)] [Escherichia coli CFT073]	
AI-5395_11_11_assembly.fasta	AI-5395_11_11_1	4227093	4227818	+	fimC	1-726/726	===============	0/0	100.00	98.48	vfdb	NP_757243	(fimC) Chaperone protein fimC precursor [Type 1 fimbriae (VF0221)] [Escherichia coli CFT073]	
AI-5395_11_11_assembly.fasta	AI-5395_11_11_1	4227885	4230521	+	fimD	1-2637/2637	===============	0/0	100.00	98.75	vfdb	NP_757244	(fimD) Outer membrane usher protein fimD precursor [Type 1 fimbriae (VF0221)] [Escherichia coli CFT073]	
AI-5395_11_11_assembly.fasta	AI-5395_11_11_1	4230528	4231061	+	fimF	1-534/534	===============	0/0	100.00	97.94	vfdb	NP_757245	(fimF) FimF protein precursor [Type 1 fimbriae (VF0221)] [Escherichia coli CFT073]	
AI-5395_11_11_assembly.fasta	AI-5395_11_11_1	4231074	4231577	+	fimG	1-504/504	===============	0/0	100.00	97.82	vfdb	NP_757247	(fimG) FimG protein precursor [Type 1 fimbriae (VF0221)] [Escherichia coli CFT073]	
AI-5395_11_11_assembly.fasta	AI-5395_11_11_1	4231588	4232499	+	fimH	1-912/912	===============	0/0	100.00	97.26	vfdb	NP_757248	(fimH) FimH protein precursor [Type 1 fimbriae (VF0221)] [Escherichia coli CFT073]	
AI-5395_11_11_assembly.fasta	AI-5395_11_11_1	4362208	4363628	-	espX1	1-1422/1422	========/======	1/1	99.93	95.22	vfdb	NP_285716	(espX1) Type III secretion system effector EspX1 [LEE encoded T3SS (SS020)] [Escherichia coli O157:H7 str. EDL933]	
AI-5395_11_11_assembly.fasta	AI-5395_11_11_1	4665937	4666690	-	yagV/ecpE	1-754/756	===============	0/0	99.74	96.82	vfdb	NP_286006	(yagV/ecpE) E. coli common pilus chaperone EcpE [ECP (VF0404)] [Escherichia coli O157:H7 str. EDL933]	
AI-5395_11_11_assembly.fasta	AI-5395_11_11_1	4666614	4668257	-	yagW/ecpD	1-1644/1644	===============	0/0	100.00	98.97	vfdb	NP_286007	(yagW/ecpD) polymerized tip adhesin of ECP fibers [ECP (VF0404)] [Escherichia coli O157:H7 str. EDL933]	
AI-5395_11_11_assembly.fasta	AI-5395_11_11_1	4668247	4670772	-	yagX/ecpC	1-2526/2526	===============	0/0	100.00	99.05	vfdb	NP_286008	(yagX/ecpC) E. coli common pilus usher EcpC [ECP (VF0404)] [Escherichia coli O157:H7 str. EDL933]	
AI-5395_11_11_assembly.fasta	AI-5395_11_11_1	4670798	4671466	-	yagY/ecpB	1-669/669	===============	0/0	100.00	99.25	vfdb	NP_286009	(yagY/ecpB) E. coli common pilus chaperone EcpB [ECP (VF0404)] [Escherichia coli O157:H7 str. EDL933]	
AI-5395_11_11_assembly.fasta	AI-5395_11_11_1	4671524	4672111	-	yagZ/ecpA	1-588/588	===============	0/0	100.00	98.98	vfdb	NP_286010	(yagZ/ecpA) E. coli common pilus structural subunit EcpA [ECP (VF0404)] [Escherichia coli O157:H7 str. EDL933]	
AI-5395_11_11_assembly.fasta	AI-5395_11_11_1	4672186	4672776	-	ykgK/ecpR	1-591/591	===============	0/0	100.00	96.95	vfdb	NP_286011	(ykgK/ecpR) regulator protein EcpR [ECP (VF0404)] [Escherichia coli O157:H7 str. EDL933]	
AI-5395_11_11_assembly.fasta	AI-5395_11_11_1	4675798	4680046	+	fdeC	1-4246/4251	========/======	1/3	99.88	94.19	vfdb	YP_002390132	(fdeC) adhesin FdeC [FdeC (VF0506)] [Escherichia coli O45:K1:H7 str. S88]	
AI-5395_12_12_assembly.fasta	AI-5395_12_12_1	320030	320776	-	entA	1-747/747	===============	0/0	100.00	95.05	vfdb	NP_752614	(entA) 23-dihydro-23-dihydroxybenzoate dehydrogenase [Enterobactin (VF0228)] [Escherichia coli CFT073]	
AI-5395_12_12_assembly.fasta	AI-5395_12_12_1	320776	321633	-	entB	1-858/858	===============	0/0	100.00	97.67	vfdb	NP_752613	(entB) isochorismatase [Enterobactin (VF0228)] [Escherichia coli CFT073]	
AI-5395_12_12_assembly.fasta	AI-5395_12_12_1	321647	323257	-	entE	1-1611/1611	===============	0/0	100.00	95.78	vfdb	NP_752612	(entE) 23-dihydroxybenzoate-AMP ligase component of enterobactin synthase multienzyme complex [Enterobactin (VF0228)] [Escherichia coli CFT073]	
AI-5395_12_12_assembly.fasta	AI-5395_12_12_1	323267	324454	-	entC	1-1188/1188	===============	0/0	100.00	97.90	vfdb	NP_752611	(entC) isochorismate synthase 1 [Enterobactin (VF0228)] [Escherichia coli CFT073]	
AI-5395_12_12_assembly.fasta	AI-5395_12_12_1	324631	325587	+	fepB	1-957/957	===============	0/0	100.00	97.39	vfdb	NP_752610	(fepB) ferrienterobactin ABC transporter periplasmic binding protein [Enterobactin (VF0228)] [Escherichia coli CFT073]	
AI-5395_12_12_assembly.fasta	AI-5395_12_12_1	325591	326841	-	entS	1-1251/1251	===============	0/0	100.00	95.60	vfdb	NP_752609	(entS) enterobactin exporter iron-regulated [enterobactin (IA019)] [Escherichia coli CFT073]	
AI-5395_12_12_assembly.fasta	AI-5395_12_12_1	326940	327956	+	fepD	1-1017/1017	===============	0/0	100.00	95.77	vfdb	NP_752608	(fepD) ferrienterobactin ABC transporter permease [Enterobactin (VF0228)] [Escherichia coli CFT073]	
AI-5395_12_12_assembly.fasta	AI-5395_12_12_1	327953	328945	+	fepG	1-993/993	===============	0/0	100.00	94.46	vfdb	NP_752607	(fepG) iron-enterobactin ABC transporter permease [Enterobactin (VF0228)] [Escherichia coli CFT073]	
AI-5395_12_12_assembly.fasta	AI-5395_12_12_1	328942	329757	+	fepC	1-816/816	===============	0/0	100.00	96.94	vfdb	NP_752606	(fepC) ferrienterobactin ABC transporter ATPase [Enterobactin (VF0228)] [Escherichia coli CFT073]	
AI-5395_12_12_assembly.fasta	AI-5395_12_12_1	331156	334985	-	entF	1-3830/3882	===============	0/0	98.66	95.93	vfdb	NP_752604	(entF) enterobactin synthase multienzyme complex component ATP-dependent [Enterobactin (VF0228)] [Escherichia coli CFT073]	
AI-5395_12_12_assembly.fasta	AI-5395_12_12_1	335203	336405	-	fes	1-1203/1203	===============	0/0	100.00	96.84	vfdb	NP_752602	(fes) enterobactin/ferric enterobactin esterase [enterobactin (IA019)] [Escherichia coli CFT073]	
AI-5395_12_12_assembly.fasta	AI-5395_12_12_1	336648	338888	+	fepA	1-2241/2241	===============	0/0	100.00	97.59	vfdb	NP_752600	(fepA) ferrienterobactin outer membrane transporter [Enterobactin (VF0228)] [Escherichia coli CFT073]	
AI-5395_12_12_assembly.fasta	AI-5395_12_12_1	338913	339683	+	entD	1-771/771	===============	0/0	100.00	94.42	vfdb	NP_752599	(entD) phosphopantetheinyl transferase component of enterobactin synthase multienzyme complex [Enterobactin (VF0228)] [Escherichia coli CFT073]	
AI-5395_12_12_assembly.fasta	AI-5395_12_12_1	685099	689324	-	fdeC	1-4229/4251	========/======	1/3	99.41	91.63	vfdb	YP_002390132	(fdeC) adhesin FdeC [FdeC (VF0506)] [Escherichia coli O45:K1:H7 str. S88]	
AI-5395_12_12_assembly.fasta	AI-5395_12_12_1	692344	692934	+	ykgK/ecpR	1-591/591	===============	0/0	100.00	97.46	vfdb	NP_286011	(ykgK/ecpR) regulator protein EcpR [ECP (VF0404)] [Escherichia coli O157:H7 str. EDL933]	
AI-5395_12_12_assembly.fasta	AI-5395_12_12_1	693009	693596	+	yagZ/ecpA	1-588/588	===============	0/0	100.00	99.32	vfdb	NP_286010	(yagZ/ecpA) E. coli common pilus structural subunit EcpA [ECP (VF0404)] [Escherichia coli O157:H7 str. EDL933]	
AI-5395_12_12_assembly.fasta	AI-5395_12_12_1	693654	694322	+	yagY/ecpB	1-669/669	===============	0/0	100.00	98.66	vfdb	NP_286009	(yagY/ecpB) E. coli common pilus chaperone EcpB [ECP (VF0404)] [Escherichia coli O157:H7 str. EDL933]	
AI-5395_12_12_assembly.fasta	AI-5395_12_12_1	694348	696873	+	yagX/ecpC	1-2526/2526	===============	0/0	100.00	98.65	vfdb	NP_286008	(yagX/ecpC) E. coli common pilus usher EcpC [ECP (VF0404)] [Escherichia coli O157:H7 str. EDL933]	
AI-5395_12_12_assembly.fasta	AI-5395_12_12_1	696863	698506	+	yagW/ecpD	1-1644/1644	===============	0/0	100.00	98.60	vfdb	NP_286007	(yagW/ecpD) polymerized tip adhesin of ECP fibers [ECP (VF0404)] [Escherichia coli O157:H7 str. EDL933]	
AI-5395_12_12_assembly.fasta	AI-5395_12_12_1	698430	699183	+	yagV/ecpE	1-754/756	===============	0/0	99.74	96.68	vfdb	NP_286006	(yagV/ecpE) E. coli common pilus chaperone EcpE [ECP (VF0404)] [Escherichia coli O157:H7 str. EDL933]	
AI-5395_12_12_assembly.fasta	AI-5395_12_12_1	1024649	1026070	+	espX1	1-1422/1422	===============	0/0	100.00	94.80	vfdb	NP_285716	(espX1) Type III secretion system effector EspX1 [LEE encoded T3SS (SS020)] [Escherichia coli O157:H7 str. EDL933]	
AI-5395_12_12_assembly.fasta	AI-5395_12_12_1	1145305	1146216	-	fimH	1-912/912	===============	0/0	100.00	97.59	vfdb	NP_757248	(fimH) FimH protein precursor [Type 1 fimbriae (VF0221)] [Escherichia coli CFT073]	
AI-5395_12_12_assembly.fasta	AI-5395_12_12_1	1146227	1146730	-	fimG	1-504/504	===============	0/0	100.00	97.82	vfdb	NP_757247	(fimG) FimG protein precursor [Type 1 fimbriae (VF0221)] [Escherichia coli CFT073]	
AI-5395_12_12_assembly.fasta	AI-5395_12_12_1	1146743	1147276	-	fimF	1-534/534	===============	0/0	100.00	96.63	vfdb	NP_757245	(fimF) FimF protein precursor [Type 1 fimbriae (VF0221)] [Escherichia coli CFT073]	
AI-5395_12_12_assembly.fasta	AI-5395_12_12_1	1147283	1149919	-	fimD	1-2637/2637	===============	0/0	100.00	98.56	vfdb	NP_757244	(fimD) Outer membrane usher protein fimD precursor [Type 1 fimbriae (VF0221)] [Escherichia coli CFT073]	
AI-5395_12_12_assembly.fasta	AI-5395_12_12_1	1149986	1150711	-	fimC	1-726/726	===============	0/0	100.00	98.21	vfdb	NP_757243	(fimC) Chaperone protein fimC precursor [Type 1 fimbriae (VF0221)] [Escherichia coli CFT073]	
AI-5395_12_12_assembly.fasta	AI-5395_12_12_1	1150748	1151287	-	fimI	1-540/540	===============	0/0	100.00	98.89	vfdb	NP_757242	(fimI) Fimbrin-like protein fimI precursor [Type 1 fimbriae (VF0221)] [Escherichia coli CFT073]	
AI-5395_12_12_assembly.fasta	AI-5395_12_12_1	1151352	1151957	-	fimA	1-606/606	===============	0/0	100.00	90.92	vfdb	NP_757241	(fimA) Type-1 fimbrial protein A chain precursor [Type 1 fimbriae (VF0221)] [Escherichia coli CFT073]	
AI-5395_12_12_assembly.fasta	AI-5395_12_12_1	1152381	1152977	-	fimE	1-597/597	===============	0/0	100.00	99.16	vfdb	NP_757240	(fimE) Type 1 fimbriae Regulatory protein fimE [Type 1 fimbriae (VF0221)] [Escherichia coli CFT073]	
AI-5395_12_12_assembly.fasta	AI-5395_12_12_1	1153455	1154057	-	fimB	1-603/603	===============	0/0	100.00	97.84	vfdb	NP_757239	(fimB) Type 1 fimbriae Regulatory protein fimB [Type 1 fimbriae (VF0221)] [Escherichia coli CFT073]	
AI-5395_12_12_assembly.fasta	AI-5395_12_12_1	1386000	1387292	+	espX5	1-1293/1293	===============	0/0	100.00	95.67	vfdb	NP_290699	(espX5) Type III secretion system effector EspX5 [LEE encoded T3SS (SS020)] [Escherichia coli O157:H7 str. EDL933]	
AI-5395_12_12_assembly.fasta	AI-5395_12_12_1	1416823	1418403	-	espX4	1-1581/1581	========/======	2/2	99.94	92.86	vfdb	NP_290672	(espX4) Type III secretion system effector EspX4 [LEE encoded T3SS (SS020)] [Escherichia coli O157:H7 str. EDL933]	
AI-5395_12_12_assembly.fasta	AI-5395_12_12_1	2567409	2568239	+	gspC	1-831/831	===============	0/0	100.00	95.07	vfdb	YP_404599	(gspC) general secretion pathway protein C [T2SS (VF0333)] [Shigella dysenteriae Sd197]	
AI-5395_12_12_assembly.fasta	AI-5395_12_12_1	2568479	2570329	+	gspD	1-1836/1836	========/======	1/15	100.00	97.57	vfdb	YP_404600	(gspD) general secretion pathway protein D [T2SS (VF0333)] [Shigella dysenteriae Sd197]	
AI-5395_12_12_assembly.fasta	AI-5395_12_12_1	2570329	2571822	+	gspE	1-1494/1494	===============	0/0	100.00	96.19	vfdb	YP_404601	(gspE) general secretion pathway protein E [T2SS (VF0333)] [Shigella dysenteriae Sd197]	
AI-5395_12_12_assembly.fasta	AI-5395_12_12_1	2571822	2573021	+	gspF	1-1200/1200	===============	0/0	100.00	96.17	vfdb	YP_404602	(gspF) general secretion pathway protein F [T2SS (VF0333)] [Shigella dysenteriae Sd197]	
AI-5395_12_12_assembly.fasta	AI-5395_12_12_1	2573062	2573517	+	gspG	1-456/456	===============	0/0	100.00	95.61	vfdb	YP_404603	(gspG) general secretion pathway protein G [T2SS (VF0333)] [Shigella dysenteriae Sd197]	
AI-5395_12_12_assembly.fasta	AI-5395_12_12_1	2573554	2574084	+	gspH	1-531/531	===============	0/0	100.00	96.05	vfdb	YP_404604	(gspH) general secretion pathway protein H [T2SS (VF0333)] [Shigella dysenteriae Sd197]	
AI-5395_12_12_assembly.fasta	AI-5395_12_12_1	2574081	2574452	+	gspI	1-372/372	===============	0/0	100.00	95.16	vfdb	YP_404605	(gspI) general secretion pathway protein I [T2SS (VF0333)] [Shigella dysenteriae Sd197]	
AI-5395_12_12_assembly.fasta	AI-5395_12_12_1	2574485	2575054	+	gspJ	1-570/570	===============	0/0	100.00	97.19	vfdb	YP_404606	(gspJ) general secretion pathway protein J [T2SS (VF0333)] [Shigella dysenteriae Sd197]	
AI-5395_12_12_assembly.fasta	AI-5395_12_12_1	2575051	2576028	+	gspK	1-978/978	===============	0/0	100.00	97.55	vfdb	YP_404607	(gspK) general secretion pathway protein K [T2SS (VF0333)] [Shigella dysenteriae Sd197]	
AI-5395_12_12_assembly.fasta	AI-5395_12_12_1	2576343	2577203	+	gspL	1-861/861	===============	0/0	100.00	97.21	vfdb	YP_404608	(gspL) general secretion pathway protein L [T2SS (VF0333)] [Shigella dysenteriae Sd197]	
AI-5395_12_12_assembly.fasta	AI-5395_12_12_1	2577319	2577741	+	gspM	1-423/423	===============	0/0	100.00	93.85	vfdb	YP_404609	(gspM) general secretion pathway protein M [T2SS (VF0333)] [Shigella dysenteriae Sd197]	
AI-5395_12_12_assembly.fasta	AI-5395_12_12_1	3068754	3068870	+	astA	1-117/117	===============	0/0	100.00	99.14	vfdb	BAA94855	(astA) heat-stable enterotoxin 1 [EAST1 (VF0216)] [Escherichia coli O44:H18 042]	
AI-5395_12_12_assembly.fasta	AI-5395_12_12_1	4086519	4088417	-	espL1	1-1899/1899	===============	0/0	100.00	94.79	vfdb	NP_288154	(espL1) Type III secretion system effector espL1 [LEE encoded T3SS (SS020)] [Escherichia coli O157:H7 str. EDL933]	
AI-5395_12_12_assembly.fasta	AI-5395_12_12_1	4379788	4380843	+	espR1	198-1253/1260	..=============	0/0	83.81	94.03	vfdb	NP_287686	(espR1) Type III secretion system effector espR1 [LEE encoded T3SS (SS020)] [Escherichia coli O157:H7 str. EDL933]	
AI-5395_12_12_assembly.fasta	AI-5395_12_12_1	4783597	4784052	-	csgB	1-456/456	========/======	2/2	99.78	83.81	vfdb	NP_460114	(csgB) minor curlin subunit precursor curli nucleator protein CsgB [Agf (VF0103)] [Salmonella enterica subsp. enterica serovar Typhimurium str. LT2]	
AI-5395_12_12_assembly.fasta	AI-5395_12_12_1	4784806	4785456	+	csgD	1-651/651	===============	0/0	100.00	81.11	vfdb	NP_460113	(csgD) DNA-binding transcriptional regulator CsgD [curli fibers/thin aggregative fimbriae (AGF) (AI094)] [Salmonella enterica subsp. enterica serovar Typhimurium str. LT2]	
AI-5395_12_12_assembly.fasta	AI-5395_12_12_1	4785875	4786291	+	csgF	1-417/417	========/======	3/8	99.04	81.23	vfdb	NP_460111	(csgF) curli production assembly/transport protein CsgF [Agf (VF0103)] [Salmonella enterica subsp. enterica serovar Typhimurium str. LT2]	
AI-5395_12_12_assembly.fasta	AI-5395_12_12_1	4786318	4787151	+	csgG	1-834/834	===============	0/0	100.00	83.09	vfdb	NP_460110	(csgG) curli production assembly/transport protein CsgG [Agf (VF0103)] [Salmonella enterica subsp. enterica serovar Typhimurium str. LT2]	
AI-5395_12_12_assembly.fasta	AI-5395_12_12_1	4866933	4867973	+	ompA	1-1041/1041	===============	0/0	100.00	98.08	vfdb	AAF37887	(ompA) outer membrane protein A [OmpA (VF0236)] [Escherichia coli O18:K1:H7 str. RS218]	
AI-5395_12_12_assembly.fasta	AI-5395_12_12_3	41846	44023	+	iroN	1-2178/2178	===============	0/0	100.00	99.08	vfdb	NP_753164	(iroN) salmochelin receptor IroN [IroN (VF0230)] [Escherichia coli CFT073]	
AI-5395_12_12_assembly.fasta	AI-5395_12_12_3	44068	45024	-	iroE	1-957/957	===============	0/0	100.00	99.48	vfdb	NP_753165	(iroE) esterase [Salmochelin (IA013)] [Escherichia coli CFT073]	
AI-5395_12_12_assembly.fasta	AI-5395_12_12_3	45109	46338	-	iroD	1-1230/1230	===============	0/0	100.00	99.11	vfdb	NP_753166	(iroD) esterase [Salmochelin (IA013)] [Escherichia coli CFT073]	
AI-5395_12_12_assembly.fasta	AI-5395_12_12_3	46442	50179	-	iroC	1-3738/3738	===============	0/0	100.00	99.25	vfdb	NP_753167	(iroC) ATP binding cassette transporter [Salmochelin (IA013)] [Escherichia coli CFT073]	
AI-5395_12_12_assembly.fasta	AI-5395_12_12_3	50242	51404	-	iroB	1-1163/1164	===============	0/0	99.91	98.37	vfdb	NP_753168	(iroB) glucosyltransferase IroB [Salmochelin (IA013)] [Escherichia coli CFT073]	
AI-5395_12_12_assembly.fasta	AI-5395_12_12_3	134297	136598	-	iutA	1-2280/2280	========/======	3/24	99.96	88.36	vfdb	NP_755498	(iutA) ferric aerobactin receptor precusor IutA [Aerobactin (VF0229)] [Escherichia coli CFT073]	
AI-5395_12_12_assembly.fasta	AI-5395_12_12_3	136536	137857	-	iucD	1-1323/1338	========/======	1/1	98.80	96.30	vfdb	NP_755499	(iucD) L-lysine 6-monooxygenase IucD [Aerobactin (VF0229)] [Escherichia coli CFT073]	
AI-5395_12_12_assembly.fasta	AI-5395_12_12_3	137854	139596	-	iucC	1-1743/1743	===============	0/0	100.00	96.04	vfdb	NP_755500	(iucC) aerobactin siderophore biosynthesis protein IucC [Aerobactin (VF0229)] [Escherichia coli CFT073]	
AI-5395_12_12_assembly.fasta	AI-5395_12_12_3	139596	140543	-	iucB	1-948/948	===============	0/0	100.00	95.57	vfdb	NP_755501	(iucB) aerobactin siderophore biosynthesis protein IucB [Aerobactin (VF0229)] [Escherichia coli CFT073]	
AI-5395_12_12_assembly.fasta	AI-5395_12_12_3	140544	142331	-	iucA	1-1788/1788	===============	0/0	100.00	94.24	vfdb	NP_755502	(iucA) aerobactin siderophore biosynthesis protein IucD [Aerobactin (VF0229)] [Escherichia coli CFT073]	
AI-5395_13_13_assembly.fasta	AI-5395_13_13_2	49176	53306	-	vat	1-4131/4131	===============	0/0	100.00	99.98	vfdb	NP_752330	(vat) Haemoglobin protease [Tsh (VF0233)] [Escherichia coli CFT073]	
AI-5395_13_13_assembly.fasta	AI-5395_13_13_2	56924	57677	-	yagV/ecpE	1-754/756	===============	0/0	99.74	97.08	vfdb	NP_286006	(yagV/ecpE) E. coli common pilus chaperone EcpE [ECP (VF0404)] [Escherichia coli O157:H7 str. EDL933]	
AI-5395_13_13_assembly.fasta	AI-5395_13_13_2	57601	59244	-	yagW/ecpD	1-1644/1644	===============	0/0	100.00	98.97	vfdb	NP_286007	(yagW/ecpD) polymerized tip adhesin of ECP fibers [ECP (VF0404)] [Escherichia coli O157:H7 str. EDL933]	
AI-5395_13_13_assembly.fasta	AI-5395_13_13_2	59234	61759	-	yagX/ecpC	1-2526/2526	===============	0/0	100.00	97.62	vfdb	NP_286008	(yagX/ecpC) E. coli common pilus usher EcpC [ECP (VF0404)] [Escherichia coli O157:H7 str. EDL933]	
AI-5395_13_13_assembly.fasta	AI-5395_13_13_2	61785	62453	-	yagY/ecpB	1-669/669	===============	0/0	100.00	98.21	vfdb	NP_286009	(yagY/ecpB) E. coli common pilus chaperone EcpB [ECP (VF0404)] [Escherichia coli O157:H7 str. EDL933]	
AI-5395_13_13_assembly.fasta	AI-5395_13_13_2	62510	63097	-	yagZ/ecpA	1-588/588	===============	0/0	100.00	98.30	vfdb	NP_286010	(yagZ/ecpA) E. coli common pilus structural subunit EcpA [ECP (VF0404)] [Escherichia coli O157:H7 str. EDL933]	
AI-5395_13_13_assembly.fasta	AI-5395_13_13_2	63172	63762	-	ykgK/ecpR	1-591/591	===============	0/0	100.00	99.32	vfdb	NP_286011	(ykgK/ecpR) regulator protein EcpR [ECP (VF0404)] [Escherichia coli O157:H7 str. EDL933]	
AI-5395_13_13_assembly.fasta	AI-5395_13_13_2	70106	74353	+	fdeC	1-4251/4251	========/======	1/3	99.93	97.84	vfdb	YP_002390132	(fdeC) adhesin FdeC [FdeC (VF0506)] [Escherichia coli O45:K1:H7 str. S88]	
AI-5395_13_13_assembly.fasta	AI-5395_13_13_2	349716	350486	-	entD	1-771/771	===============	0/0	100.00	94.03	vfdb	NP_752599	(entD) phosphopantetheinyl transferase component of enterobactin synthase multienzyme complex [Enterobactin (VF0228)] [Escherichia coli CFT073]	
AI-5395_13_13_assembly.fasta	AI-5395_13_13_2	350511	352750	-	fepA	1-2241/2241	========/======	1/1	99.96	96.88	vfdb	NP_752600	(fepA) ferrienterobactin outer membrane transporter [Enterobactin (VF0228)] [Escherichia coli CFT073]	
AI-5395_13_13_assembly.fasta	AI-5395_13_13_2	352993	354195	+	fes	1-1203/1203	===============	0/0	100.00	96.18	vfdb	NP_752602	(fes) enterobactin/ferric enterobactin esterase [enterobactin (IA019)] [Escherichia coli CFT073]	
AI-5395_13_13_assembly.fasta	AI-5395_13_13_2	354413	358266	+	entF	1-3854/3882	===============	0/0	99.28	95.07	vfdb	NP_752604	(entF) enterobactin synthase multienzyme complex component ATP-dependent [Enterobactin (VF0228)] [Escherichia coli CFT073]	
AI-5395_13_13_assembly.fasta	AI-5395_13_13_2	359640	360455	-	fepC	1-816/816	===============	0/0	100.00	98.16	vfdb	NP_752606	(fepC) ferrienterobactin ABC transporter ATPase [Enterobactin (VF0228)] [Escherichia coli CFT073]	
AI-5395_13_13_assembly.fasta	AI-5395_13_13_2	360452	361444	-	fepG	1-993/993	===============	0/0	100.00	95.06	vfdb	NP_752607	(fepG) iron-enterobactin ABC transporter permease [Enterobactin (VF0228)] [Escherichia coli CFT073]	
AI-5395_13_13_assembly.fasta	AI-5395_13_13_2	361441	362457	-	fepD	1-1017/1017	===============	0/0	100.00	95.77	vfdb	NP_752608	(fepD) ferrienterobactin ABC transporter permease [Enterobactin (VF0228)] [Escherichia coli CFT073]	
AI-5395_13_13_assembly.fasta	AI-5395_13_13_2	362556	363806	+	entS	1-1251/1251	===============	0/0	100.00	95.92	vfdb	NP_752609	(entS) enterobactin exporter iron-regulated [enterobactin (IA019)] [Escherichia coli CFT073]	
AI-5395_13_13_assembly.fasta	AI-5395_13_13_2	363810	364766	-	fepB	1-957/957	===============	0/0	100.00	97.28	vfdb	NP_752610	(fepB) ferrienterobactin ABC transporter periplasmic binding protein [Enterobactin (VF0228)] [Escherichia coli CFT073]	
AI-5395_13_13_assembly.fasta	AI-5395_13_13_2	364943	366130	+	entC	1-1188/1188	===============	0/0	100.00	96.89	vfdb	NP_752611	(entC) isochorismate synthase 1 [Enterobactin (VF0228)] [Escherichia coli CFT073]	
AI-5395_13_13_assembly.fasta	AI-5395_13_13_2	366140	367750	+	entE	1-1611/1611	===============	0/0	100.00	97.52	vfdb	NP_752612	(entE) 23-dihydroxybenzoate-AMP ligase component of enterobactin synthase multienzyme complex [Enterobactin (VF0228)] [Escherichia coli CFT073]	
AI-5395_13_13_assembly.fasta	AI-5395_13_13_2	367764	368621	+	entB	1-858/858	===============	0/0	100.00	98.60	vfdb	NP_752613	(entB) isochorismatase [Enterobactin (VF0228)] [Escherichia coli CFT073]	
AI-5395_13_13_assembly.fasta	AI-5395_13_13_2	368621	369367	+	entA	1-747/747	===============	0/0	100.00	96.12	vfdb	NP_752614	(entA) 23-dihydro-23-dihydroxybenzoate dehydrogenase [Enterobactin (VF0228)] [Escherichia coli CFT073]	
AI-5395_13_13_assembly.fasta	AI-5395_13_13_2	801425	802465	-	ompA	1-1041/1041	===============	0/0	100.00	98.94	vfdb	AAF37887	(ompA) outer membrane protein A [OmpA (VF0236)] [Escherichia coli O18:K1:H7 str. RS218]	
AI-5395_13_13_assembly.fasta	AI-5395_13_13_2	871558	872391	-	csgG	1-834/834	===============	0/0	100.00	83.57	vfdb	NP_460110	(csgG) curli production assembly/transport protein CsgG [Agf (VF0103)] [Salmonella enterica subsp. enterica serovar Typhimurium str. LT2]	
AI-5395_13_13_assembly.fasta	AI-5395_13_13_2	872418	872834	-	csgF	1-417/417	========/======	3/8	99.04	80.76	vfdb	NP_460111	(csgF) curli production assembly/transport protein CsgF [Agf (VF0103)] [Salmonella enterica subsp. enterica serovar Typhimurium str. LT2]	
AI-5395_13_13_assembly.fasta	AI-5395_13_13_2	873253	873903	-	csgD	1-651/651	===============	0/0	100.00	81.72	vfdb	NP_460113	(csgD) DNA-binding transcriptional regulator CsgD [curli fibers/thin aggregative fimbriae (AGF) (AI094)] [Salmonella enterica subsp. enterica serovar Typhimurium str. LT2]	
AI-5395_13_13_assembly.fasta	AI-5395_13_13_2	874657	875112	+	csgB	1-456/456	========/======	2/2	99.78	83.37	vfdb	NP_460114	(csgB) minor curlin subunit precursor curli nucleator protein CsgB [Agf (VF0103)] [Salmonella enterica subsp. enterica serovar Typhimurium str. LT2]	
AI-5395_13_13_assembly.fasta	AI-5395_13_13_2	1540127	1542025	+	espL1	1-1899/1899	===============	0/0	100.00	96.47	vfdb	NP_288154	(espL1) Type III secretion system effector espL1 [LEE encoded T3SS (SS020)] [Escherichia coli O157:H7 str. EDL933]	
AI-5395_13_13_assembly.fasta	AI-5395_13_13_2	1862622	1863926	-	ybtS	1-1305/1305	===============	0/0	100.00	99.39	vfdb	NP_405477	(ybtS) salicylate synthase Irp9 [Yersiniabactin (VF0136)] [Yersinia pestis CO92]	
AI-5395_13_13_assembly.fasta	AI-5395_13_13_2	1863954	1865234	-	ybtX	1-1281/1281	===============	0/0	100.00	99.38	vfdb	NP_405476	(ybtX) putative signal transducer [Yersiniabactin (VF0136)] [Yersinia pestis CO92]	
AI-5395_13_13_assembly.fasta	AI-5395_13_13_2	1865227	1867029	-	ybtQ	1-1803/1803	===============	0/0	100.00	99.78	vfdb	NP_405475	(ybtQ) inner membrane ABC-transporter YbtQ [Yersiniabactin (VF0136)] [Yersinia pestis CO92]	
AI-5395_13_13_assembly.fasta	AI-5395_13_13_2	1867016	1868818	-	ybtP	1-1803/1803	===============	0/0	100.00	99.67	vfdb	NP_405474	(ybtP) lipoprotein inner membrane ABC-transporter [Yersiniabactin (VF0136)] [Yersinia pestis CO92]	
AI-5395_13_13_assembly.fasta	AI-5395_13_13_2	1868985	1869944	+	ybtA	1-960/960	===============	0/0	100.00	99.58	vfdb	NP_405473	(ybtA) transcriptional regulator YbtA [Yersiniabactin (VF0136)] [Yersinia pestis CO92]	
AI-5395_13_13_assembly.fasta	AI-5395_13_13_2	1870135	1876241	+	irp2	1-6108/6108	========/======	1/1	99.98	99.62	vfdb	NP_405472	(irp2) yersiniabactin biosynthetic protein Irp2 [Yersiniabactin (VF0136)] [Yersinia pestis CO92]	
AI-5395_13_13_assembly.fasta	AI-5395_13_13_2	1876329	1885820	+	irp1	1-9492/9492	===============	0/0	100.00	99.70	vfdb	NP_405471	(irp1) yersiniabactin biosynthetic protein Irp1 [Yersiniabactin (VF0136)] [Yersinia pestis CO92]	
AI-5395_13_13_assembly.fasta	AI-5395_13_13_2	1885817	1886917	+	ybtU	1-1101/1101	===============	0/0	100.00	99.82	vfdb	NP_405470	(ybtU) yersiniabactin biosynthetic protein YbtU [Yersiniabactin (VF0136)] [Yersinia pestis CO92]	
AI-5395_13_13_assembly.fasta	AI-5395_13_13_2	1886914	1887717	+	ybtT	1-804/804	===============	0/0	100.00	99.88	vfdb	NP_405469	(ybtT) yersiniabactin biosynthetic protein YbtT [Yersiniabactin (VF0136)] [Yersinia pestis CO92]	
AI-5395_13_13_assembly.fasta	AI-5395_13_13_2	1887721	1889298	+	ybtE	1-1578/1578	===============	0/0	100.00	99.75	vfdb	NP_405468	(ybtE) yersiniabactin siderophore biosynthetic protein [Yersiniabactin (VF0136)] [Yersinia pestis CO92]	
AI-5395_13_13_assembly.fasta	AI-5395_13_13_2	1889429	1891450	+	fyuA	1-2022/2022	===============	0/0	100.00	99.80	vfdb	NP_405467	(fyuA) pesticin/yersiniabactin receptor protein [Yersiniabactin (VF0136)] [Yersinia pestis CO92]	
AI-5395_13_13_assembly.fasta	AI-5395_13_13_2	2933142	2933564	-	gspM	1-423/423	===============	0/0	100.00	92.44	vfdb	YP_404609	(gspM) general secretion pathway protein M [T2SS (VF0333)] [Shigella dysenteriae Sd197]	
AI-5395_13_13_assembly.fasta	AI-5395_13_13_2	2933680	2934540	-	gspL	1-861/861	===============	0/0	100.00	93.50	vfdb	YP_404608	(gspL) general secretion pathway protein L [T2SS (VF0333)] [Shigella dysenteriae Sd197]	
AI-5395_13_13_assembly.fasta	AI-5395_13_13_2	2934855	2935832	-	gspK	1-978/978	===============	0/0	100.00	96.73	vfdb	YP_404607	(gspK) general secretion pathway protein K [T2SS (VF0333)] [Shigella dysenteriae Sd197]	
AI-5395_13_13_assembly.fasta	AI-5395_13_13_2	2935829	2936398	-	gspJ	1-570/570	===============	0/0	100.00	95.79	vfdb	YP_404606	(gspJ) general secretion pathway protein J [T2SS (VF0333)] [Shigella dysenteriae Sd197]	
AI-5395_13_13_assembly.fasta	AI-5395_13_13_2	2936431	2936802	-	gspI	1-372/372	===============	0/0	100.00	94.09	vfdb	YP_404605	(gspI) general secretion pathway protein I [T2SS (VF0333)] [Shigella dysenteriae Sd197]	
AI-5395_13_13_assembly.fasta	AI-5395_13_13_2	2936799	2937329	-	gspH	1-531/531	===============	0/0	100.00	96.61	vfdb	YP_404604	(gspH) general secretion pathway protein H [T2SS (VF0333)] [Shigella dysenteriae Sd197]	
AI-5395_13_13_assembly.fasta	AI-5395_13_13_2	2937366	2937821	-	gspG	1-456/456	===============	0/0	100.00	98.25	vfdb	YP_404603	(gspG) general secretion pathway protein G [T2SS (VF0333)] [Shigella dysenteriae Sd197]	
AI-5395_13_13_assembly.fasta	AI-5395_13_13_2	2937862	2939061	-	gspF	1-1200/1200	===============	0/0	100.00	94.42	vfdb	YP_404602	(gspF) general secretion pathway protein F [T2SS (VF0333)] [Shigella dysenteriae Sd197]	
AI-5395_13_13_assembly.fasta	AI-5395_13_13_2	2939061	2940554	-	gspE	1-1494/1494	===============	0/0	100.00	93.91	vfdb	YP_404601	(gspE) general secretion pathway protein E [T2SS (VF0333)] [Shigella dysenteriae Sd197]	
AI-5395_13_13_assembly.fasta	AI-5395_13_13_2	2940554	2942404	-	gspD	1-1836/1836	========/======	1/15	100.00	94.11	vfdb	YP_404600	(gspD) general secretion pathway protein D [T2SS (VF0333)] [Shigella dysenteriae Sd197]	
AI-5395_13_13_assembly.fasta	AI-5395_13_13_2	2942644	2943474	-	gspC	1-831/831	===============	0/0	100.00	93.62	vfdb	YP_404599	(gspC) general secretion pathway protein C [T2SS (VF0333)] [Shigella dysenteriae Sd197]	
AI-5395_13_13_assembly.fasta	AI-5395_13_13_2	3429648	3430448	-	chuV	1-801/801	===============	0/0	100.00	98.38	vfdb	NP_756180	(chuV) ATP-binding hydrophilic protein ChuV [Chu (VF0227)] [Escherichia coli CFT073]	
AI-5395_13_13_assembly.fasta	AI-5395_13_13_2	3430415	3431407	-	chuU	1-993/993	===============	0/0	100.00	99.09	vfdb	NP_756179	(chuU) heme permease protein ChuU [Chu (VF0227)] [Escherichia coli CFT073]	
AI-5395_13_13_assembly.fasta	AI-5395_13_13_2	3431456	3432079	-	chuY	1-624/624	===============	0/0	100.00	96.31	vfdb	NP_756178	(chuY) ChuY [Chu (VF0227)] [Escherichia coli CFT073]	
AI-5395_13_13_assembly.fasta	AI-5395_13_13_2	3432079	3432573	-	shuX	1-495/495	===============	0/0	100.00	96.57	vfdb	YP_405016	(shuX) shu locus protein ShuX [Shu (VF0256)] [Shigella dysenteriae Sd197]	
AI-5395_13_13_assembly.fasta	AI-5395_13_13_2	3432586	3433923	-	chuW	1-1338/1338	===============	0/0	100.00	98.28	vfdb	NP_756176	(chuW) Putative oxygen independent coproporphyrinogen III oxidase [Chu (VF0227)] [Escherichia coli CFT073]	
AI-5395_13_13_assembly.fasta	AI-5395_13_13_2	3433943	3434935	-	chuT	1-993/993	===============	0/0	100.00	98.19	vfdb	NP_756175	(chuT) periplasmic heme-binding protein ChuT [Chu (VF0227)] [Escherichia coli CFT073]	
AI-5395_13_13_assembly.fasta	AI-5395_13_13_2	3435541	3437523	+	shuA	1-1983/1983	===============	0/0	100.00	98.64	vfdb	YP_405019	(shuA) outer membrane heme/hemoglobin receptor ShuA [Shu (VF0256)] [Shigella dysenteriae Sd197]	
AI-5395_13_13_assembly.fasta	AI-5395_13_13_2	3437572	3438600	+	shuS	1-1029/1029	===============	0/0	100.00	97.67	vfdb	YP_405020	(shuS) heme/hemoglobin transport protein ShuS [Shu (VF0256)] [Shigella dysenteriae Sd197]	
AI-5395_13_13_assembly.fasta	AI-5395_13_13_2	3917974	3919402	-	aslA	1-1428/1428	========/======	1/1	100.00	97.62	vfdb	AAG10151	(aslA) putative arylsulfatase [AslA (VF0238)] [Escherichia coli O18:K1:H7 str. RS218]	
AI-5395_13_13_assembly.fasta	AI-5395_13_13_2	4349834	4350054	-	papI	1-221/234	===============	0/0	94.44	98.64	vfdb	NP_755468	(papI) regulatory protein PapI [P fimbriae (VF0220)] [Escherichia coli CFT073]	
AI-5395_13_13_assembly.fasta	AI-5395_13_13_2	4350477	4350789	+	papB	1-313/315	===============	0/0	99.37	99.04	vfdb		(papB) regulatory protein PapB [P fimbriae (VF0220)] [Escherichia coli CFT073]	
AI-5395_13_13_assembly.fasta	AI-5395_13_13_2	4536247	4536849	+	fimB	1-603/603	===============	0/0	100.00	98.18	vfdb	NP_757239	(fimB) Type 1 fimbriae Regulatory protein fimB [Type 1 fimbriae (VF0221)] [Escherichia coli CFT073]	
AI-5395_13_13_assembly.fasta	AI-5395_13_13_2	4537327	4537923	+	fimE	1-597/597	===============	0/0	100.00	98.83	vfdb	NP_757240	(fimE) Type 1 fimbriae Regulatory protein fimE [Type 1 fimbriae (VF0221)] [Escherichia coli CFT073]	
AI-5395_13_13_assembly.fasta	AI-5395_13_13_2	4538348	4538953	+	fimA	1-606/606	===============	0/0	100.00	90.76	vfdb	NP_757241	(fimA) Type-1 fimbrial protein A chain precursor [Type 1 fimbriae (VF0221)] [Escherichia coli CFT073]	
AI-5395_13_13_assembly.fasta	AI-5395_13_13_2	4539018	4539557	+	fimI	1-540/540	===============	0/0	100.00	99.07	vfdb	NP_757242	(fimI) Fimbrin-like protein fimI precursor [Type 1 fimbriae (VF0221)] [Escherichia coli CFT073]	
AI-5395_13_13_assembly.fasta	AI-5395_13_13_2	4539594	4540319	+	fimC	1-726/726	===============	0/0	100.00	98.76	vfdb	NP_757243	(fimC) Chaperone protein fimC precursor [Type 1 fimbriae (VF0221)] [Escherichia coli CFT073]	
AI-5395_13_13_assembly.fasta	AI-5395_13_13_2	4540386	4543022	+	fimD	1-2637/2637	===============	0/0	100.00	98.67	vfdb	NP_757244	(fimD) Outer membrane usher protein fimD precursor [Type 1 fimbriae (VF0221)] [Escherichia coli CFT073]	
AI-5395_13_13_assembly.fasta	AI-5395_13_13_2	4543029	4543562	+	fimF	1-534/534	===============	0/0	100.00	97.75	vfdb	NP_757245	(fimF) FimF protein precursor [Type 1 fimbriae (VF0221)] [Escherichia coli CFT073]	
AI-5395_13_13_assembly.fasta	AI-5395_13_13_2	4543575	4544078	+	fimG	1-504/504	===============	0/0	100.00	98.21	vfdb	NP_757247	(fimG) FimG protein precursor [Type 1 fimbriae (VF0221)] [Escherichia coli CFT073]	
AI-5395_13_13_assembly.fasta	AI-5395_13_13_2	4544089	4545000	+	fimH	1-912/912	===============	0/0	100.00	96.82	vfdb	NP_757248	(fimH) FimH protein precursor [Type 1 fimbriae (VF0221)] [Escherichia coli CFT073]	
AI-5395_13_13_assembly.fasta	AI-5395_13_13_4	33420	35597	+	iroN	1-2178/2178	===============	0/0	100.00	99.08	vfdb	NP_753164	(iroN) salmochelin receptor IroN [IroN (VF0230)] [Escherichia coli CFT073]	
AI-5395_13_13_assembly.fasta	AI-5395_13_13_4	35642	36598	-	iroE	1-957/957	===============	0/0	100.00	99.69	vfdb	NP_753165	(iroE) esterase [Salmochelin (IA013)] [Escherichia coli CFT073]	
AI-5395_13_13_assembly.fasta	AI-5395_13_13_4	36683	37912	-	iroD	1-1230/1230	===============	0/0	100.00	98.94	vfdb	NP_753166	(iroD) esterase [Salmochelin (IA013)] [Escherichia coli CFT073]	
AI-5395_13_13_assembly.fasta	AI-5395_13_13_4	38016	41753	-	iroC	1-3738/3738	===============	0/0	100.00	99.17	vfdb	NP_753167	(iroC) ATP binding cassette transporter [Salmochelin (IA013)] [Escherichia coli CFT073]	
AI-5395_13_13_assembly.fasta	AI-5395_13_13_4	41816	42978	-	iroB	1-1163/1164	===============	0/0	99.91	98.37	vfdb	NP_753168	(iroB) glucosyltransferase IroB [Salmochelin (IA013)] [Escherichia coli CFT073]	
AI-5395_13_13_assembly.fasta	AI-5395_13_13_4	85770	87557	+	iucA	1-1788/1788	===============	0/0	100.00	94.24	vfdb	NP_755502	(iucA) aerobactin siderophore biosynthesis protein IucD [Aerobactin (VF0229)] [Escherichia coli CFT073]	
AI-5395_13_13_assembly.fasta	AI-5395_13_13_4	87558	88505	+	iucB	1-948/948	===============	0/0	100.00	95.57	vfdb	NP_755501	(iucB) aerobactin siderophore biosynthesis protein IucB [Aerobactin (VF0229)] [Escherichia coli CFT073]	
AI-5395_13_13_assembly.fasta	AI-5395_13_13_4	88505	90247	+	iucC	1-1743/1743	===============	0/0	100.00	96.04	vfdb	NP_755500	(iucC) aerobactin siderophore biosynthesis protein IucC [Aerobactin (VF0229)] [Escherichia coli CFT073]	
AI-5395_13_13_assembly.fasta	AI-5395_13_13_4	90244	91565	+	iucD	1-1323/1338	========/======	1/1	98.80	96.30	vfdb	NP_755499	(iucD) L-lysine 6-monooxygenase IucD [Aerobactin (VF0229)] [Escherichia coli CFT073]	
AI-5395_13_13_assembly.fasta	AI-5395_13_13_4	91503	93804	+	iutA	1-2280/2280	========/======	3/24	99.96	88.36	vfdb	NP_755498	(iutA) ferric aerobactin receptor precusor IutA [Aerobactin (VF0229)] [Escherichia coli CFT073]	
AI-5395_14_14_assembly.fasta	AI-5395_14_14_1	697914	699935	-	fyuA	1-2022/2022	===============	0/0	100.00	99.95	vfdb	NP_405467	(fyuA) pesticin/yersiniabactin receptor protein [Yersiniabactin (VF0136)] [Yersinia pestis CO92]	
AI-5395_14_14_assembly.fasta	AI-5395_14_14_1	700066	701643	-	ybtE	1-1578/1578	===============	0/0	100.00	99.81	vfdb	NP_405468	(ybtE) yersiniabactin siderophore biosynthetic protein [Yersiniabactin (VF0136)] [Yersinia pestis CO92]	
AI-5395_14_14_assembly.fasta	AI-5395_14_14_1	701647	702450	-	ybtT	1-804/804	===============	0/0	100.00	99.50	vfdb	NP_405469	(ybtT) yersiniabactin biosynthetic protein YbtT [Yersiniabactin (VF0136)] [Yersinia pestis CO92]	
AI-5395_14_14_assembly.fasta	AI-5395_14_14_1	702447	703547	-	ybtU	1-1101/1101	===============	0/0	100.00	99.73	vfdb	NP_405470	(ybtU) yersiniabactin biosynthetic protein YbtU [Yersiniabactin (VF0136)] [Yersinia pestis CO92]	
AI-5395_14_14_assembly.fasta	AI-5395_14_14_1	703544	713035	-	irp1	1-9492/9492	===============	0/0	100.00	99.33	vfdb	NP_405471	(irp1) yersiniabactin biosynthetic protein Irp1 [Yersiniabactin (VF0136)] [Yersinia pestis CO92]	
AI-5395_14_14_assembly.fasta	AI-5395_14_14_1	713125	719229	-	irp2	1-6106/6108	========/======	1/1	99.95	98.87	vfdb	NP_405472	(irp2) yersiniabactin biosynthetic protein Irp2 [Yersiniabactin (VF0136)] [Yersinia pestis CO92]	
AI-5395_14_14_assembly.fasta	AI-5395_14_14_1	719420	720379	-	ybtA	1-960/960	===============	0/0	100.00	99.48	vfdb	NP_405473	(ybtA) transcriptional regulator YbtA [Yersiniabactin (VF0136)] [Yersinia pestis CO92]	
AI-5395_14_14_assembly.fasta	AI-5395_14_14_1	720546	722348	+	ybtP	1-1803/1803	===============	0/0	100.00	99.61	vfdb	NP_405474	(ybtP) lipoprotein inner membrane ABC-transporter [Yersiniabactin (VF0136)] [Yersinia pestis CO92]	
AI-5395_14_14_assembly.fasta	AI-5395_14_14_1	722335	724137	+	ybtQ	1-1803/1803	===============	0/0	100.00	99.78	vfdb	NP_405475	(ybtQ) inner membrane ABC-transporter YbtQ [Yersiniabactin (VF0136)] [Yersinia pestis CO92]	
AI-5395_14_14_assembly.fasta	AI-5395_14_14_1	724130	725410	+	ybtX	1-1281/1281	===============	0/0	100.00	99.61	vfdb	NP_405476	(ybtX) putative signal transducer [Yersiniabactin (VF0136)] [Yersinia pestis CO92]	
AI-5395_14_14_assembly.fasta	AI-5395_14_14_1	725438	726742	+	ybtS	1-1305/1305	===============	0/0	100.00	99.77	vfdb	NP_405477	(ybtS) salicylate synthase Irp9 [Yersiniabactin (VF0136)] [Yersinia pestis CO92]	
AI-5395_14_14_assembly.fasta	AI-5395_14_14_1	1709901	1710356	-	csgB	1-456/456	========/======	2/2	99.78	83.59	vfdb	NP_460114	(csgB) minor curlin subunit precursor curli nucleator protein CsgB [Agf (VF0103)] [Salmonella enterica subsp. enterica serovar Typhimurium str. LT2]	
AI-5395_14_14_assembly.fasta	AI-5395_14_14_1	1711109	1711759	+	csgD	1-651/651	===============	0/0	100.00	81.26	vfdb	NP_460113	(csgD) DNA-binding transcriptional regulator CsgD [curli fibers/thin aggregative fimbriae (AGF) (AI094)] [Salmonella enterica subsp. enterica serovar Typhimurium str. LT2]	
AI-5395_14_14_assembly.fasta	AI-5395_14_14_1	1712178	1712594	+	csgF	1-417/417	========/======	3/8	99.04	80.76	vfdb	NP_460111	(csgF) curli production assembly/transport protein CsgF [Agf (VF0103)] [Salmonella enterica subsp. enterica serovar Typhimurium str. LT2]	
AI-5395_14_14_assembly.fasta	AI-5395_14_14_1	1712621	1713454	+	csgG	1-834/834	===============	0/0	100.00	83.33	vfdb	NP_460110	(csgG) curli production assembly/transport protein CsgG [Agf (VF0103)] [Salmonella enterica subsp. enterica serovar Typhimurium str. LT2]	
AI-5395_14_14_assembly.fasta	AI-5395_14_14_1	1780425	1781465	+	ompA	1-1041/1041	===============	0/0	100.00	99.52	vfdb	AAF37887	(ompA) outer membrane protein A [OmpA (VF0236)] [Escherichia coli O18:K1:H7 str. RS218]	
AI-5395_14_14_assembly.fasta	AI-5395_14_14_1	2139185	2139931	-	entA	1-747/747	===============	0/0	100.00	98.39	vfdb	NP_752614	(entA) 23-dihydro-23-dihydroxybenzoate dehydrogenase [Enterobactin (VF0228)] [Escherichia coli CFT073]	
AI-5395_14_14_assembly.fasta	AI-5395_14_14_1	2139931	2140788	-	entB	1-858/858	===============	0/0	100.00	99.18	vfdb	NP_752613	(entB) isochorismatase [Enterobactin (VF0228)] [Escherichia coli CFT073]	
AI-5395_14_14_assembly.fasta	AI-5395_14_14_1	2140802	2142412	-	entE	1-1611/1611	===============	0/0	100.00	99.13	vfdb	NP_752612	(entE) 23-dihydroxybenzoate-AMP ligase component of enterobactin synthase multienzyme complex [Enterobactin (VF0228)] [Escherichia coli CFT073]	
AI-5395_14_14_assembly.fasta	AI-5395_14_14_1	2142422	2143609	-	entC	1-1188/1188	===============	0/0	100.00	99.66	vfdb	NP_752611	(entC) isochorismate synthase 1 [Enterobactin (VF0228)] [Escherichia coli CFT073]	
AI-5395_14_14_assembly.fasta	AI-5395_14_14_1	2143786	2144742	+	fepB	1-957/957	===============	0/0	100.00	99.79	vfdb	NP_752610	(fepB) ferrienterobactin ABC transporter periplasmic binding protein [Enterobactin (VF0228)] [Escherichia coli CFT073]	
AI-5395_14_14_assembly.fasta	AI-5395_14_14_1	2144746	2145996	-	entS	1-1251/1251	===============	0/0	100.00	98.80	vfdb	NP_752609	(entS) enterobactin exporter iron-regulated [enterobactin (IA019)] [Escherichia coli CFT073]	
AI-5395_14_14_assembly.fasta	AI-5395_14_14_1	2146095	2147111	+	fepD	1-1017/1017	===============	0/0	100.00	99.51	vfdb	NP_752608	(fepD) ferrienterobactin ABC transporter permease [Enterobactin (VF0228)] [Escherichia coli CFT073]	
AI-5395_14_14_assembly.fasta	AI-5395_14_14_1	2147108	2148100	+	fepG	1-993/993	===============	0/0	100.00	99.80	vfdb	NP_752607	(fepG) iron-enterobactin ABC transporter permease [Enterobactin (VF0228)] [Escherichia coli CFT073]	
AI-5395_14_14_assembly.fasta	AI-5395_14_14_1	2148097	2148912	+	fepC	1-816/816	===============	0/0	100.00	99.39	vfdb	NP_752606	(fepC) ferrienterobactin ABC transporter ATPase [Enterobactin (VF0228)] [Escherichia coli CFT073]	
AI-5395_14_14_assembly.fasta	AI-5395_14_14_1	2150286	2154139	-	entF	1-3854/3882	===============	0/0	99.28	98.36	vfdb	NP_752604	(entF) enterobactin synthase multienzyme complex component ATP-dependent [Enterobactin (VF0228)] [Escherichia coli CFT073]	
AI-5395_14_14_assembly.fasta	AI-5395_14_14_1	2154357	2155559	-	fes	1-1203/1203	===============	0/0	100.00	99.75	vfdb	NP_752602	(fes) enterobactin/ferric enterobactin esterase [enterobactin (IA019)] [Escherichia coli CFT073]	
AI-5395_14_14_assembly.fasta	AI-5395_14_14_1	2155802	2158042	+	fepA	1-2241/2241	===============	0/0	100.00	98.88	vfdb	NP_752600	(fepA) ferrienterobactin outer membrane transporter [Enterobactin (VF0228)] [Escherichia coli CFT073]	
AI-5395_14_14_assembly.fasta	AI-5395_14_14_1	2158067	2158728	+	entD	1-662/771	=============..	0/0	85.86	92.75	vfdb	NP_752599	(entD) phosphopantetheinyl transferase component of enterobactin synthase multienzyme complex [Enterobactin (VF0228)] [Escherichia coli CFT073]	
AI-5395_14_14_assembly.fasta	AI-5395_14_14_1	2428862	2433112	-	fdeC	1-4251/4251	===============	0/0	100.00	99.62	vfdb	YP_002390132	(fdeC) adhesin FdeC [FdeC (VF0506)] [Escherichia coli O45:K1:H7 str. S88]	
AI-5395_14_14_assembly.fasta	AI-5395_14_14_1	2442365	2442955	+	ykgK/ecpR	1-591/591	===============	0/0	100.00	99.32	vfdb	NP_286011	(ykgK/ecpR) regulator protein EcpR [ECP (VF0404)] [Escherichia coli O157:H7 str. EDL933]	
AI-5395_14_14_assembly.fasta	AI-5395_14_14_1	2443030	2443617	+	yagZ/ecpA	1-588/588	===============	0/0	100.00	98.47	vfdb	NP_286010	(yagZ/ecpA) E. coli common pilus structural subunit EcpA [ECP (VF0404)] [Escherichia coli O157:H7 str. EDL933]	
AI-5395_14_14_assembly.fasta	AI-5395_14_14_1	2443674	2444342	+	yagY/ecpB	1-669/669	===============	0/0	100.00	98.06	vfdb	NP_286009	(yagY/ecpB) E. coli common pilus chaperone EcpB [ECP (VF0404)] [Escherichia coli O157:H7 str. EDL933]	
AI-5395_14_14_assembly.fasta	AI-5395_14_14_1	2444368	2446893	+	yagX/ecpC	1-2526/2526	===============	0/0	100.00	97.66	vfdb	NP_286008	(yagX/ecpC) E. coli common pilus usher EcpC [ECP (VF0404)] [Escherichia coli O157:H7 str. EDL933]	
AI-5395_14_14_assembly.fasta	AI-5395_14_14_1	2446883	2448526	+	yagW/ecpD	1-1644/1644	===============	0/0	100.00	99.15	vfdb	NP_286007	(yagW/ecpD) polymerized tip adhesin of ECP fibers [ECP (VF0404)] [Escherichia coli O157:H7 str. EDL933]	
AI-5395_14_14_assembly.fasta	AI-5395_14_14_1	2448450	2449203	+	yagV/ecpE	1-754/756	===============	0/0	99.74	98.41	vfdb	NP_286006	(yagV/ecpE) E. coli common pilus chaperone EcpE [ECP (VF0404)] [Escherichia coli O157:H7 str. EDL933]	
AI-5395_14_14_assembly.fasta	AI-5395_14_14_1	2452820	2456950	+	vat	1-4131/4131	===============	0/0	100.00	99.71	vfdb	NP_752330	(vat) Haemoglobin protease [Tsh (VF0233)] [Escherichia coli CFT073]	
AI-5395_14_14_assembly.fasta	AI-5395_14_14_1	2881834	2882745	-	fimH	1-912/912	===============	0/0	100.00	97.15	vfdb	NP_757248	(fimH) FimH protein precursor [Type 1 fimbriae (VF0221)] [Escherichia coli CFT073]	
AI-5395_14_14_assembly.fasta	AI-5395_14_14_1	2882756	2883259	-	fimG	1-504/504	===============	0/0	100.00	98.02	vfdb	NP_757247	(fimG) FimG protein precursor [Type 1 fimbriae (VF0221)] [Escherichia coli CFT073]	
AI-5395_14_14_assembly.fasta	AI-5395_14_14_1	2883272	2883805	-	fimF	1-534/534	===============	0/0	100.00	97.38	vfdb	NP_757245	(fimF) FimF protein precursor [Type 1 fimbriae (VF0221)] [Escherichia coli CFT073]	
AI-5395_14_14_assembly.fasta	AI-5395_14_14_1	2883812	2886448	-	fimD	1-2637/2637	===============	0/0	100.00	98.26	vfdb	NP_757244	(fimD) Outer membrane usher protein fimD precursor [Type 1 fimbriae (VF0221)] [Escherichia coli CFT073]	
AI-5395_14_14_assembly.fasta	AI-5395_14_14_1	2886515	2887240	-	fimC	1-726/726	===============	0/0	100.00	98.48	vfdb	NP_757243	(fimC) Chaperone protein fimC precursor [Type 1 fimbriae (VF0221)] [Escherichia coli CFT073]	
AI-5395_14_14_assembly.fasta	AI-5395_14_14_1	2887277	2887816	-	fimI	1-540/540	===============	0/0	100.00	98.33	vfdb	NP_757242	(fimI) Fimbrin-like protein fimI precursor [Type 1 fimbriae (VF0221)] [Escherichia coli CFT073]	
AI-5395_14_14_assembly.fasta	AI-5395_14_14_1	2887881	2888486	-	fimA	1-606/606	===============	0/0	100.00	92.24	vfdb	NP_757241	(fimA) Type-1 fimbrial protein A chain precursor [Type 1 fimbriae (VF0221)] [Escherichia coli CFT073]	
AI-5395_14_14_assembly.fasta	AI-5395_14_14_1	2888911	2889507	-	fimE	1-597/597	===============	0/0	100.00	98.66	vfdb	NP_757240	(fimE) Type 1 fimbriae Regulatory protein fimE [Type 1 fimbriae (VF0221)] [Escherichia coli CFT073]	
AI-5395_14_14_assembly.fasta	AI-5395_14_14_1	2889985	2890587	-	fimB	1-603/603	===============	0/0	100.00	98.18	vfdb	NP_757239	(fimB) Type 1 fimbriae Regulatory protein fimB [Type 1 fimbriae (VF0221)] [Escherichia coli CFT073]	
AI-5395_14_14_assembly.fasta	AI-5395_14_14_1	3587866	3589294	+	aslA	1-1428/1428	========/======	1/1	100.00	98.46	vfdb	AAG10151	(aslA) putative arylsulfatase [AslA (VF0238)] [Escherichia coli O18:K1:H7 str. RS218]	
AI-5395_14_14_assembly.fasta	AI-5395_14_14_1	3928003	3928803	-	chuV	1-801/801	===============	0/0	100.00	99.75	vfdb	NP_756180	(chuV) ATP-binding hydrophilic protein ChuV [Chu (VF0227)] [Escherichia coli CFT073]	
AI-5395_14_14_assembly.fasta	AI-5395_14_14_1	3928770	3929762	-	chuU	1-993/993	===============	0/0	100.00	99.50	vfdb	NP_756179	(chuU) heme permease protein ChuU [Chu (VF0227)] [Escherichia coli CFT073]	
AI-5395_14_14_assembly.fasta	AI-5395_14_14_1	3929811	3930434	-	chuY	1-624/624	===============	0/0	100.00	98.40	vfdb	NP_756178	(chuY) ChuY [Chu (VF0227)] [Escherichia coli CFT073]	
AI-5395_14_14_assembly.fasta	AI-5395_14_14_1	3930434	3930928	-	chuX	1-495/495	===============	0/0	100.00	100.00	vfdb	NP_756177	(chuX) putative heme-binding protein ChuX [Chu (VF0227)] [Escherichia coli CFT073]	
AI-5395_14_14_assembly.fasta	AI-5395_14_14_1	3930941	3932278	-	chuW	1-1338/1338	===============	0/0	100.00	99.10	vfdb	NP_756176	(chuW) Putative oxygen independent coproporphyrinogen III oxidase [Chu (VF0227)] [Escherichia coli CFT073]	
AI-5395_14_14_assembly.fasta	AI-5395_14_14_1	3932298	3933290	-	chuT	1-993/993	===============	0/0	100.00	99.70	vfdb	NP_756175	(chuT) periplasmic heme-binding protein ChuT [Chu (VF0227)] [Escherichia coli CFT073]	
AI-5395_14_14_assembly.fasta	AI-5395_14_14_1	3933932	3935878	+	chuA	1-1947/1947	===============	0/0	100.00	99.69	vfdb	NP_756170	(chuA) Outer membrane heme/hemoglobin receptor ChuA [Chu (VF0227)] [Escherichia coli CFT073]	
AI-5395_14_14_assembly.fasta	AI-5395_14_14_1	3935927	3936955	+	chuS	1-1029/1029	===============	0/0	100.00	99.51	vfdb	NP_756169	(chuS) heme oxygenase ChuS [Chu (VF0227)] [Escherichia coli CFT073]	
AI-5395_14_14_assembly.fasta	AI-5395_14_14_1	4485680	4486510	+	gspC	1-831/831	===============	0/0	100.00	93.86	vfdb	YP_404599	(gspC) general secretion pathway protein C [T2SS (VF0333)] [Shigella dysenteriae Sd197]	
AI-5395_14_14_assembly.fasta	AI-5395_14_14_1	4486750	4488600	+	gspD	1-1836/1836	========/======	1/15	100.00	96.06	vfdb	YP_404600	(gspD) general secretion pathway protein D [T2SS (VF0333)] [Shigella dysenteriae Sd197]	
AI-5395_14_14_assembly.fasta	AI-5395_14_14_1	4488600	4490093	+	gspE	1-1494/1494	===============	0/0	100.00	94.91	vfdb	YP_404601	(gspE) general secretion pathway protein E [T2SS (VF0333)] [Shigella dysenteriae Sd197]	
AI-5395_14_14_assembly.fasta	AI-5395_14_14_1	4490093	4491292	+	gspF	1-1200/1200	===============	0/0	100.00	94.17	vfdb	YP_404602	(gspF) general secretion pathway protein F [T2SS (VF0333)] [Shigella dysenteriae Sd197]	
AI-5395_14_14_assembly.fasta	AI-5395_14_14_1	4491333	4491788	+	gspG	1-456/456	===============	0/0	100.00	96.05	vfdb	YP_404603	(gspG) general secretion pathway protein G [T2SS (VF0333)] [Shigella dysenteriae Sd197]	
AI-5395_14_14_assembly.fasta	AI-5395_14_14_1	4491825	4492355	+	gspH	1-531/531	===============	0/0	100.00	94.73	vfdb	YP_404604	(gspH) general secretion pathway protein H [T2SS (VF0333)] [Shigella dysenteriae Sd197]	
AI-5395_14_14_assembly.fasta	AI-5395_14_14_1	4492352	4492723	+	gspI	1-372/372	===============	0/0	100.00	92.20	vfdb	YP_404605	(gspI) general secretion pathway protein I [T2SS (VF0333)] [Shigella dysenteriae Sd197]	
AI-5395_14_14_assembly.fasta	AI-5395_14_14_1	4492756	4493325	+	gspJ	1-570/570	===============	0/0	100.00	94.39	vfdb	YP_404606	(gspJ) general secretion pathway protein J [T2SS (VF0333)] [Shigella dysenteriae Sd197]	
AI-5395_14_14_assembly.fasta	AI-5395_14_14_1	4493322	4494299	+	gspK	1-978/978	===============	0/0	100.00	96.63	vfdb	YP_404607	(gspK) general secretion pathway protein K [T2SS (VF0333)] [Shigella dysenteriae Sd197]	
AI-5395_14_14_assembly.fasta	AI-5395_14_14_1	4494614	4495474	+	gspL	1-861/861	===============	0/0	100.00	94.77	vfdb	YP_404608	(gspL) general secretion pathway protein L [T2SS (VF0333)] [Shigella dysenteriae Sd197]	
AI-5395_14_14_assembly.fasta	AI-5395_14_14_1	4495590	4496011	+	gspM	1-422/423	===============	0/0	99.76	93.60	vfdb	YP_404609	(gspM) general secretion pathway protein M [T2SS (VF0333)] [Shigella dysenteriae Sd197]	
AI-5395_14_14_assembly.fasta	AI-5395_14_14_1	4497071	4497847	+	kpsM	1-777/777	===============	0/0	100.00	99.87	vfdb	AAA24046	(kpsM) KpsM [K1 capsule (VF0239)] [Escherichia coli O18:K1:H7 str. RS218]	
AI-5395_14_14_assembly.fasta	AI-5395_14_14_1	4497844	4498503	+	kpsT	1-660/660	===============	0/0	100.00	100.00	vfdb	AAA24047	(kpsT) KpsT [K1 capsule (VF0239)] [Escherichia coli O18:K1:H7 str. RS218]	
AI-5395_14_14_assembly.fasta	AI-5395_14_14_1	4509165	4510841	-	kpsD	1-1677/1677	===============	0/0	100.00	99.05	vfdb	AAA21682	(kpsD) KpsD [K1 capsule (VF0239)] [Escherichia coli O18:K1:H7 str. RS218]	
AI-5395_14_14_assembly.fasta	AI-5395_14_14_1	4525528	4529429	-	sat	1-3900/3900	========/======	1/2	100.00	99.46	vfdb	NP_755494	(sat) Aecreted auto transpoter toxin [Sat (VF0231)] [Escherichia coli CFT073]	
AI-5395_14_14_assembly.fasta	AI-5395_14_14_1	4530364	4532665	-	iutA	1-2280/2280	========/======	3/24	99.96	88.32	vfdb	NP_755498	(iutA) ferric aerobactin receptor precusor IutA [Aerobactin (VF0229)] [Escherichia coli CFT073]	
AI-5395_14_14_assembly.fasta	AI-5395_14_14_1	4532603	4533924	-	iucD	1-1323/1338	========/======	1/1	98.80	96.30	vfdb	NP_755499	(iucD) L-lysine 6-monooxygenase IucD [Aerobactin (VF0229)] [Escherichia coli CFT073]	
AI-5395_14_14_assembly.fasta	AI-5395_14_14_1	4533921	4535663	-	iucC	1-1743/1743	===============	0/0	100.00	98.16	vfdb	NP_755500	(iucC) aerobactin siderophore biosynthesis protein IucC [Aerobactin (VF0229)] [Escherichia coli CFT073]	
AI-5395_14_14_assembly.fasta	AI-5395_14_14_1	4535663	4536610	-	iucB	1-948/948	===============	0/0	100.00	99.79	vfdb	NP_709455	(iucB) aerobactin synthesis protein IucB [Aerobactin (VF0123)] [Shigella flexneri 2a str. 301]	
AI-5395_14_14_assembly.fasta	AI-5395_14_14_1	4536611	4538392	-	iucA	1-1782/1782	===============	0/0	100.00	99.83	vfdb	NP_709454	(iucA) aerobactin synthesis protein IucA [Aerobactin (VF0123)] [Shigella flexneri 2a str. 301]	
AI-5395_14_14_assembly.fasta	AI-5395_14_14_1	4546859	4547092	-	papI	1-234/234	===============	0/0	100.00	94.87	vfdb	NP_755468	(papI) regulatory protein PapI [P fimbriae (VF0220)] [Escherichia coli CFT073]	
AI-5395_14_14_assembly.fasta	AI-5395_14_14_1	4547497	4547810	+	papB	1-315/315	========/======	1/1	99.68	98.41	vfdb		(papB) regulatory protein PapB [P fimbriae (VF0220)] [Escherichia coli CFT073]	
AI-5395_14_14_assembly.fasta	AI-5395_14_14_1	4549584	4550135	+	papX	1-552/552	===============	0/0	100.00	97.46	vfdb	NP_755457	(papX) PapX protein regulates flagellum synthesis to repress motility [P fimbriae (CVF425)] [Escherichia coli CFT073]	
AI-5395_14_14_assembly.fasta	AI-5395_14_14_4	63588	64726	+	senB	2-1140/1140	===============	0/0	99.91	99.74	vfdb	YP_406304	(senB) enterotoxin [ShET2 (VF0258)] [Shigella flexneri 2a str. 301]	
AI-5395_15_15_assembly.fasta	AI-5395_15_15_1	762056	763190	+	espR4	1-1140/1140	========/======	5/7	99.47	84.40	vfdb	NP_288396	(espR4) Type III secretion system effector espR4 [LEE encoded T3SS (SS020)] [Escherichia coli O157:H7 str. EDL933]	
AI-5395_15_15_assembly.fasta	AI-5395_15_15_1	972460	974328	-	espL1	1-1899/1899	========/======	2/30	98.42	95.26	vfdb	NP_288154	(espL1) Type III secretion system effector espL1 [LEE encoded T3SS (SS020)] [Escherichia coli O157:H7 str. EDL933]	
AI-5395_15_15_assembly.fasta	AI-5395_15_15_1	1279722	1280777	+	espR1	198-1253/1260	..=============	0/0	83.81	94.22	vfdb	NP_287686	(espR1) Type III secretion system effector espR1 [LEE encoded T3SS (SS020)] [Escherichia coli O157:H7 str. EDL933]	
AI-5395_15_15_assembly.fasta	AI-5395_15_15_1	1681370	1681825	-	csgB	1-456/456	========/======	2/2	99.78	84.03	vfdb	NP_460114	(csgB) minor curlin subunit precursor curli nucleator protein CsgB [Agf (VF0103)] [Salmonella enterica subsp. enterica serovar Typhimurium str. LT2]	
AI-5395_15_15_assembly.fasta	AI-5395_15_15_1	1682579	1683229	+	csgD	1-651/651	===============	0/0	100.00	81.11	vfdb	NP_460113	(csgD) DNA-binding transcriptional regulator CsgD [curli fibers/thin aggregative fimbriae (AGF) (AI094)] [Salmonella enterica subsp. enterica serovar Typhimurium str. LT2]	
AI-5395_15_15_assembly.fasta	AI-5395_15_15_1	1683648	1684064	+	csgF	1-417/417	========/======	3/8	99.04	81.23	vfdb	NP_460111	(csgF) curli production assembly/transport protein CsgF [Agf (VF0103)] [Salmonella enterica subsp. enterica serovar Typhimurium str. LT2]	
AI-5395_15_15_assembly.fasta	AI-5395_15_15_1	1684091	1684924	+	csgG	1-834/834	===============	0/0	100.00	83.09	vfdb	NP_460110	(csgG) curli production assembly/transport protein CsgG [Agf (VF0103)] [Salmonella enterica subsp. enterica serovar Typhimurium str. LT2]	
AI-5395_15_15_assembly.fasta	AI-5395_15_15_1	1756203	1757255	+	ompA	1-1041/1041	========/======	1/12	100.00	94.30	vfdb	AAF37887	(ompA) outer membrane protein A [OmpA (VF0236)] [Escherichia coli O18:K1:H7 str. RS218]	
AI-5395_15_15_assembly.fasta	AI-5395_15_15_1	2183420	2184166	-	entA	1-747/747	===============	0/0	100.00	95.98	vfdb	NP_752614	(entA) 23-dihydro-23-dihydroxybenzoate dehydrogenase [Enterobactin (VF0228)] [Escherichia coli CFT073]	
AI-5395_15_15_assembly.fasta	AI-5395_15_15_1	2184166	2185023	-	entB	1-858/858	===============	0/0	100.00	97.44	vfdb	NP_752613	(entB) isochorismatase [Enterobactin (VF0228)] [Escherichia coli CFT073]	
AI-5395_15_15_assembly.fasta	AI-5395_15_15_1	2185037	2186647	-	entE	1-1611/1611	===============	0/0	100.00	95.41	vfdb	NP_752612	(entE) 23-dihydroxybenzoate-AMP ligase component of enterobactin synthase multienzyme complex [Enterobactin (VF0228)] [Escherichia coli CFT073]	
AI-5395_15_15_assembly.fasta	AI-5395_15_15_1	2186657	2187844	-	entC	1-1188/1188	===============	0/0	100.00	97.47	vfdb	NP_752611	(entC) isochorismate synthase 1 [Enterobactin (VF0228)] [Escherichia coli CFT073]	
AI-5395_15_15_assembly.fasta	AI-5395_15_15_1	2188207	2189163	+	fepB	1-957/957	===============	0/0	100.00	97.39	vfdb	NP_752610	(fepB) ferrienterobactin ABC transporter periplasmic binding protein [Enterobactin (VF0228)] [Escherichia coli CFT073]	
AI-5395_15_15_assembly.fasta	AI-5395_15_15_1	2189167	2190417	-	entS	1-1251/1251	===============	0/0	100.00	95.76	vfdb	NP_752609	(entS) enterobactin exporter iron-regulated [enterobactin (IA019)] [Escherichia coli CFT073]	
AI-5395_15_15_assembly.fasta	AI-5395_15_15_1	2190516	2191532	+	fepD	1-1017/1017	===============	0/0	100.00	95.97	vfdb	NP_752608	(fepD) ferrienterobactin ABC transporter permease [Enterobactin (VF0228)] [Escherichia coli CFT073]	
AI-5395_15_15_assembly.fasta	AI-5395_15_15_1	2191529	2192521	+	fepG	1-993/993	===============	0/0	100.00	93.96	vfdb	NP_752607	(fepG) iron-enterobactin ABC transporter permease [Enterobactin (VF0228)] [Escherichia coli CFT073]	
AI-5395_15_15_assembly.fasta	AI-5395_15_15_1	2192518	2193333	+	fepC	1-816/816	===============	0/0	100.00	97.30	vfdb	NP_752606	(fepC) ferrienterobactin ABC transporter ATPase [Enterobactin (VF0228)] [Escherichia coli CFT073]	
AI-5395_15_15_assembly.fasta	AI-5395_15_15_1	2194731	2198560	-	entF	1-3830/3882	===============	0/0	98.66	95.41	vfdb	NP_752604	(entF) enterobactin synthase multienzyme complex component ATP-dependent [Enterobactin (VF0228)] [Escherichia coli CFT073]	
AI-5395_15_15_assembly.fasta	AI-5395_15_15_1	2198778	2199980	-	fes	1-1203/1203	===============	0/0	100.00	96.76	vfdb	NP_752602	(fes) enterobactin/ferric enterobactin esterase [enterobactin (IA019)] [Escherichia coli CFT073]	
AI-5395_15_15_assembly.fasta	AI-5395_15_15_1	2200223	2202463	+	fepA	1-2241/2241	===============	0/0	100.00	96.79	vfdb	NP_752600	(fepA) ferrienterobactin outer membrane transporter [Enterobactin (VF0228)] [Escherichia coli CFT073]	
AI-5395_15_15_assembly.fasta	AI-5395_15_15_1	2202488	2203258	+	entD	1-771/771	===============	0/0	100.00	94.03	vfdb	NP_752599	(entD) phosphopantetheinyl transferase component of enterobactin synthase multienzyme complex [Enterobactin (VF0228)] [Escherichia coli CFT073]	
AI-5395_15_15_assembly.fasta	AI-5395_15_15_1	2549239	2553480	-	fdeC	1-4245/4251	========/======	3/5	99.76	92.37	vfdb	YP_002390132	(fdeC) adhesin FdeC [FdeC (VF0506)] [Escherichia coli O45:K1:H7 str. S88]	
AI-5395_15_15_assembly.fasta	AI-5395_15_15_1	2556500	2557090	+	ykgK/ecpR	1-591/591	===============	0/0	100.00	97.63	vfdb	NP_286011	(ykgK/ecpR) regulator protein EcpR [ECP (VF0404)] [Escherichia coli O157:H7 str. EDL933]	
AI-5395_15_15_assembly.fasta	AI-5395_15_15_1	2557165	2557752	+	yagZ/ecpA	1-588/588	===============	0/0	100.00	99.32	vfdb	NP_286010	(yagZ/ecpA) E. coli common pilus structural subunit EcpA [ECP (VF0404)] [Escherichia coli O157:H7 str. EDL933]	
AI-5395_15_15_assembly.fasta	AI-5395_15_15_1	2557810	2558478	+	yagY/ecpB	1-669/669	===============	0/0	100.00	98.66	vfdb	NP_286009	(yagY/ecpB) E. coli common pilus chaperone EcpB [ECP (VF0404)] [Escherichia coli O157:H7 str. EDL933]	
AI-5395_15_15_assembly.fasta	AI-5395_15_15_1	2558504	2561029	+	yagX/ecpC	1-2526/2526	===============	0/0	100.00	98.65	vfdb	NP_286008	(yagX/ecpC) E. coli common pilus usher EcpC [ECP (VF0404)] [Escherichia coli O157:H7 str. EDL933]	
AI-5395_15_15_assembly.fasta	AI-5395_15_15_1	2561019	2562662	+	yagW/ecpD	1-1644/1644	===============	0/0	100.00	98.60	vfdb	NP_286007	(yagW/ecpD) polymerized tip adhesin of ECP fibers [ECP (VF0404)] [Escherichia coli O157:H7 str. EDL933]	
AI-5395_15_15_assembly.fasta	AI-5395_15_15_1	2562586	2563339	+	yagV/ecpE	1-754/756	===============	0/0	99.74	96.82	vfdb	NP_286006	(yagV/ecpE) E. coli common pilus chaperone EcpE [ECP (VF0404)] [Escherichia coli O157:H7 str. EDL933]	
AI-5395_15_15_assembly.fasta	AI-5395_15_15_1	2861134	2862554	+	espX1	1-1422/1422	========/======	1/1	99.93	94.66	vfdb	NP_285716	(espX1) Type III secretion system effector EspX1 [LEE encoded T3SS (SS020)] [Escherichia coli O157:H7 str. EDL933]	
AI-5395_15_15_assembly.fasta	AI-5395_15_15_1	2974467	2975378	-	fimH	1-912/912	===============	0/0	100.00	97.70	vfdb	NP_757248	(fimH) FimH protein precursor [Type 1 fimbriae (VF0221)] [Escherichia coli CFT073]	
AI-5395_15_15_assembly.fasta	AI-5395_15_15_1	2975389	2975892	-	fimG	1-504/504	===============	0/0	100.00	98.21	vfdb	NP_757247	(fimG) FimG protein precursor [Type 1 fimbriae (VF0221)] [Escherichia coli CFT073]	
AI-5395_15_15_assembly.fasta	AI-5395_15_15_1	2975905	2976438	-	fimF	1-534/534	===============	0/0	100.00	97.75	vfdb	NP_757245	(fimF) FimF protein precursor [Type 1 fimbriae (VF0221)] [Escherichia coli CFT073]	
AI-5395_15_15_assembly.fasta	AI-5395_15_15_1	2976445	2979081	-	fimD	1-2637/2637	===============	0/0	100.00	98.71	vfdb	NP_757244	(fimD) Outer membrane usher protein fimD precursor [Type 1 fimbriae (VF0221)] [Escherichia coli CFT073]	
AI-5395_15_15_assembly.fasta	AI-5395_15_15_1	2979148	2979873	-	fimC	1-726/726	===============	0/0	100.00	98.35	vfdb	NP_757243	(fimC) Chaperone protein fimC precursor [Type 1 fimbriae (VF0221)] [Escherichia coli CFT073]	
AI-5395_15_15_assembly.fasta	AI-5395_15_15_1	2979910	2980449	-	fimI	1-540/540	===============	0/0	100.00	99.07	vfdb	NP_757242	(fimI) Fimbrin-like protein fimI precursor [Type 1 fimbriae (VF0221)] [Escherichia coli CFT073]	
AI-5395_15_15_assembly.fasta	AI-5395_15_15_1	2980514	2981118	-	fimA	1-606/606	========/======	1/1	99.83	90.59	vfdb	NP_757241	(fimA) Type-1 fimbrial protein A chain precursor [Type 1 fimbriae (VF0221)] [Escherichia coli CFT073]	
AI-5395_15_15_assembly.fasta	AI-5395_15_15_1	2981542	2982138	-	fimE	1-597/597	===============	0/0	100.00	99.16	vfdb	NP_757240	(fimE) Type 1 fimbriae Regulatory protein fimE [Type 1 fimbriae (VF0221)] [Escherichia coli CFT073]	
AI-5395_15_15_assembly.fasta	AI-5395_15_15_1	2982616	2983218	-	fimB	1-603/603	===============	0/0	100.00	98.18	vfdb	NP_757239	(fimB) Type 1 fimbriae Regulatory protein fimB [Type 1 fimbriae (VF0221)] [Escherichia coli CFT073]	
AI-5395_15_15_assembly.fasta	AI-5395_15_15_1	3017809	3018029	-	papI	1-221/234	===============	0/0	94.44	98.64	vfdb	NP_755468	(papI) regulatory protein PapI [P fimbriae (VF0220)] [Escherichia coli CFT073]	
AI-5395_15_15_assembly.fasta	AI-5395_15_15_1	3018452	3018764	+	papB	1-313/315	===============	0/0	99.37	99.04	vfdb		(papB) regulatory protein PapB [P fimbriae (VF0220)] [Escherichia coli CFT073]	
AI-5395_15_15_assembly.fasta	AI-5395_15_15_1	3020936	3021466	+	papF	1-531/531	===============	0/0	100.00	98.68	vfdb	NP_755459	(papF) P pilus minor subunit PapF  [P fimbriae (VF0220)] [Escherichia coli CFT073]	
AI-5395_15_15_assembly.fasta	AI-5395_15_15_1	3021510	3022520	+	papG	1-1011/1011	===============	0/0	100.00	99.01	vfdb	NP_755458	(papG) P pilus tip adhesin PapG [P fimbriae (VF0220)] [Escherichia coli CFT073]	
AI-5395_15_15_assembly.fasta	AI-5395_15_15_1	3231686	3232978	+	espX5	1-1293/1293	===============	0/0	100.00	95.67	vfdb	NP_290699	(espX5) Type III secretion system effector EspX5 [LEE encoded T3SS (SS020)] [Escherichia coli O157:H7 str. EDL933]	
AI-5395_15_15_assembly.fasta	AI-5395_15_15_1	3262498	3264078	-	espX4	1-1581/1581	========/======	2/2	99.94	93.11	vfdb	NP_290672	(espX4) Type III secretion system effector EspX4 [LEE encoded T3SS (SS020)] [Escherichia coli O157:H7 str. EDL933]	
AI-5395_15_15_assembly.fasta	AI-5395_15_15_1	4456925	4457755	+	gspC	1-831/831	===============	0/0	100.00	95.07	vfdb	YP_404599	(gspC) general secretion pathway protein C [T2SS (VF0333)] [Shigella dysenteriae Sd197]	
AI-5395_15_15_assembly.fasta	AI-5395_15_15_1	4457995	4459845	+	gspD	1-1836/1836	========/======	1/15	100.00	97.03	vfdb	YP_404600	(gspD) general secretion pathway protein D [T2SS (VF0333)] [Shigella dysenteriae Sd197]	
AI-5395_15_15_assembly.fasta	AI-5395_15_15_1	4459845	4461338	+	gspE	1-1494/1494	===============	0/0	100.00	97.12	vfdb	YP_404601	(gspE) general secretion pathway protein E [T2SS (VF0333)] [Shigella dysenteriae Sd197]	
AI-5395_15_15_assembly.fasta	AI-5395_15_15_1	4461338	4462537	+	gspF	1-1200/1200	===============	0/0	100.00	96.25	vfdb	YP_404602	(gspF) general secretion pathway protein F [T2SS (VF0333)] [Shigella dysenteriae Sd197]	
AI-5395_15_15_assembly.fasta	AI-5395_15_15_1	4462578	4463033	+	gspG	1-456/456	===============	0/0	100.00	95.61	vfdb	YP_404603	(gspG) general secretion pathway protein G [T2SS (VF0333)] [Shigella dysenteriae Sd197]	
AI-5395_15_15_assembly.fasta	AI-5395_15_15_1	4463070	4463600	+	gspH	1-531/531	===============	0/0	100.00	96.05	vfdb	YP_404604	(gspH) general secretion pathway protein H [T2SS (VF0333)] [Shigella dysenteriae Sd197]	
AI-5395_15_15_assembly.fasta	AI-5395_15_15_1	4463597	4463968	+	gspI	1-372/372	===============	0/0	100.00	95.16	vfdb	YP_404605	(gspI) general secretion pathway protein I [T2SS (VF0333)] [Shigella dysenteriae Sd197]	
AI-5395_15_15_assembly.fasta	AI-5395_15_15_1	4464001	4464570	+	gspJ	1-570/570	===============	0/0	100.00	97.02	vfdb	YP_404606	(gspJ) general secretion pathway protein J [T2SS (VF0333)] [Shigella dysenteriae Sd197]	
AI-5395_15_15_assembly.fasta	AI-5395_15_15_1	4464567	4465544	+	gspK	1-978/978	===============	0/0	100.00	96.11	vfdb	YP_404607	(gspK) general secretion pathway protein K [T2SS (VF0333)] [Shigella dysenteriae Sd197]	
AI-5395_15_15_assembly.fasta	AI-5395_15_15_1	4465859	4466719	+	gspL	1-861/861	===============	0/0	100.00	97.56	vfdb	YP_404608	(gspL) general secretion pathway protein L [T2SS (VF0333)] [Shigella dysenteriae Sd197]	
AI-5395_15_15_assembly.fasta	AI-5395_15_15_1	4466835	4467257	+	gspM	1-423/423	===============	0/0	100.00	94.09	vfdb	YP_404609	(gspM) general secretion pathway protein M [T2SS (VF0333)] [Shigella dysenteriae Sd197]	
AI-5395_15_15_assembly.fasta	AI-5395_15_15_1	4540223	4540443	-	papI	1-221/234	===============	0/0	94.44	98.64	vfdb	NP_755468	(papI) regulatory protein PapI [P fimbriae (VF0220)] [Escherichia coli CFT073]	
AI-5395_15_15_assembly.fasta	AI-5395_15_15_1	4540866	4541178	+	papB	1-313/315	===============	0/0	99.37	99.04	vfdb		(papB) regulatory protein PapB [P fimbriae (VF0220)] [Escherichia coli CFT073]	
AI-5395_15_15_assembly.fasta	AI-5395_15_15_2	23489	25276	+	iucA	1-1788/1788	===============	0/0	100.00	94.24	vfdb	NP_755502	(iucA) aerobactin siderophore biosynthesis protein IucD [Aerobactin (VF0229)] [Escherichia coli CFT073]	
AI-5395_15_15_assembly.fasta	AI-5395_15_15_2	25277	26224	+	iucB	1-948/948	===============	0/0	100.00	95.57	vfdb	NP_755501	(iucB) aerobactin siderophore biosynthesis protein IucB [Aerobactin (VF0229)] [Escherichia coli CFT073]	
AI-5395_15_15_assembly.fasta	AI-5395_15_15_2	26224	27966	+	iucC	1-1743/1743	===============	0/0	100.00	96.04	vfdb	NP_755500	(iucC) aerobactin siderophore biosynthesis protein IucC [Aerobactin (VF0229)] [Escherichia coli CFT073]	
AI-5395_15_15_assembly.fasta	AI-5395_15_15_2	27963	29284	+	iucD	1-1323/1338	========/======	1/1	98.80	96.30	vfdb	NP_755499	(iucD) L-lysine 6-monooxygenase IucD [Aerobactin (VF0229)] [Escherichia coli CFT073]	
AI-5395_15_15_assembly.fasta	AI-5395_15_15_2	29222	31523	+	iutA	1-2280/2280	========/======	3/24	99.96	88.36	vfdb	NP_755498	(iutA) ferric aerobactin receptor precusor IutA [Aerobactin (VF0229)] [Escherichia coli CFT073]	
AI-5395_16_16_assembly.fasta	AI-5395_16_16_1	457009	457464	-	csgB	1-456/456	========/======	2/2	99.78	83.81	vfdb	NP_460114	(csgB) minor curlin subunit precursor curli nucleator protein CsgB [Agf (VF0103)] [Salmonella enterica subsp. enterica serovar Typhimurium str. LT2]	
AI-5395_16_16_assembly.fasta	AI-5395_16_16_1	458218	458868	+	csgD	1-651/651	===============	0/0	100.00	81.11	vfdb	NP_460113	(csgD) DNA-binding transcriptional regulator CsgD [curli fibers/thin aggregative fimbriae (AGF) (AI094)] [Salmonella enterica subsp. enterica serovar Typhimurium str. LT2]	
AI-5395_16_16_assembly.fasta	AI-5395_16_16_1	459287	459703	+	csgF	1-417/417	========/======	3/8	99.04	81.23	vfdb	NP_460111	(csgF) curli production assembly/transport protein CsgF [Agf (VF0103)] [Salmonella enterica subsp. enterica serovar Typhimurium str. LT2]	
AI-5395_16_16_assembly.fasta	AI-5395_16_16_1	459730	460563	+	csgG	1-834/834	===============	0/0	100.00	83.09	vfdb	NP_460110	(csgG) curli production assembly/transport protein CsgG [Agf (VF0103)] [Salmonella enterica subsp. enterica serovar Typhimurium str. LT2]	
AI-5395_16_16_assembly.fasta	AI-5395_16_16_1	540347	541387	+	ompA	1-1041/1041	===============	0/0	100.00	98.08	vfdb	AAF37887	(ompA) outer membrane protein A [OmpA (VF0236)] [Escherichia coli O18:K1:H7 str. RS218]	
AI-5395_16_16_assembly.fasta	AI-5395_16_16_1	982532	983278	-	entA	1-747/747	===============	0/0	100.00	95.05	vfdb	NP_752614	(entA) 23-dihydro-23-dihydroxybenzoate dehydrogenase [Enterobactin (VF0228)] [Escherichia coli CFT073]	
AI-5395_16_16_assembly.fasta	AI-5395_16_16_1	983278	984135	-	entB	1-858/858	===============	0/0	100.00	97.79	vfdb	NP_752613	(entB) isochorismatase [Enterobactin (VF0228)] [Escherichia coli CFT073]	
AI-5395_16_16_assembly.fasta	AI-5395_16_16_1	984149	985759	-	entE	1-1611/1611	===============	0/0	100.00	95.97	vfdb	NP_752612	(entE) 23-dihydroxybenzoate-AMP ligase component of enterobactin synthase multienzyme complex [Enterobactin (VF0228)] [Escherichia coli CFT073]	
AI-5395_16_16_assembly.fasta	AI-5395_16_16_1	985769	986956	-	entC	1-1188/1188	===============	0/0	100.00	97.47	vfdb	NP_752611	(entC) isochorismate synthase 1 [Enterobactin (VF0228)] [Escherichia coli CFT073]	
AI-5395_16_16_assembly.fasta	AI-5395_16_16_1	987313	988269	+	fepB	1-957/957	===============	0/0	100.00	97.28	vfdb	NP_752610	(fepB) ferrienterobactin ABC transporter periplasmic binding protein [Enterobactin (VF0228)] [Escherichia coli CFT073]	
AI-5395_16_16_assembly.fasta	AI-5395_16_16_1	988273	989523	-	entS	1-1251/1251	===============	0/0	100.00	95.52	vfdb	NP_752609	(entS) enterobactin exporter iron-regulated [enterobactin (IA019)] [Escherichia coli CFT073]	
AI-5395_16_16_assembly.fasta	AI-5395_16_16_1	989622	990638	+	fepD	1-1017/1017	===============	0/0	100.00	95.77	vfdb	NP_752608	(fepD) ferrienterobactin ABC transporter permease [Enterobactin (VF0228)] [Escherichia coli CFT073]	
AI-5395_16_16_assembly.fasta	AI-5395_16_16_1	990635	991627	+	fepG	1-993/993	===============	0/0	100.00	94.76	vfdb	NP_752607	(fepG) iron-enterobactin ABC transporter permease [Enterobactin (VF0228)] [Escherichia coli CFT073]	
AI-5395_16_16_assembly.fasta	AI-5395_16_16_1	991624	992439	+	fepC	1-816/816	===============	0/0	100.00	97.06	vfdb	NP_752606	(fepC) ferrienterobactin ABC transporter ATPase [Enterobactin (VF0228)] [Escherichia coli CFT073]	
AI-5395_16_16_assembly.fasta	AI-5395_16_16_1	993813	997666	-	entF	1-3854/3882	===============	0/0	99.28	95.61	vfdb	NP_752604	(entF) enterobactin synthase multienzyme complex component ATP-dependent [Enterobactin (VF0228)] [Escherichia coli CFT073]	
AI-5395_16_16_assembly.fasta	AI-5395_16_16_1	997884	999086	-	fes	1-1203/1203	===============	0/0	100.00	96.76	vfdb	NP_752602	(fes) enterobactin/ferric enterobactin esterase [enterobactin (IA019)] [Escherichia coli CFT073]	
AI-5395_16_16_assembly.fasta	AI-5395_16_16_1	999329	1001569	+	fepA	1-2241/2241	===============	0/0	100.00	96.88	vfdb	NP_752600	(fepA) ferrienterobactin outer membrane transporter [Enterobactin (VF0228)] [Escherichia coli CFT073]	
AI-5395_16_16_assembly.fasta	AI-5395_16_16_1	1001594	1002364	+	entD	1-771/771	===============	0/0	100.00	94.03	vfdb	NP_752599	(entD) phosphopantetheinyl transferase component of enterobactin synthase multienzyme complex [Enterobactin (VF0228)] [Escherichia coli CFT073]	
AI-5395_16_16_assembly.fasta	AI-5395_16_16_1	1287133	1291358	-	fdeC	1-4229/4251	========/======	1/3	99.41	92.48	vfdb	YP_002390132	(fdeC) adhesin FdeC [FdeC (VF0506)] [Escherichia coli O45:K1:H7 str. S88]	
AI-5395_16_16_assembly.fasta	AI-5395_16_16_1	1294379	1294969	+	ykgK/ecpR	1-591/591	===============	0/0	100.00	97.63	vfdb	NP_286011	(ykgK/ecpR) regulator protein EcpR [ECP (VF0404)] [Escherichia coli O157:H7 str. EDL933]	
AI-5395_16_16_assembly.fasta	AI-5395_16_16_1	1295044	1295631	+	yagZ/ecpA	1-588/588	===============	0/0	100.00	99.15	vfdb	NP_286010	(yagZ/ecpA) E. coli common pilus structural subunit EcpA [ECP (VF0404)] [Escherichia coli O157:H7 str. EDL933]	
AI-5395_16_16_assembly.fasta	AI-5395_16_16_1	1295689	1296357	+	yagY/ecpB	1-669/669	===============	0/0	100.00	98.66	vfdb	NP_286009	(yagY/ecpB) E. coli common pilus chaperone EcpB [ECP (VF0404)] [Escherichia coli O157:H7 str. EDL933]	
AI-5395_16_16_assembly.fasta	AI-5395_16_16_1	1296383	1298908	+	yagX/ecpC	1-2526/2526	===============	0/0	100.00	98.65	vfdb	NP_286008	(yagX/ecpC) E. coli common pilus usher EcpC [ECP (VF0404)] [Escherichia coli O157:H7 str. EDL933]	
AI-5395_16_16_assembly.fasta	AI-5395_16_16_1	1298898	1300541	+	yagW/ecpD	1-1644/1644	===============	0/0	100.00	98.66	vfdb	NP_286007	(yagW/ecpD) polymerized tip adhesin of ECP fibers [ECP (VF0404)] [Escherichia coli O157:H7 str. EDL933]	
AI-5395_16_16_assembly.fasta	AI-5395_16_16_1	1300465	1301218	+	yagV/ecpE	1-754/756	===============	0/0	99.74	96.82	vfdb	NP_286006	(yagV/ecpE) E. coli common pilus chaperone EcpE [ECP (VF0404)] [Escherichia coli O157:H7 str. EDL933]	
AI-5395_16_16_assembly.fasta	AI-5395_16_16_1	1586225	1587646	+	espX1	1-1422/1422	===============	0/0	100.00	94.80	vfdb	NP_285716	(espX1) Type III secretion system effector EspX1 [LEE encoded T3SS (SS020)] [Escherichia coli O157:H7 str. EDL933]	
AI-5395_16_16_assembly.fasta	AI-5395_16_16_1	1698370	1699281	-	fimH	1-912/912	===============	0/0	100.00	97.48	vfdb	NP_757248	(fimH) FimH protein precursor [Type 1 fimbriae (VF0221)] [Escherichia coli CFT073]	
AI-5395_16_16_assembly.fasta	AI-5395_16_16_1	1699292	1699795	-	fimG	1-504/504	===============	0/0	100.00	97.82	vfdb	NP_757247	(fimG) FimG protein precursor [Type 1 fimbriae (VF0221)] [Escherichia coli CFT073]	
AI-5395_16_16_assembly.fasta	AI-5395_16_16_1	1699808	1700341	-	fimF	1-534/534	===============	0/0	100.00	98.13	vfdb	NP_757245	(fimF) FimF protein precursor [Type 1 fimbriae (VF0221)] [Escherichia coli CFT073]	
AI-5395_16_16_assembly.fasta	AI-5395_16_16_1	1700348	1702984	-	fimD	1-2637/2637	===============	0/0	100.00	98.60	vfdb	NP_757244	(fimD) Outer membrane usher protein fimD precursor [Type 1 fimbriae (VF0221)] [Escherichia coli CFT073]	
AI-5395_16_16_assembly.fasta	AI-5395_16_16_1	1703051	1703776	-	fimC	1-726/726	===============	0/0	100.00	98.62	vfdb	NP_757243	(fimC) Chaperone protein fimC precursor [Type 1 fimbriae (VF0221)] [Escherichia coli CFT073]	
AI-5395_16_16_assembly.fasta	AI-5395_16_16_1	1703813	1704352	-	fimI	1-540/540	===============	0/0	100.00	99.07	vfdb	NP_757242	(fimI) Fimbrin-like protein fimI precursor [Type 1 fimbriae (VF0221)] [Escherichia coli CFT073]	
AI-5395_16_16_assembly.fasta	AI-5395_16_16_1	1704417	1705021	-	fimA	1-606/606	========/======	1/1	99.83	90.59	vfdb	NP_757241	(fimA) Type-1 fimbrial protein A chain precursor [Type 1 fimbriae (VF0221)] [Escherichia coli CFT073]	
AI-5395_16_16_assembly.fasta	AI-5395_16_16_1	1705445	1706041	-	fimE	1-597/597	===============	0/0	100.00	99.16	vfdb	NP_757240	(fimE) Type 1 fimbriae Regulatory protein fimE [Type 1 fimbriae (VF0221)] [Escherichia coli CFT073]	
AI-5395_16_16_assembly.fasta	AI-5395_16_16_1	1706519	1707121	-	fimB	1-603/603	===============	0/0	100.00	97.84	vfdb	NP_757239	(fimB) Type 1 fimbriae Regulatory protein fimB [Type 1 fimbriae (VF0221)] [Escherichia coli CFT073]	
AI-5395_16_16_assembly.fasta	AI-5395_16_16_1	1935337	1936629	+	espX5	1-1293/1293	===============	0/0	100.00	95.90	vfdb	NP_290699	(espX5) Type III secretion system effector EspX5 [LEE encoded T3SS (SS020)] [Escherichia coli O157:H7 str. EDL933]	
AI-5395_16_16_assembly.fasta	AI-5395_16_16_1	1966148	1967728	-	espX4	1-1581/1581	========/======	2/2	99.94	92.79	vfdb	NP_290672	(espX4) Type III secretion system effector EspX4 [LEE encoded T3SS (SS020)] [Escherichia coli O157:H7 str. EDL933]	
AI-5395_16_16_assembly.fasta	AI-5395_16_16_1	3117067	3117897	+	gspC	1-831/831	===============	0/0	100.00	95.07	vfdb	YP_404599	(gspC) general secretion pathway protein C [T2SS (VF0333)] [Shigella dysenteriae Sd197]	
AI-5395_16_16_assembly.fasta	AI-5395_16_16_1	3118137	3119987	+	gspD	1-1836/1836	========/======	1/15	100.00	97.57	vfdb	YP_404600	(gspD) general secretion pathway protein D [T2SS (VF0333)] [Shigella dysenteriae Sd197]	
AI-5395_16_16_assembly.fasta	AI-5395_16_16_1	3119987	3121480	+	gspE	1-1494/1494	===============	0/0	100.00	96.12	vfdb	YP_404601	(gspE) general secretion pathway protein E [T2SS (VF0333)] [Shigella dysenteriae Sd197]	
AI-5395_16_16_assembly.fasta	AI-5395_16_16_1	3121480	3122679	+	gspF	1-1200/1200	===============	0/0	100.00	97.08	vfdb	YP_404602	(gspF) general secretion pathway protein F [T2SS (VF0333)] [Shigella dysenteriae Sd197]	
AI-5395_16_16_assembly.fasta	AI-5395_16_16_1	3122720	3123175	+	gspG	1-456/456	===============	0/0	100.00	95.61	vfdb	YP_404603	(gspG) general secretion pathway protein G [T2SS (VF0333)] [Shigella dysenteriae Sd197]	
AI-5395_16_16_assembly.fasta	AI-5395_16_16_1	3123212	3123742	+	gspH	1-531/531	===============	0/0	100.00	95.29	vfdb	YP_404604	(gspH) general secretion pathway protein H [T2SS (VF0333)] [Shigella dysenteriae Sd197]	
AI-5395_16_16_assembly.fasta	AI-5395_16_16_1	3123739	3124110	+	gspI	1-372/372	===============	0/0	100.00	94.09	vfdb	YP_404605	(gspI) general secretion pathway protein I [T2SS (VF0333)] [Shigella dysenteriae Sd197]	
AI-5395_16_16_assembly.fasta	AI-5395_16_16_1	3124143	3124712	+	gspJ	1-570/570	===============	0/0	100.00	97.19	vfdb	YP_404606	(gspJ) general secretion pathway protein J [T2SS (VF0333)] [Shigella dysenteriae Sd197]	
AI-5395_16_16_assembly.fasta	AI-5395_16_16_1	3124709	3125686	+	gspK	1-978/978	===============	0/0	100.00	97.34	vfdb	YP_404607	(gspK) general secretion pathway protein K [T2SS (VF0333)] [Shigella dysenteriae Sd197]	
AI-5395_16_16_assembly.fasta	AI-5395_16_16_1	3126001	3126861	+	gspL	1-861/861	===============	0/0	100.00	97.33	vfdb	YP_404608	(gspL) general secretion pathway protein L [T2SS (VF0333)] [Shigella dysenteriae Sd197]	
AI-5395_16_16_assembly.fasta	AI-5395_16_16_1	3126977	3127399	+	gspM	1-423/423	===============	0/0	100.00	97.16	vfdb	YP_404609	(gspM) general secretion pathway protein M [T2SS (VF0333)] [Shigella dysenteriae Sd197]	
AI-5395_16_16_assembly.fasta	AI-5395_16_16_1	4473768	4475636	-	espL1	1-1899/1899	========/======	2/30	98.42	95.26	vfdb	NP_288154	(espL1) Type III secretion system effector espL1 [LEE encoded T3SS (SS020)] [Escherichia coli O157:H7 str. EDL933]	
AI-5395_16_16_assembly.fasta	AI-5395_16_16_1	4781992	4783047	+	espR1	198-1253/1260	..=============	0/0	83.81	93.84	vfdb	NP_287686	(espR1) Type III secretion system effector espR1 [LEE encoded T3SS (SS020)] [Escherichia coli O157:H7 str. EDL933]	
AI-5395_17_17_assembly.fasta	AI-5395_17_17_1	245532	247400	+	espL1	1-1899/1899	========/======	2/30	98.42	95.26	vfdb	NP_288154	(espL1) Type III secretion system effector espL1 [LEE encoded T3SS (SS020)] [Escherichia coli O157:H7 str. EDL933]	
AI-5395_17_17_assembly.fasta	AI-5395_17_17_1	1488396	1488818	-	gspM	1-423/423	===============	0/0	100.00	93.85	vfdb	YP_404609	(gspM) general secretion pathway protein M [T2SS (VF0333)] [Shigella dysenteriae Sd197]	
AI-5395_17_17_assembly.fasta	AI-5395_17_17_1	1488934	1489794	-	gspL	1-861/861	===============	0/0	100.00	97.56	vfdb	YP_404608	(gspL) general secretion pathway protein L [T2SS (VF0333)] [Shigella dysenteriae Sd197]	
AI-5395_17_17_assembly.fasta	AI-5395_17_17_1	1490109	1491086	-	gspK	1-978/978	===============	0/0	100.00	97.55	vfdb	YP_404607	(gspK) general secretion pathway protein K [T2SS (VF0333)] [Shigella dysenteriae Sd197]	
AI-5395_17_17_assembly.fasta	AI-5395_17_17_1	1491083	1491652	-	gspJ	1-570/570	===============	0/0	100.00	97.19	vfdb	YP_404606	(gspJ) general secretion pathway protein J [T2SS (VF0333)] [Shigella dysenteriae Sd197]	
AI-5395_17_17_assembly.fasta	AI-5395_17_17_1	1491685	1492056	-	gspI	1-372/372	===============	0/0	100.00	95.16	vfdb	YP_404605	(gspI) general secretion pathway protein I [T2SS (VF0333)] [Shigella dysenteriae Sd197]	
AI-5395_17_17_assembly.fasta	AI-5395_17_17_1	1492053	1492583	-	gspH	1-531/531	===============	0/0	100.00	96.05	vfdb	YP_404604	(gspH) general secretion pathway protein H [T2SS (VF0333)] [Shigella dysenteriae Sd197]	
AI-5395_17_17_assembly.fasta	AI-5395_17_17_1	1492620	1493075	-	gspG	1-456/456	===============	0/0	100.00	95.39	vfdb	YP_404603	(gspG) general secretion pathway protein G [T2SS (VF0333)] [Shigella dysenteriae Sd197]	
AI-5395_17_17_assembly.fasta	AI-5395_17_17_1	1493116	1494315	-	gspF	1-1200/1200	===============	0/0	100.00	96.17	vfdb	YP_404602	(gspF) general secretion pathway protein F [T2SS (VF0333)] [Shigella dysenteriae Sd197]	
AI-5395_17_17_assembly.fasta	AI-5395_17_17_1	1494315	1495808	-	gspE	1-1494/1494	===============	0/0	100.00	96.45	vfdb	YP_404601	(gspE) general secretion pathway protein E [T2SS (VF0333)] [Shigella dysenteriae Sd197]	
AI-5395_17_17_assembly.fasta	AI-5395_17_17_1	1495808	1497658	-	gspD	1-1836/1836	========/======	1/15	100.00	97.25	vfdb	YP_404600	(gspD) general secretion pathway protein D [T2SS (VF0333)] [Shigella dysenteriae Sd197]	
AI-5395_17_17_assembly.fasta	AI-5395_17_17_1	1497898	1498728	-	gspC	1-831/831	===============	0/0	100.00	95.07	vfdb	YP_404599	(gspC) general secretion pathway protein C [T2SS (VF0333)] [Shigella dysenteriae Sd197]	
AI-5395_17_17_assembly.fasta	AI-5395_17_17_1	2657598	2659178	+	espX4	1-1581/1581	========/======	2/2	99.94	92.98	vfdb	NP_290672	(espX4) Type III secretion system effector EspX4 [LEE encoded T3SS (SS020)] [Escherichia coli O157:H7 str. EDL933]	
AI-5395_17_17_assembly.fasta	AI-5395_17_17_1	2688704	2689996	-	espX5	1-1293/1293	===============	0/0	100.00	95.90	vfdb	NP_290699	(espX5) Type III secretion system effector EspX5 [LEE encoded T3SS (SS020)] [Escherichia coli O157:H7 str. EDL933]	
AI-5395_17_17_assembly.fasta	AI-5395_17_17_1	2916676	2917278	+	fimB	1-603/603	===============	0/0	100.00	98.01	vfdb	NP_757239	(fimB) Type 1 fimbriae Regulatory protein fimB [Type 1 fimbriae (VF0221)] [Escherichia coli CFT073]	
AI-5395_17_17_assembly.fasta	AI-5395_17_17_1	2917756	2918352	+	fimE	1-597/597	===============	0/0	100.00	99.16	vfdb	NP_757240	(fimE) Type 1 fimbriae Regulatory protein fimE [Type 1 fimbriae (VF0221)] [Escherichia coli CFT073]	
AI-5395_17_17_assembly.fasta	AI-5395_17_17_1	2918776	2919380	+	fimA	1-606/606	========/======	1/1	99.83	90.59	vfdb	NP_757241	(fimA) Type-1 fimbrial protein A chain precursor [Type 1 fimbriae (VF0221)] [Escherichia coli CFT073]	
AI-5395_17_17_assembly.fasta	AI-5395_17_17_1	2919445	2919984	+	fimI	1-540/540	===============	0/0	100.00	99.07	vfdb	NP_757242	(fimI) Fimbrin-like protein fimI precursor [Type 1 fimbriae (VF0221)] [Escherichia coli CFT073]	
AI-5395_17_17_assembly.fasta	AI-5395_17_17_1	2920021	2920746	+	fimC	1-726/726	===============	0/0	100.00	97.93	vfdb	NP_757243	(fimC) Chaperone protein fimC precursor [Type 1 fimbriae (VF0221)] [Escherichia coli CFT073]	
AI-5395_17_17_assembly.fasta	AI-5395_17_17_1	2920813	2923449	+	fimD	1-2637/2637	===============	0/0	100.00	98.71	vfdb	NP_757244	(fimD) Outer membrane usher protein fimD precursor [Type 1 fimbriae (VF0221)] [Escherichia coli CFT073]	
AI-5395_17_17_assembly.fasta	AI-5395_17_17_1	2923456	2923989	+	fimF	1-534/534	===============	0/0	100.00	96.44	vfdb	NP_757245	(fimF) FimF protein precursor [Type 1 fimbriae (VF0221)] [Escherichia coli CFT073]	
AI-5395_17_17_assembly.fasta	AI-5395_17_17_1	2924002	2924505	+	fimG	1-504/504	===============	0/0	100.00	97.62	vfdb	NP_757247	(fimG) FimG protein precursor [Type 1 fimbriae (VF0221)] [Escherichia coli CFT073]	
AI-5395_17_17_assembly.fasta	AI-5395_17_17_1	2924516	2925427	+	fimH	1-912/912	===============	0/0	100.00	97.81	vfdb	NP_757248	(fimH) FimH protein precursor [Type 1 fimbriae (VF0221)] [Escherichia coli CFT073]	
AI-5395_17_17_assembly.fasta	AI-5395_17_17_1	3078041	3079461	-	espX1	1-1422/1422	========/======	1/1	99.93	94.58	vfdb	NP_285716	(espX1) Type III secretion system effector EspX1 [LEE encoded T3SS (SS020)] [Escherichia coli O157:H7 str. EDL933]	
AI-5395_17_17_assembly.fasta	AI-5395_17_17_1	3375036	3375789	-	yagV/ecpE	1-754/756	===============	0/0	99.74	96.82	vfdb	NP_286006	(yagV/ecpE) E. coli common pilus chaperone EcpE [ECP (VF0404)] [Escherichia coli O157:H7 str. EDL933]	
AI-5395_17_17_assembly.fasta	AI-5395_17_17_1	3375713	3377356	-	yagW/ecpD	1-1644/1644	===============	0/0	100.00	98.60	vfdb	NP_286007	(yagW/ecpD) polymerized tip adhesin of ECP fibers [ECP (VF0404)] [Escherichia coli O157:H7 str. EDL933]	
AI-5395_17_17_assembly.fasta	AI-5395_17_17_1	3377346	3379871	-	yagX/ecpC	1-2526/2526	===============	0/0	100.00	98.65	vfdb	NP_286008	(yagX/ecpC) E. coli common pilus usher EcpC [ECP (VF0404)] [Escherichia coli O157:H7 str. EDL933]	
AI-5395_17_17_assembly.fasta	AI-5395_17_17_1	3379897	3380565	-	yagY/ecpB	1-669/669	===============	0/0	100.00	98.66	vfdb	NP_286009	(yagY/ecpB) E. coli common pilus chaperone EcpB [ECP (VF0404)] [Escherichia coli O157:H7 str. EDL933]	
AI-5395_17_17_assembly.fasta	AI-5395_17_17_1	3380623	3381210	-	yagZ/ecpA	1-588/588	===============	0/0	100.00	99.32	vfdb	NP_286010	(yagZ/ecpA) E. coli common pilus structural subunit EcpA [ECP (VF0404)] [Escherichia coli O157:H7 str. EDL933]	
AI-5395_17_17_assembly.fasta	AI-5395_17_17_1	3381285	3381875	-	ykgK/ecpR	1-591/591	===============	0/0	100.00	97.63	vfdb	NP_286011	(ykgK/ecpR) regulator protein EcpR [ECP (VF0404)] [Escherichia coli O157:H7 str. EDL933]	
AI-5395_17_17_assembly.fasta	AI-5395_17_17_1	3384895	3389120	+	fdeC	1-4229/4251	========/======	1/3	99.41	92.41	vfdb	YP_002390132	(fdeC) adhesin FdeC [FdeC (VF0506)] [Escherichia coli O45:K1:H7 str. S88]	
AI-5395_17_17_assembly.fasta	AI-5395_17_17_1	3724366	3725136	-	entD	1-771/771	===============	0/0	100.00	94.68	vfdb	NP_752599	(entD) phosphopantetheinyl transferase component of enterobactin synthase multienzyme complex [Enterobactin (VF0228)] [Escherichia coli CFT073]	
AI-5395_17_17_assembly.fasta	AI-5395_17_17_1	3725161	3727401	-	fepA	1-2241/2241	===============	0/0	100.00	96.92	vfdb	NP_752600	(fepA) ferrienterobactin outer membrane transporter [Enterobactin (VF0228)] [Escherichia coli CFT073]	
AI-5395_17_17_assembly.fasta	AI-5395_17_17_1	3727644	3728846	+	fes	1-1203/1203	===============	0/0	100.00	96.76	vfdb	NP_752602	(fes) enterobactin/ferric enterobactin esterase [enterobactin (IA019)] [Escherichia coli CFT073]	
AI-5395_17_17_assembly.fasta	AI-5395_17_17_1	3729064	3732917	+	entF	1-3854/3882	===============	0/0	99.28	95.36	vfdb	NP_752604	(entF) enterobactin synthase multienzyme complex component ATP-dependent [Enterobactin (VF0228)] [Escherichia coli CFT073]	
AI-5395_17_17_assembly.fasta	AI-5395_17_17_1	3734291	3735106	-	fepC	1-816/816	===============	0/0	100.00	97.06	vfdb	NP_752606	(fepC) ferrienterobactin ABC transporter ATPase [Enterobactin (VF0228)] [Escherichia coli CFT073]	
AI-5395_17_17_assembly.fasta	AI-5395_17_17_1	3735103	3736095	-	fepG	1-993/993	===============	0/0	100.00	94.56	vfdb	NP_752607	(fepG) iron-enterobactin ABC transporter permease [Enterobactin (VF0228)] [Escherichia coli CFT073]	
AI-5395_17_17_assembly.fasta	AI-5395_17_17_1	3736092	3737108	-	fepD	1-1017/1017	===============	0/0	100.00	95.77	vfdb	NP_752608	(fepD) ferrienterobactin ABC transporter permease [Enterobactin (VF0228)] [Escherichia coli CFT073]	
AI-5395_17_17_assembly.fasta	AI-5395_17_17_1	3737207	3738457	+	entS	1-1251/1251	===============	0/0	100.00	95.60	vfdb	NP_752609	(entS) enterobactin exporter iron-regulated [enterobactin (IA019)] [Escherichia coli CFT073]	
AI-5395_17_17_assembly.fasta	AI-5395_17_17_1	3738461	3739417	-	fepB	1-957/957	===============	0/0	100.00	97.39	vfdb	NP_752610	(fepB) ferrienterobactin ABC transporter periplasmic binding protein [Enterobactin (VF0228)] [Escherichia coli CFT073]	
AI-5395_17_17_assembly.fasta	AI-5395_17_17_1	3739594	3740781	+	entC	1-1188/1188	===============	0/0	100.00	97.90	vfdb	NP_752611	(entC) isochorismate synthase 1 [Enterobactin (VF0228)] [Escherichia coli CFT073]	
AI-5395_17_17_assembly.fasta	AI-5395_17_17_1	3740791	3742401	+	entE	1-1611/1611	===============	0/0	100.00	95.90	vfdb	NP_752612	(entE) 23-dihydroxybenzoate-AMP ligase component of enterobactin synthase multienzyme complex [Enterobactin (VF0228)] [Escherichia coli CFT073]	
AI-5395_17_17_assembly.fasta	AI-5395_17_17_1	3742415	3743272	+	entB	1-858/858	===============	0/0	100.00	97.79	vfdb	NP_752613	(entB) isochorismatase [Enterobactin (VF0228)] [Escherichia coli CFT073]	
AI-5395_17_17_assembly.fasta	AI-5395_17_17_1	3743272	3744018	+	entA	1-747/747	===============	0/0	100.00	95.05	vfdb	NP_752614	(entA) 23-dihydro-23-dihydroxybenzoate dehydrogenase [Enterobactin (VF0228)] [Escherichia coli CFT073]	
AI-5395_17_17_assembly.fasta	AI-5395_17_17_1	4200376	4201416	-	ompA	1-1041/1041	===============	0/0	100.00	98.08	vfdb	AAF37887	(ompA) outer membrane protein A [OmpA (VF0236)] [Escherichia coli O18:K1:H7 str. RS218]	
AI-5395_17_17_assembly.fasta	AI-5395_17_17_1	4280656	4281489	-	csgG	1-834/834	===============	0/0	100.00	83.09	vfdb	NP_460110	(csgG) curli production assembly/transport protein CsgG [Agf (VF0103)] [Salmonella enterica subsp. enterica serovar Typhimurium str. LT2]	
AI-5395_17_17_assembly.fasta	AI-5395_17_17_1	4281516	4281932	-	csgF	1-417/417	========/======	3/8	99.04	81.23	vfdb	NP_460111	(csgF) curli production assembly/transport protein CsgF [Agf (VF0103)] [Salmonella enterica subsp. enterica serovar Typhimurium str. LT2]	
AI-5395_17_17_assembly.fasta	AI-5395_17_17_1	4282351	4283001	-	csgD	1-651/651	===============	0/0	100.00	81.11	vfdb	NP_460113	(csgD) DNA-binding transcriptional regulator CsgD [curli fibers/thin aggregative fimbriae (AGF) (AI094)] [Salmonella enterica subsp. enterica serovar Typhimurium str. LT2]	
AI-5395_17_17_assembly.fasta	AI-5395_17_17_1	4283755	4284210	+	csgB	1-456/456	========/======	2/2	99.78	83.81	vfdb	NP_460114	(csgB) minor curlin subunit precursor curli nucleator protein CsgB [Agf (VF0103)] [Salmonella enterica subsp. enterica serovar Typhimurium str. LT2]	
AI-5395_17_17_assembly.fasta	AI-5395_17_17_1	4675267	4676322	-	espR1	198-1253/1260	..=============	0/0	83.81	94.03	vfdb	NP_287686	(espR1) Type III secretion system effector espR1 [LEE encoded T3SS (SS020)] [Escherichia coli O157:H7 str. EDL933]	
AI-5395_17_17_assembly.fasta	AI-5395_17_17_2	46324	47075	+	paa	1-752/759	===============	0/0	99.08	90.16	vfdb	NP_287515	(paa) outer membrane adhesin Paa [Paa (VF0194)] [Escherichia coli O157:H7 str. EDL933]	
AI-5395_18_18_assembly.fasta	AI-5395_18_18_1	671778	673082	-	ybtS	1-1305/1305	===============	0/0	100.00	99.77	vfdb	NP_405477	(ybtS) salicylate synthase Irp9 [Yersiniabactin (VF0136)] [Yersinia pestis CO92]	
AI-5395_18_18_assembly.fasta	AI-5395_18_18_1	673110	674390	-	ybtX	1-1281/1281	===============	0/0	100.00	99.61	vfdb	NP_405476	(ybtX) putative signal transducer [Yersiniabactin (VF0136)] [Yersinia pestis CO92]	
AI-5395_18_18_assembly.fasta	AI-5395_18_18_1	674383	676185	-	ybtQ	1-1803/1803	===============	0/0	100.00	99.78	vfdb	NP_405475	(ybtQ) inner membrane ABC-transporter YbtQ [Yersiniabactin (VF0136)] [Yersinia pestis CO92]	
AI-5395_18_18_assembly.fasta	AI-5395_18_18_1	676172	677974	-	ybtP	1-1803/1803	===============	0/0	100.00	99.61	vfdb	NP_405474	(ybtP) lipoprotein inner membrane ABC-transporter [Yersiniabactin (VF0136)] [Yersinia pestis CO92]	
AI-5395_18_18_assembly.fasta	AI-5395_18_18_1	678141	679100	+	ybtA	1-960/960	===============	0/0	100.00	99.48	vfdb	NP_405473	(ybtA) transcriptional regulator YbtA [Yersiniabactin (VF0136)] [Yersinia pestis CO92]	
AI-5395_18_18_assembly.fasta	AI-5395_18_18_1	679291	685395	+	irp2	1-6106/6108	========/======	1/1	99.95	98.87	vfdb	NP_405472	(irp2) yersiniabactin biosynthetic protein Irp2 [Yersiniabactin (VF0136)] [Yersinia pestis CO92]	
AI-5395_18_18_assembly.fasta	AI-5395_18_18_1	685485	694976	+	irp1	1-9492/9492	===============	0/0	100.00	99.33	vfdb	NP_405471	(irp1) yersiniabactin biosynthetic protein Irp1 [Yersiniabactin (VF0136)] [Yersinia pestis CO92]	
AI-5395_18_18_assembly.fasta	AI-5395_18_18_1	694973	696073	+	ybtU	1-1101/1101	===============	0/0	100.00	99.73	vfdb	NP_405470	(ybtU) yersiniabactin biosynthetic protein YbtU [Yersiniabactin (VF0136)] [Yersinia pestis CO92]	
AI-5395_18_18_assembly.fasta	AI-5395_18_18_1	696070	696873	+	ybtT	1-804/804	===============	0/0	100.00	99.50	vfdb	NP_405469	(ybtT) yersiniabactin biosynthetic protein YbtT [Yersiniabactin (VF0136)] [Yersinia pestis CO92]	
AI-5395_18_18_assembly.fasta	AI-5395_18_18_1	696877	698454	+	ybtE	1-1578/1578	===============	0/0	100.00	99.81	vfdb	NP_405468	(ybtE) yersiniabactin siderophore biosynthetic protein [Yersiniabactin (VF0136)] [Yersinia pestis CO92]	
AI-5395_18_18_assembly.fasta	AI-5395_18_18_1	698585	700606	+	fyuA	1-2022/2022	===============	0/0	100.00	99.95	vfdb	NP_405467	(fyuA) pesticin/yersiniabactin receptor protein [Yersiniabactin (VF0136)] [Yersinia pestis CO92]	
AI-5395_18_18_assembly.fasta	AI-5395_18_18_1	1836803	1837354	-	papX	1-552/552	===============	0/0	100.00	97.46	vfdb	NP_755457	(papX) PapX protein regulates flagellum synthesis to repress motility [P fimbriae (CVF425)] [Escherichia coli CFT073]	
AI-5395_18_18_assembly.fasta	AI-5395_18_18_1	1839128	1839441	-	papB	1-315/315	========/======	1/1	99.68	98.41	vfdb		(papB) regulatory protein PapB [P fimbriae (VF0220)] [Escherichia coli CFT073]	
AI-5395_18_18_assembly.fasta	AI-5395_18_18_1	1839846	1840079	+	papI	1-234/234	===============	0/0	100.00	94.87	vfdb	NP_755468	(papI) regulatory protein PapI [P fimbriae (VF0220)] [Escherichia coli CFT073]	
AI-5395_18_18_assembly.fasta	AI-5395_18_18_1	1848546	1850327	+	iucA	1-1782/1782	===============	0/0	100.00	99.83	vfdb	NP_709454	(iucA) aerobactin synthesis protein IucA [Aerobactin (VF0123)] [Shigella flexneri 2a str. 301]	
AI-5395_18_18_assembly.fasta	AI-5395_18_18_1	1850328	1851275	+	iucB	1-948/948	===============	0/0	100.00	99.79	vfdb	NP_709455	(iucB) aerobactin synthesis protein IucB [Aerobactin (VF0123)] [Shigella flexneri 2a str. 301]	
AI-5395_18_18_assembly.fasta	AI-5395_18_18_1	1851275	1853017	+	iucC	1-1743/1743	===============	0/0	100.00	98.16	vfdb	NP_755500	(iucC) aerobactin siderophore biosynthesis protein IucC [Aerobactin (VF0229)] [Escherichia coli CFT073]	
AI-5395_18_18_assembly.fasta	AI-5395_18_18_1	1853014	1854335	+	iucD	1-1323/1338	========/======	1/1	98.80	96.30	vfdb	NP_755499	(iucD) L-lysine 6-monooxygenase IucD [Aerobactin (VF0229)] [Escherichia coli CFT073]	
AI-5395_18_18_assembly.fasta	AI-5395_18_18_1	1854273	1856574	+	iutA	1-2280/2280	========/======	3/24	99.96	88.32	vfdb	NP_755498	(iutA) ferric aerobactin receptor precusor IutA [Aerobactin (VF0229)] [Escherichia coli CFT073]	
AI-5395_18_18_assembly.fasta	AI-5395_18_18_1	1857509	1861410	+	sat	1-3900/3900	========/======	1/2	100.00	99.46	vfdb	NP_755494	(sat) Aecreted auto transpoter toxin [Sat (VF0231)] [Escherichia coli CFT073]	
AI-5395_18_18_assembly.fasta	AI-5395_18_18_1	1876097	1877773	+	kpsD	1-1677/1677	===============	0/0	100.00	99.05	vfdb	AAA21682	(kpsD) KpsD [K1 capsule (VF0239)] [Escherichia coli O18:K1:H7 str. RS218]	
AI-5395_18_18_assembly.fasta	AI-5395_18_18_1	1888435	1889094	-	kpsT	1-660/660	===============	0/0	100.00	100.00	vfdb	AAA24047	(kpsT) KpsT [K1 capsule (VF0239)] [Escherichia coli O18:K1:H7 str. RS218]	
AI-5395_18_18_assembly.fasta	AI-5395_18_18_1	1889091	1889867	-	kpsM	1-777/777	===============	0/0	100.00	99.87	vfdb	AAA24046	(kpsM) KpsM [K1 capsule (VF0239)] [Escherichia coli O18:K1:H7 str. RS218]	
AI-5395_18_18_assembly.fasta	AI-5395_18_18_1	1890927	1891348	-	gspM	1-422/423	===============	0/0	99.76	93.60	vfdb	YP_404609	(gspM) general secretion pathway protein M [T2SS (VF0333)] [Shigella dysenteriae Sd197]	
AI-5395_18_18_assembly.fasta	AI-5395_18_18_1	1891464	1892324	-	gspL	1-861/861	===============	0/0	100.00	94.77	vfdb	YP_404608	(gspL) general secretion pathway protein L [T2SS (VF0333)] [Shigella dysenteriae Sd197]	
AI-5395_18_18_assembly.fasta	AI-5395_18_18_1	1892639	1893616	-	gspK	1-978/978	===============	0/0	100.00	96.63	vfdb	YP_404607	(gspK) general secretion pathway protein K [T2SS (VF0333)] [Shigella dysenteriae Sd197]	
AI-5395_18_18_assembly.fasta	AI-5395_18_18_1	1893613	1894182	-	gspJ	1-570/570	===============	0/0	100.00	94.39	vfdb	YP_404606	(gspJ) general secretion pathway protein J [T2SS (VF0333)] [Shigella dysenteriae Sd197]	
AI-5395_18_18_assembly.fasta	AI-5395_18_18_1	1894215	1894586	-	gspI	1-372/372	===============	0/0	100.00	92.20	vfdb	YP_404605	(gspI) general secretion pathway protein I [T2SS (VF0333)] [Shigella dysenteriae Sd197]	
AI-5395_18_18_assembly.fasta	AI-5395_18_18_1	1894583	1895113	-	gspH	1-531/531	===============	0/0	100.00	94.73	vfdb	YP_404604	(gspH) general secretion pathway protein H [T2SS (VF0333)] [Shigella dysenteriae Sd197]	
AI-5395_18_18_assembly.fasta	AI-5395_18_18_1	1895150	1895605	-	gspG	1-456/456	===============	0/0	100.00	96.05	vfdb	YP_404603	(gspG) general secretion pathway protein G [T2SS (VF0333)] [Shigella dysenteriae Sd197]	
AI-5395_18_18_assembly.fasta	AI-5395_18_18_1	1895646	1896845	-	gspF	1-1200/1200	===============	0/0	100.00	94.17	vfdb	YP_404602	(gspF) general secretion pathway protein F [T2SS (VF0333)] [Shigella dysenteriae Sd197]	
AI-5395_18_18_assembly.fasta	AI-5395_18_18_1	1896845	1898338	-	gspE	1-1494/1494	===============	0/0	100.00	94.91	vfdb	YP_404601	(gspE) general secretion pathway protein E [T2SS (VF0333)] [Shigella dysenteriae Sd197]	
AI-5395_18_18_assembly.fasta	AI-5395_18_18_1	1898338	1900188	-	gspD	1-1836/1836	========/======	1/15	100.00	96.06	vfdb	YP_404600	(gspD) general secretion pathway protein D [T2SS (VF0333)] [Shigella dysenteriae Sd197]	
AI-5395_18_18_assembly.fasta	AI-5395_18_18_1	1900428	1901258	-	gspC	1-831/831	===============	0/0	100.00	93.86	vfdb	YP_404599	(gspC) general secretion pathway protein C [T2SS (VF0333)] [Shigella dysenteriae Sd197]	
AI-5395_18_18_assembly.fasta	AI-5395_18_18_1	2449983	2451011	-	chuS	1-1029/1029	===============	0/0	100.00	99.51	vfdb	NP_756169	(chuS) heme oxygenase ChuS [Chu (VF0227)] [Escherichia coli CFT073]	
AI-5395_18_18_assembly.fasta	AI-5395_18_18_1	2451060	2453006	-	chuA	1-1947/1947	===============	0/0	100.00	99.69	vfdb	NP_756170	(chuA) Outer membrane heme/hemoglobin receptor ChuA [Chu (VF0227)] [Escherichia coli CFT073]	
AI-5395_18_18_assembly.fasta	AI-5395_18_18_1	2453648	2454640	+	chuT	1-993/993	===============	0/0	100.00	99.70	vfdb	NP_756175	(chuT) periplasmic heme-binding protein ChuT [Chu (VF0227)] [Escherichia coli CFT073]	
AI-5395_18_18_assembly.fasta	AI-5395_18_18_1	2454660	2455997	+	chuW	1-1338/1338	===============	0/0	100.00	99.10	vfdb	NP_756176	(chuW) Putative oxygen independent coproporphyrinogen III oxidase [Chu (VF0227)] [Escherichia coli CFT073]	
AI-5395_18_18_assembly.fasta	AI-5395_18_18_1	2456010	2456504	+	chuX	1-495/495	===============	0/0	100.00	100.00	vfdb	NP_756177	(chuX) putative heme-binding protein ChuX [Chu (VF0227)] [Escherichia coli CFT073]	
AI-5395_18_18_assembly.fasta	AI-5395_18_18_1	2456504	2457127	+	chuY	1-624/624	===============	0/0	100.00	98.40	vfdb	NP_756178	(chuY) ChuY [Chu (VF0227)] [Escherichia coli CFT073]	
AI-5395_18_18_assembly.fasta	AI-5395_18_18_1	2457176	2458168	+	chuU	1-993/993	===============	0/0	100.00	99.50	vfdb	NP_756179	(chuU) heme permease protein ChuU [Chu (VF0227)] [Escherichia coli CFT073]	
AI-5395_18_18_assembly.fasta	AI-5395_18_18_1	2458135	2458935	+	chuV	1-801/801	===============	0/0	100.00	99.75	vfdb	NP_756180	(chuV) ATP-binding hydrophilic protein ChuV [Chu (VF0227)] [Escherichia coli CFT073]	
AI-5395_18_18_assembly.fasta	AI-5395_18_18_1	2797644	2799072	-	aslA	1-1428/1428	========/======	1/1	100.00	98.46	vfdb	AAG10151	(aslA) putative arylsulfatase [AslA (VF0238)] [Escherichia coli O18:K1:H7 str. RS218]	
AI-5395_18_18_assembly.fasta	AI-5395_18_18_1	3496351	3496953	+	fimB	1-603/603	===============	0/0	100.00	98.18	vfdb	NP_757239	(fimB) Type 1 fimbriae Regulatory protein fimB [Type 1 fimbriae (VF0221)] [Escherichia coli CFT073]	
AI-5395_18_18_assembly.fasta	AI-5395_18_18_1	3497431	3498027	+	fimE	1-597/597	===============	0/0	100.00	98.66	vfdb	NP_757240	(fimE) Type 1 fimbriae Regulatory protein fimE [Type 1 fimbriae (VF0221)] [Escherichia coli CFT073]	
AI-5395_18_18_assembly.fasta	AI-5395_18_18_1	3498452	3499057	+	fimA	1-606/606	===============	0/0	100.00	92.24	vfdb	NP_757241	(fimA) Type-1 fimbrial protein A chain precursor [Type 1 fimbriae (VF0221)] [Escherichia coli CFT073]	
AI-5395_18_18_assembly.fasta	AI-5395_18_18_1	3499122	3499661	+	fimI	1-540/540	===============	0/0	100.00	98.33	vfdb	NP_757242	(fimI) Fimbrin-like protein fimI precursor [Type 1 fimbriae (VF0221)] [Escherichia coli CFT073]	
AI-5395_18_18_assembly.fasta	AI-5395_18_18_1	3499698	3500423	+	fimC	1-726/726	===============	0/0	100.00	98.48	vfdb	NP_757243	(fimC) Chaperone protein fimC precursor [Type 1 fimbriae (VF0221)] [Escherichia coli CFT073]	
AI-5395_18_18_assembly.fasta	AI-5395_18_18_1	3500490	3503126	+	fimD	1-2637/2637	===============	0/0	100.00	98.26	vfdb	NP_757244	(fimD) Outer membrane usher protein fimD precursor [Type 1 fimbriae (VF0221)] [Escherichia coli CFT073]	
AI-5395_18_18_assembly.fasta	AI-5395_18_18_1	3503133	3503666	+	fimF	1-534/534	===============	0/0	100.00	97.38	vfdb	NP_757245	(fimF) FimF protein precursor [Type 1 fimbriae (VF0221)] [Escherichia coli CFT073]	
AI-5395_18_18_assembly.fasta	AI-5395_18_18_1	3503679	3504182	+	fimG	1-504/504	===============	0/0	100.00	98.02	vfdb	NP_757247	(fimG) FimG protein precursor [Type 1 fimbriae (VF0221)] [Escherichia coli CFT073]	
AI-5395_18_18_assembly.fasta	AI-5395_18_18_1	3504193	3505104	+	fimH	1-912/912	===============	0/0	100.00	97.15	vfdb	NP_757248	(fimH) FimH protein precursor [Type 1 fimbriae (VF0221)] [Escherichia coli CFT073]	
AI-5395_18_18_assembly.fasta	AI-5395_18_18_1	3929988	3934118	-	vat	1-4131/4131	===============	0/0	100.00	99.71	vfdb	NP_752330	(vat) Haemoglobin protease [Tsh (VF0233)] [Escherichia coli CFT073]	
AI-5395_18_18_assembly.fasta	AI-5395_18_18_1	3937735	3938488	-	yagV/ecpE	1-754/756	===============	0/0	99.74	98.41	vfdb	NP_286006	(yagV/ecpE) E. coli common pilus chaperone EcpE [ECP (VF0404)] [Escherichia coli O157:H7 str. EDL933]	
AI-5395_18_18_assembly.fasta	AI-5395_18_18_1	3938412	3940055	-	yagW/ecpD	1-1644/1644	===============	0/0	100.00	99.15	vfdb	NP_286007	(yagW/ecpD) polymerized tip adhesin of ECP fibers [ECP (VF0404)] [Escherichia coli O157:H7 str. EDL933]	
AI-5395_18_18_assembly.fasta	AI-5395_18_18_1	3940045	3942570	-	yagX/ecpC	1-2526/2526	===============	0/0	100.00	97.66	vfdb	NP_286008	(yagX/ecpC) E. coli common pilus usher EcpC [ECP (VF0404)] [Escherichia coli O157:H7 str. EDL933]	
AI-5395_18_18_assembly.fasta	AI-5395_18_18_1	3942596	3943264	-	yagY/ecpB	1-669/669	===============	0/0	100.00	98.06	vfdb	NP_286009	(yagY/ecpB) E. coli common pilus chaperone EcpB [ECP (VF0404)] [Escherichia coli O157:H7 str. EDL933]	
AI-5395_18_18_assembly.fasta	AI-5395_18_18_1	3943321	3943908	-	yagZ/ecpA	1-588/588	===============	0/0	100.00	98.47	vfdb	NP_286010	(yagZ/ecpA) E. coli common pilus structural subunit EcpA [ECP (VF0404)] [Escherichia coli O157:H7 str. EDL933]	
AI-5395_18_18_assembly.fasta	AI-5395_18_18_1	3943983	3944573	-	ykgK/ecpR	1-591/591	===============	0/0	100.00	99.32	vfdb	NP_286011	(ykgK/ecpR) regulator protein EcpR [ECP (VF0404)] [Escherichia coli O157:H7 str. EDL933]	
AI-5395_18_18_assembly.fasta	AI-5395_18_18_1	3953826	3958076	+	fdeC	1-4251/4251	===============	0/0	100.00	99.62	vfdb	YP_002390132	(fdeC) adhesin FdeC [FdeC (VF0506)] [Escherichia coli O45:K1:H7 str. S88]	
AI-5395_18_18_assembly.fasta	AI-5395_18_18_1	4228210	4228871	-	entD	1-662/771	=============..	0/0	85.86	92.75	vfdb	NP_752599	(entD) phosphopantetheinyl transferase component of enterobactin synthase multienzyme complex [Enterobactin (VF0228)] [Escherichia coli CFT073]	
AI-5395_18_18_assembly.fasta	AI-5395_18_18_1	4228896	4231136	-	fepA	1-2241/2241	===============	0/0	100.00	98.88	vfdb	NP_752600	(fepA) ferrienterobactin outer membrane transporter [Enterobactin (VF0228)] [Escherichia coli CFT073]	
AI-5395_18_18_assembly.fasta	AI-5395_18_18_1	4231379	4232581	+	fes	1-1203/1203	===============	0/0	100.00	99.75	vfdb	NP_752602	(fes) enterobactin/ferric enterobactin esterase [enterobactin (IA019)] [Escherichia coli CFT073]	
AI-5395_18_18_assembly.fasta	AI-5395_18_18_1	4232799	4236652	+	entF	1-3854/3882	===============	0/0	99.28	98.36	vfdb	NP_752604	(entF) enterobactin synthase multienzyme complex component ATP-dependent [Enterobactin (VF0228)] [Escherichia coli CFT073]	
AI-5395_18_18_assembly.fasta	AI-5395_18_18_1	4238026	4238841	-	fepC	1-816/816	===============	0/0	100.00	99.39	vfdb	NP_752606	(fepC) ferrienterobactin ABC transporter ATPase [Enterobactin (VF0228)] [Escherichia coli CFT073]	
AI-5395_18_18_assembly.fasta	AI-5395_18_18_1	4238838	4239830	-	fepG	1-993/993	===============	0/0	100.00	99.80	vfdb	NP_752607	(fepG) iron-enterobactin ABC transporter permease [Enterobactin (VF0228)] [Escherichia coli CFT073]	
AI-5395_18_18_assembly.fasta	AI-5395_18_18_1	4239827	4240843	-	fepD	1-1017/1017	===============	0/0	100.00	99.51	vfdb	NP_752608	(fepD) ferrienterobactin ABC transporter permease [Enterobactin (VF0228)] [Escherichia coli CFT073]	
AI-5395_18_18_assembly.fasta	AI-5395_18_18_1	4240942	4242192	+	entS	1-1251/1251	===============	0/0	100.00	98.80	vfdb	NP_752609	(entS) enterobactin exporter iron-regulated [enterobactin (IA019)] [Escherichia coli CFT073]	
AI-5395_18_18_assembly.fasta	AI-5395_18_18_1	4242196	4243152	-	fepB	1-957/957	===============	0/0	100.00	99.79	vfdb	NP_752610	(fepB) ferrienterobactin ABC transporter periplasmic binding protein [Enterobactin (VF0228)] [Escherichia coli CFT073]	
AI-5395_18_18_assembly.fasta	AI-5395_18_18_1	4243329	4244516	+	entC	1-1188/1188	===============	0/0	100.00	99.66	vfdb	NP_752611	(entC) isochorismate synthase 1 [Enterobactin (VF0228)] [Escherichia coli CFT073]	
AI-5395_18_18_assembly.fasta	AI-5395_18_18_1	4244526	4246136	+	entE	1-1611/1611	===============	0/0	100.00	99.13	vfdb	NP_752612	(entE) 23-dihydroxybenzoate-AMP ligase component of enterobactin synthase multienzyme complex [Enterobactin (VF0228)] [Escherichia coli CFT073]	
AI-5395_18_18_assembly.fasta	AI-5395_18_18_1	4246150	4247007	+	entB	1-858/858	===============	0/0	100.00	99.18	vfdb	NP_752613	(entB) isochorismatase [Enterobactin (VF0228)] [Escherichia coli CFT073]	
AI-5395_18_18_assembly.fasta	AI-5395_18_18_1	4247007	4247753	+	entA	1-747/747	===============	0/0	100.00	98.39	vfdb	NP_752614	(entA) 23-dihydro-23-dihydroxybenzoate dehydrogenase [Enterobactin (VF0228)] [Escherichia coli CFT073]	
AI-5395_18_18_assembly.fasta	AI-5395_18_18_1	4605473	4606513	-	ompA	1-1041/1041	===============	0/0	100.00	99.52	vfdb	AAF37887	(ompA) outer membrane protein A [OmpA (VF0236)] [Escherichia coli O18:K1:H7 str. RS218]	
AI-5395_18_18_assembly.fasta	AI-5395_18_18_1	4673484	4674317	-	csgG	1-834/834	===============	0/0	100.00	83.33	vfdb	NP_460110	(csgG) curli production assembly/transport protein CsgG [Agf (VF0103)] [Salmonella enterica subsp. enterica serovar Typhimurium str. LT2]	
AI-5395_18_18_assembly.fasta	AI-5395_18_18_1	4674344	4674760	-	csgF	1-417/417	========/======	3/8	99.04	80.76	vfdb	NP_460111	(csgF) curli production assembly/transport protein CsgF [Agf (VF0103)] [Salmonella enterica subsp. enterica serovar Typhimurium str. LT2]	
AI-5395_18_18_assembly.fasta	AI-5395_18_18_1	4675179	4675829	-	csgD	1-651/651	===============	0/0	100.00	81.26	vfdb	NP_460113	(csgD) DNA-binding transcriptional regulator CsgD [curli fibers/thin aggregative fimbriae (AGF) (AI094)] [Salmonella enterica subsp. enterica serovar Typhimurium str. LT2]	
AI-5395_18_18_assembly.fasta	AI-5395_18_18_1	4676582	4677037	+	csgB	1-456/456	========/======	2/2	99.78	83.59	vfdb	NP_460114	(csgB) minor curlin subunit precursor curli nucleator protein CsgB [Agf (VF0103)] [Salmonella enterica subsp. enterica serovar Typhimurium str. LT2]	
AI-5395_18_18_assembly.fasta	AI-5395_18_18_2	74814	75952	-	senB	2-1140/1140	===============	0/0	99.91	99.74	vfdb	YP_406304	(senB) enterotoxin [ShET2 (VF0258)] [Shigella flexneri 2a str. 301]	
AI-5395_19_19_assembly.fasta	AI-5395_19_19_7	31117	31870	-	yagV/ecpE	1-754/756	===============	0/0	99.74	96.95	vfdb	NP_286006	(yagV/ecpE) E. coli common pilus chaperone EcpE [ECP (VF0404)] [Escherichia coli O157:H7 str. EDL933]	
AI-5395_19_19_assembly.fasta	AI-5395_19_19_7	31794	33437	-	yagW/ecpD	1-1644/1644	===============	0/0	100.00	98.54	vfdb	NP_286007	(yagW/ecpD) polymerized tip adhesin of ECP fibers [ECP (VF0404)] [Escherichia coli O157:H7 str. EDL933]	
AI-5395_19_19_assembly.fasta	AI-5395_19_19_7	33427	35952	-	yagX/ecpC	1-2526/2526	===============	0/0	100.00	98.73	vfdb	NP_286008	(yagX/ecpC) E. coli common pilus usher EcpC [ECP (VF0404)] [Escherichia coli O157:H7 str. EDL933]	
AI-5395_19_19_assembly.fasta	AI-5395_19_19_7	35978	36646	-	yagY/ecpB	1-669/669	===============	0/0	100.00	98.50	vfdb	NP_286009	(yagY/ecpB) E. coli common pilus chaperone EcpB [ECP (VF0404)] [Escherichia coli O157:H7 str. EDL933]	
AI-5395_19_19_assembly.fasta	AI-5395_19_19_7	36703	37290	-	yagZ/ecpA	1-588/588	===============	0/0	100.00	99.32	vfdb	NP_286010	(yagZ/ecpA) E. coli common pilus structural subunit EcpA [ECP (VF0404)] [Escherichia coli O157:H7 str. EDL933]	
AI-5395_19_19_assembly.fasta	AI-5395_19_19_7	37365	37955	-	ykgK/ecpR	1-591/591	===============	0/0	100.00	97.63	vfdb	NP_286011	(ykgK/ecpR) regulator protein EcpR [ECP (VF0404)] [Escherichia coli O157:H7 str. EDL933]	
AI-5395_19_19_assembly.fasta	AI-5395_19_19_7	40976	45201	+	fdeC	1-4229/4251	========/======	1/3	99.41	91.20	vfdb	YP_002390132	(fdeC) adhesin FdeC [FdeC (VF0506)] [Escherichia coli O45:K1:H7 str. S88]	
AI-5395_19_19_assembly.fasta	AI-5395_19_19_7	338642	339412	-	entD	1-771/771	===============	0/0	100.00	94.03	vfdb	NP_752599	(entD) phosphopantetheinyl transferase component of enterobactin synthase multienzyme complex [Enterobactin (VF0228)] [Escherichia coli CFT073]	
AI-5395_19_19_assembly.fasta	AI-5395_19_19_7	339437	341677	-	fepA	1-2241/2241	===============	0/0	100.00	96.79	vfdb	NP_752600	(fepA) ferrienterobactin outer membrane transporter [Enterobactin (VF0228)] [Escherichia coli CFT073]	
AI-5395_19_19_assembly.fasta	AI-5395_19_19_7	341920	343122	+	fes	1-1203/1203	===============	0/0	100.00	96.76	vfdb	NP_752602	(fes) enterobactin/ferric enterobactin esterase [enterobactin (IA019)] [Escherichia coli CFT073]	
AI-5395_19_19_assembly.fasta	AI-5395_19_19_7	343340	347193	+	entF	1-3854/3882	===============	0/0	99.28	95.64	vfdb	NP_752604	(entF) enterobactin synthase multienzyme complex component ATP-dependent [Enterobactin (VF0228)] [Escherichia coli CFT073]	
AI-5395_19_19_assembly.fasta	AI-5395_19_19_7	348567	349382	-	fepC	1-816/816	===============	0/0	100.00	96.81	vfdb	NP_752606	(fepC) ferrienterobactin ABC transporter ATPase [Enterobactin (VF0228)] [Escherichia coli CFT073]	
AI-5395_19_19_assembly.fasta	AI-5395_19_19_7	349379	350371	-	fepG	1-993/993	===============	0/0	100.00	94.56	vfdb	NP_752607	(fepG) iron-enterobactin ABC transporter permease [Enterobactin (VF0228)] [Escherichia coli CFT073]	
AI-5395_19_19_assembly.fasta	AI-5395_19_19_7	350368	351384	-	fepD	1-1017/1017	===============	0/0	100.00	95.77	vfdb	NP_752608	(fepD) ferrienterobactin ABC transporter permease [Enterobactin (VF0228)] [Escherichia coli CFT073]	
AI-5395_19_19_assembly.fasta	AI-5395_19_19_7	351483	352733	+	entS	1-1251/1251	===============	0/0	100.00	95.84	vfdb	NP_752609	(entS) enterobactin exporter iron-regulated [enterobactin (IA019)] [Escherichia coli CFT073]	
AI-5395_19_19_assembly.fasta	AI-5395_19_19_7	352737	353693	-	fepB	1-957/957	===============	0/0	100.00	97.28	vfdb	NP_752610	(fepB) ferrienterobactin ABC transporter periplasmic binding protein [Enterobactin (VF0228)] [Escherichia coli CFT073]	
AI-5395_19_19_assembly.fasta	AI-5395_19_19_7	354056	355243	+	entC	1-1188/1188	===============	0/0	100.00	97.56	vfdb	NP_752611	(entC) isochorismate synthase 1 [Enterobactin (VF0228)] [Escherichia coli CFT073]	
AI-5395_19_19_assembly.fasta	AI-5395_19_19_7	355253	356863	+	entE	1-1611/1611	===============	0/0	100.00	95.84	vfdb	NP_752612	(entE) 23-dihydroxybenzoate-AMP ligase component of enterobactin synthase multienzyme complex [Enterobactin (VF0228)] [Escherichia coli CFT073]	
AI-5395_19_19_assembly.fasta	AI-5395_19_19_7	356877	357734	+	entB	1-858/858	===============	0/0	100.00	97.44	vfdb	NP_752613	(entB) isochorismatase [Enterobactin (VF0228)] [Escherichia coli CFT073]	
AI-5395_19_19_assembly.fasta	AI-5395_19_19_7	357734	358480	+	entA	1-747/747	===============	0/0	100.00	95.98	vfdb	NP_752614	(entA) 23-dihydro-23-dihydroxybenzoate dehydrogenase [Enterobactin (VF0228)] [Escherichia coli CFT073]	
AI-5395_19_19_assembly.fasta	AI-5395_19_19_7	783075	784127	-	ompA	1-1041/1041	========/======	1/12	100.00	94.30	vfdb	AAF37887	(ompA) outer membrane protein A [OmpA (VF0236)] [Escherichia coli O18:K1:H7 str. RS218]	
AI-5395_19_19_assembly.fasta	AI-5395_19_19_7	863745	864578	-	csgG	1-834/834	===============	0/0	100.00	83.09	vfdb	NP_460110	(csgG) curli production assembly/transport protein CsgG [Agf (VF0103)] [Salmonella enterica subsp. enterica serovar Typhimurium str. LT2]	
AI-5395_19_19_assembly.fasta	AI-5395_19_19_7	864605	865021	-	csgF	1-417/417	========/======	3/8	99.04	81.23	vfdb	NP_460111	(csgF) curli production assembly/transport protein CsgF [Agf (VF0103)] [Salmonella enterica subsp. enterica serovar Typhimurium str. LT2]	
AI-5395_19_19_assembly.fasta	AI-5395_19_19_7	865440	866090	-	csgD	1-651/651	===============	0/0	100.00	81.11	vfdb	NP_460113	(csgD) DNA-binding transcriptional regulator CsgD [curli fibers/thin aggregative fimbriae (AGF) (AI094)] [Salmonella enterica subsp. enterica serovar Typhimurium str. LT2]	
AI-5395_19_19_assembly.fasta	AI-5395_19_19_7	866844	867299	+	csgB	1-456/456	========/======	2/2	99.78	83.81	vfdb	NP_460114	(csgB) minor curlin subunit precursor curli nucleator protein CsgB [Agf (VF0103)] [Salmonella enterica subsp. enterica serovar Typhimurium str. LT2]	
AI-5395_19_19_assembly.fasta	AI-5395_19_19_7	1382128	1383183	-	espR1	198-1253/1260	..=============	0/0	83.81	93.94	vfdb	NP_287686	(espR1) Type III secretion system effector espR1 [LEE encoded T3SS (SS020)] [Escherichia coli O157:H7 str. EDL933]	
AI-5395_19_19_assembly.fasta	AI-5395_19_19_7	1682321	1684189	+	espL1	1-1899/1899	========/======	2/30	98.42	95.26	vfdb	NP_288154	(espL1) Type III secretion system effector espL1 [LEE encoded T3SS (SS020)] [Escherichia coli O157:H7 str. EDL933]	
AI-5395_19_19_assembly.fasta	AI-5395_19_19_7	3004587	3005009	-	gspM	1-423/423	===============	0/0	100.00	94.09	vfdb	YP_404609	(gspM) general secretion pathway protein M [T2SS (VF0333)] [Shigella dysenteriae Sd197]	
AI-5395_19_19_assembly.fasta	AI-5395_19_19_7	3005125	3005985	-	gspL	1-861/861	===============	0/0	100.00	97.21	vfdb	YP_404608	(gspL) general secretion pathway protein L [T2SS (VF0333)] [Shigella dysenteriae Sd197]	
AI-5395_19_19_assembly.fasta	AI-5395_19_19_7	3006300	3007277	-	gspK	1-978/978	===============	0/0	100.00	97.85	vfdb	YP_404607	(gspK) general secretion pathway protein K [T2SS (VF0333)] [Shigella dysenteriae Sd197]	
AI-5395_19_19_assembly.fasta	AI-5395_19_19_7	3007274	3007843	-	gspJ	1-570/570	===============	0/0	100.00	97.19	vfdb	YP_404606	(gspJ) general secretion pathway protein J [T2SS (VF0333)] [Shigella dysenteriae Sd197]	
AI-5395_19_19_assembly.fasta	AI-5395_19_19_7	3007876	3008247	-	gspI	1-372/372	===============	0/0	100.00	95.16	vfdb	YP_404605	(gspI) general secretion pathway protein I [T2SS (VF0333)] [Shigella dysenteriae Sd197]	
AI-5395_19_19_assembly.fasta	AI-5395_19_19_7	3008244	3008774	-	gspH	1-531/531	===============	0/0	100.00	96.05	vfdb	YP_404604	(gspH) general secretion pathway protein H [T2SS (VF0333)] [Shigella dysenteriae Sd197]	
AI-5395_19_19_assembly.fasta	AI-5395_19_19_7	3008811	3009266	-	gspG	1-456/456	===============	0/0	100.00	95.61	vfdb	YP_404603	(gspG) general secretion pathway protein G [T2SS (VF0333)] [Shigella dysenteriae Sd197]	
AI-5395_19_19_assembly.fasta	AI-5395_19_19_7	3009307	3010506	-	gspF	1-1200/1200	===============	0/0	100.00	96.25	vfdb	YP_404602	(gspF) general secretion pathway protein F [T2SS (VF0333)] [Shigella dysenteriae Sd197]	
AI-5395_19_19_assembly.fasta	AI-5395_19_19_7	3010506	3011999	-	gspE	1-1494/1494	===============	0/0	100.00	96.12	vfdb	YP_404601	(gspE) general secretion pathway protein E [T2SS (VF0333)] [Shigella dysenteriae Sd197]	
AI-5395_19_19_assembly.fasta	AI-5395_19_19_7	3011999	3013849	-	gspD	1-1836/1836	========/======	1/15	100.00	97.14	vfdb	YP_404600	(gspD) general secretion pathway protein D [T2SS (VF0333)] [Shigella dysenteriae Sd197]	
AI-5395_19_19_assembly.fasta	AI-5395_19_19_7	3014089	3014919	-	gspC	1-831/831	===============	0/0	100.00	95.07	vfdb	YP_404599	(gspC) general secretion pathway protein C [T2SS (VF0333)] [Shigella dysenteriae Sd197]	
AI-5395_19_19_assembly.fasta	AI-5395_19_19_7	4207510	4209090	+	espX4	1-1581/1581	========/======	2/2	99.94	92.92	vfdb	NP_290672	(espX4) Type III secretion system effector EspX4 [LEE encoded T3SS (SS020)] [Escherichia coli O157:H7 str. EDL933]	
AI-5395_19_19_assembly.fasta	AI-5395_19_19_8	43318	44610	-	espX5	1-1293/1293	===============	0/0	100.00	95.67	vfdb	NP_290699	(espX5) Type III secretion system effector EspX5 [LEE encoded T3SS (SS020)] [Escherichia coli O157:H7 str. EDL933]	
AI-5395_19_19_assembly.fasta	AI-5395_19_19_8	278507	279109	+	fimB	1-603/603	===============	0/0	100.00	97.84	vfdb	NP_757239	(fimB) Type 1 fimbriae Regulatory protein fimB [Type 1 fimbriae (VF0221)] [Escherichia coli CFT073]	
AI-5395_19_19_assembly.fasta	AI-5395_19_19_8	279587	280183	+	fimE	1-597/597	===============	0/0	100.00	99.16	vfdb	NP_757240	(fimE) Type 1 fimbriae Regulatory protein fimE [Type 1 fimbriae (VF0221)] [Escherichia coli CFT073]	
AI-5395_19_19_assembly.fasta	AI-5395_19_19_8	280607	281211	+	fimA	1-606/606	========/======	1/1	99.83	90.59	vfdb	NP_757241	(fimA) Type-1 fimbrial protein A chain precursor [Type 1 fimbriae (VF0221)] [Escherichia coli CFT073]	
AI-5395_19_19_assembly.fasta	AI-5395_19_19_8	281276	281815	+	fimI	1-540/540	===============	0/0	100.00	99.07	vfdb	NP_757242	(fimI) Fimbrin-like protein fimI precursor [Type 1 fimbriae (VF0221)] [Escherichia coli CFT073]	
AI-5395_19_19_assembly.fasta	AI-5395_19_19_8	281852	282577	+	fimC	1-726/726	===============	0/0	100.00	98.62	vfdb	NP_757243	(fimC) Chaperone protein fimC precursor [Type 1 fimbriae (VF0221)] [Escherichia coli CFT073]	
AI-5395_19_19_assembly.fasta	AI-5395_19_19_8	282644	285280	+	fimD	1-2637/2637	===============	0/0	100.00	98.60	vfdb	NP_757244	(fimD) Outer membrane usher protein fimD precursor [Type 1 fimbriae (VF0221)] [Escherichia coli CFT073]	
AI-5395_19_19_assembly.fasta	AI-5395_19_19_8	285287	285820	+	fimF	1-534/534	===============	0/0	100.00	98.13	vfdb	NP_757245	(fimF) FimF protein precursor [Type 1 fimbriae (VF0221)] [Escherichia coli CFT073]	
AI-5395_19_19_assembly.fasta	AI-5395_19_19_8	285833	286336	+	fimG	1-504/504	===============	0/0	100.00	97.82	vfdb	NP_757247	(fimG) FimG protein precursor [Type 1 fimbriae (VF0221)] [Escherichia coli CFT073]	
AI-5395_19_19_assembly.fasta	AI-5395_19_19_8	286347	287258	+	fimH	1-912/912	===============	0/0	100.00	97.48	vfdb	NP_757248	(fimH) FimH protein precursor [Type 1 fimbriae (VF0221)] [Escherichia coli CFT073]	
AI-5395_19_19_assembly.fasta	AI-5395_19_19_8	398165	399586	-	espX1	1-1422/1422	===============	0/0	100.00	94.44	vfdb	NP_285716	(espX1) Type III secretion system effector EspX1 [LEE encoded T3SS (SS020)] [Escherichia coli O157:H7 str. EDL933]	
AI-5395_1_1_assembly.fasta	AI-5395_1_1_1	1	3516	-	entF	1-3516/3882	==============.	0/0	90.57	95.79	vfdb	NP_752604	(entF) enterobactin synthase multienzyme complex component ATP-dependent [Enterobactin (VF0228)] [Escherichia coli CFT073]	
AI-5395_1_1_assembly.fasta	AI-5395_1_1_1	3734	4936	-	fes	1-1203/1203	===============	0/0	100.00	96.76	vfdb	NP_752602	(fes) enterobactin/ferric enterobactin esterase [enterobactin (IA019)] [Escherichia coli CFT073]	
AI-5395_1_1_assembly.fasta	AI-5395_1_1_1	5179	7419	+	fepA	1-2241/2241	===============	0/0	100.00	96.79	vfdb	NP_752600	(fepA) ferrienterobactin outer membrane transporter [Enterobactin (VF0228)] [Escherichia coli CFT073]	
AI-5395_1_1_assembly.fasta	AI-5395_1_1_1	7444	8214	+	entD	1-771/771	===============	0/0	100.00	94.03	vfdb	NP_752599	(entD) phosphopantetheinyl transferase component of enterobactin synthase multienzyme complex [Enterobactin (VF0228)] [Escherichia coli CFT073]	
AI-5395_1_1_assembly.fasta	AI-5395_1_1_1	348820	353061	-	fdeC	1-4245/4251	========/======	3/5	99.76	92.37	vfdb	YP_002390132	(fdeC) adhesin FdeC [FdeC (VF0506)] [Escherichia coli O45:K1:H7 str. S88]	
AI-5395_1_1_assembly.fasta	AI-5395_1_1_1	356081	356671	+	ykgK/ecpR	1-591/591	===============	0/0	100.00	97.63	vfdb	NP_286011	(ykgK/ecpR) regulator protein EcpR [ECP (VF0404)] [Escherichia coli O157:H7 str. EDL933]	
AI-5395_1_1_assembly.fasta	AI-5395_1_1_1	356746	357333	+	yagZ/ecpA	1-588/588	===============	0/0	100.00	99.32	vfdb	NP_286010	(yagZ/ecpA) E. coli common pilus structural subunit EcpA [ECP (VF0404)] [Escherichia coli O157:H7 str. EDL933]	
AI-5395_1_1_assembly.fasta	AI-5395_1_1_1	357391	358059	+	yagY/ecpB	1-669/669	===============	0/0	100.00	98.66	vfdb	NP_286009	(yagY/ecpB) E. coli common pilus chaperone EcpB [ECP (VF0404)] [Escherichia coli O157:H7 str. EDL933]	
AI-5395_1_1_assembly.fasta	AI-5395_1_1_1	358085	360610	+	yagX/ecpC	1-2526/2526	===============	0/0	100.00	98.65	vfdb	NP_286008	(yagX/ecpC) E. coli common pilus usher EcpC [ECP (VF0404)] [Escherichia coli O157:H7 str. EDL933]	
AI-5395_1_1_assembly.fasta	AI-5395_1_1_1	360600	362243	+	yagW/ecpD	1-1644/1644	===============	0/0	100.00	98.60	vfdb	NP_286007	(yagW/ecpD) polymerized tip adhesin of ECP fibers [ECP (VF0404)] [Escherichia coli O157:H7 str. EDL933]	
AI-5395_1_1_assembly.fasta	AI-5395_1_1_1	362167	362920	+	yagV/ecpE	1-754/756	===============	0/0	99.74	96.82	vfdb	NP_286006	(yagV/ecpE) E. coli common pilus chaperone EcpE [ECP (VF0404)] [Escherichia coli O157:H7 str. EDL933]	
AI-5395_1_1_assembly.fasta	AI-5395_1_1_1	690722	692142	+	espX1	1-1422/1422	========/======	1/1	99.93	94.66	vfdb	NP_285716	(espX1) Type III secretion system effector EspX1 [LEE encoded T3SS (SS020)] [Escherichia coli O157:H7 str. EDL933]	
AI-5395_1_1_assembly.fasta	AI-5395_1_1_1	801929	802840	-	fimH	1-912/912	===============	0/0	100.00	97.70	vfdb	NP_757248	(fimH) FimH protein precursor [Type 1 fimbriae (VF0221)] [Escherichia coli CFT073]	
AI-5395_1_1_assembly.fasta	AI-5395_1_1_1	802851	803354	-	fimG	1-504/504	===============	0/0	100.00	98.21	vfdb	NP_757247	(fimG) FimG protein precursor [Type 1 fimbriae (VF0221)] [Escherichia coli CFT073]	
AI-5395_1_1_assembly.fasta	AI-5395_1_1_1	803367	803900	-	fimF	1-534/534	===============	0/0	100.00	97.75	vfdb	NP_757245	(fimF) FimF protein precursor [Type 1 fimbriae (VF0221)] [Escherichia coli CFT073]	
AI-5395_1_1_assembly.fasta	AI-5395_1_1_1	803907	806543	-	fimD	1-2637/2637	===============	0/0	100.00	98.71	vfdb	NP_757244	(fimD) Outer membrane usher protein fimD precursor [Type 1 fimbriae (VF0221)] [Escherichia coli CFT073]	
AI-5395_1_1_assembly.fasta	AI-5395_1_1_1	806610	807335	-	fimC	1-726/726	===============	0/0	100.00	98.35	vfdb	NP_757243	(fimC) Chaperone protein fimC precursor [Type 1 fimbriae (VF0221)] [Escherichia coli CFT073]	
AI-5395_1_1_assembly.fasta	AI-5395_1_1_1	807372	807911	-	fimI	1-540/540	===============	0/0	100.00	99.07	vfdb	NP_757242	(fimI) Fimbrin-like protein fimI precursor [Type 1 fimbriae (VF0221)] [Escherichia coli CFT073]	
AI-5395_1_1_assembly.fasta	AI-5395_1_1_1	807976	808580	-	fimA	1-606/606	========/======	1/1	99.83	90.59	vfdb	NP_757241	(fimA) Type-1 fimbrial protein A chain precursor [Type 1 fimbriae (VF0221)] [Escherichia coli CFT073]	
AI-5395_1_1_assembly.fasta	AI-5395_1_1_1	809004	809600	-	fimE	1-597/597	===============	0/0	100.00	99.16	vfdb	NP_757240	(fimE) Type 1 fimbriae Regulatory protein fimE [Type 1 fimbriae (VF0221)] [Escherichia coli CFT073]	
AI-5395_1_1_assembly.fasta	AI-5395_1_1_1	810078	810680	-	fimB	1-603/603	===============	0/0	100.00	98.18	vfdb	NP_757239	(fimB) Type 1 fimbriae Regulatory protein fimB [Type 1 fimbriae (VF0221)] [Escherichia coli CFT073]	
AI-5395_1_1_assembly.fasta	AI-5395_1_1_1	1077325	1078617	+	espX5	1-1293/1293	===============	0/0	100.00	95.67	vfdb	NP_290699	(espX5) Type III secretion system effector EspX5 [LEE encoded T3SS (SS020)] [Escherichia coli O157:H7 str. EDL933]	
AI-5395_1_1_assembly.fasta	AI-5395_1_1_1	1108137	1109717	-	espX4	1-1581/1581	========/======	2/2	99.94	93.11	vfdb	NP_290672	(espX4) Type III secretion system effector EspX4 [LEE encoded T3SS (SS020)] [Escherichia coli O157:H7 str. EDL933]	
AI-5395_1_1_assembly.fasta	AI-5395_1_1_1	2300409	2301239	+	gspC	1-831/831	===============	0/0	100.00	95.07	vfdb	YP_404599	(gspC) general secretion pathway protein C [T2SS (VF0333)] [Shigella dysenteriae Sd197]	
AI-5395_1_1_assembly.fasta	AI-5395_1_1_1	2301479	2303329	+	gspD	1-1836/1836	========/======	1/15	100.00	97.03	vfdb	YP_404600	(gspD) general secretion pathway protein D [T2SS (VF0333)] [Shigella dysenteriae Sd197]	
AI-5395_1_1_assembly.fasta	AI-5395_1_1_1	2303329	2304822	+	gspE	1-1494/1494	===============	0/0	100.00	97.12	vfdb	YP_404601	(gspE) general secretion pathway protein E [T2SS (VF0333)] [Shigella dysenteriae Sd197]	
AI-5395_1_1_assembly.fasta	AI-5395_1_1_1	2304822	2306021	+	gspF	1-1200/1200	===============	0/0	100.00	96.25	vfdb	YP_404602	(gspF) general secretion pathway protein F [T2SS (VF0333)] [Shigella dysenteriae Sd197]	
AI-5395_1_1_assembly.fasta	AI-5395_1_1_1	2306062	2306517	+	gspG	1-456/456	===============	0/0	100.00	95.61	vfdb	YP_404603	(gspG) general secretion pathway protein G [T2SS (VF0333)] [Shigella dysenteriae Sd197]	
AI-5395_1_1_assembly.fasta	AI-5395_1_1_1	2306554	2307084	+	gspH	1-531/531	===============	0/0	100.00	96.05	vfdb	YP_404604	(gspH) general secretion pathway protein H [T2SS (VF0333)] [Shigella dysenteriae Sd197]	
AI-5395_1_1_assembly.fasta	AI-5395_1_1_1	2307081	2307452	+	gspI	1-372/372	===============	0/0	100.00	95.16	vfdb	YP_404605	(gspI) general secretion pathway protein I [T2SS (VF0333)] [Shigella dysenteriae Sd197]	
AI-5395_1_1_assembly.fasta	AI-5395_1_1_1	2307485	2308054	+	gspJ	1-570/570	===============	0/0	100.00	97.02	vfdb	YP_404606	(gspJ) general secretion pathway protein J [T2SS (VF0333)] [Shigella dysenteriae Sd197]	
AI-5395_1_1_assembly.fasta	AI-5395_1_1_1	2308051	2309028	+	gspK	1-978/978	===============	0/0	100.00	96.11	vfdb	YP_404607	(gspK) general secretion pathway protein K [T2SS (VF0333)] [Shigella dysenteriae Sd197]	
AI-5395_1_1_assembly.fasta	AI-5395_1_1_1	2309343	2310203	+	gspL	1-861/861	===============	0/0	100.00	97.56	vfdb	YP_404608	(gspL) general secretion pathway protein L [T2SS (VF0333)] [Shigella dysenteriae Sd197]	
AI-5395_1_1_assembly.fasta	AI-5395_1_1_1	2310319	2310741	+	gspM	1-423/423	===============	0/0	100.00	94.09	vfdb	YP_404609	(gspM) general secretion pathway protein M [T2SS (VF0333)] [Shigella dysenteriae Sd197]	
AI-5395_1_1_assembly.fasta	AI-5395_1_1_1	3691110	3692978	-	espL1	1-1899/1899	========/======	2/30	98.42	95.21	vfdb	NP_288154	(espL1) Type III secretion system effector espL1 [LEE encoded T3SS (SS020)] [Escherichia coli O157:H7 str. EDL933]	
AI-5395_1_1_assembly.fasta	AI-5395_1_1_1	4002201	4003256	+	espR1	198-1253/1260	..=============	0/0	83.81	94.22	vfdb	NP_287686	(espR1) Type III secretion system effector espR1 [LEE encoded T3SS (SS020)] [Escherichia coli O157:H7 str. EDL933]	
AI-5395_1_1_assembly.fasta	AI-5395_1_1_1	4450235	4450690	-	csgB	1-456/456	========/======	2/2	99.78	84.03	vfdb	NP_460114	(csgB) minor curlin subunit precursor curli nucleator protein CsgB [Agf (VF0103)] [Salmonella enterica subsp. enterica serovar Typhimurium str. LT2]	
AI-5395_1_1_assembly.fasta	AI-5395_1_1_1	4451444	4452094	+	csgD	1-651/651	===============	0/0	100.00	81.11	vfdb	NP_460113	(csgD) DNA-binding transcriptional regulator CsgD [curli fibers/thin aggregative fimbriae (AGF) (AI094)] [Salmonella enterica subsp. enterica serovar Typhimurium str. LT2]	
AI-5395_1_1_assembly.fasta	AI-5395_1_1_1	4452513	4452929	+	csgF	1-417/417	========/======	3/8	99.04	81.23	vfdb	NP_460111	(csgF) curli production assembly/transport protein CsgF [Agf (VF0103)] [Salmonella enterica subsp. enterica serovar Typhimurium str. LT2]	
AI-5395_1_1_assembly.fasta	AI-5395_1_1_1	4452956	4453789	+	csgG	1-834/834	===============	0/0	100.00	83.09	vfdb	NP_460110	(csgG) curli production assembly/transport protein CsgG [Agf (VF0103)] [Salmonella enterica subsp. enterica serovar Typhimurium str. LT2]	
AI-5395_1_1_assembly.fasta	AI-5395_1_1_1	4514574	4515626	+	ompA	1-1041/1041	========/======	1/12	100.00	94.30	vfdb	AAF37887	(ompA) outer membrane protein A [OmpA (VF0236)] [Escherichia coli O18:K1:H7 str. RS218]	
AI-5395_1_1_assembly.fasta	AI-5395_1_1_1	4979269	4980015	-	entA	1-747/747	===============	0/0	100.00	95.98	vfdb	NP_752614	(entA) 23-dihydro-23-dihydroxybenzoate dehydrogenase [Enterobactin (VF0228)] [Escherichia coli CFT073]	
AI-5395_1_1_assembly.fasta	AI-5395_1_1_1	4980015	4980872	-	entB	1-858/858	===============	0/0	100.00	97.44	vfdb	NP_752613	(entB) isochorismatase [Enterobactin (VF0228)] [Escherichia coli CFT073]	
AI-5395_1_1_assembly.fasta	AI-5395_1_1_1	4980886	4982496	-	entE	1-1611/1611	===============	0/0	100.00	95.41	vfdb	NP_752612	(entE) 23-dihydroxybenzoate-AMP ligase component of enterobactin synthase multienzyme complex [Enterobactin (VF0228)] [Escherichia coli CFT073]	
AI-5395_1_1_assembly.fasta	AI-5395_1_1_1	4982506	4983693	-	entC	1-1188/1188	===============	0/0	100.00	97.47	vfdb	NP_752611	(entC) isochorismate synthase 1 [Enterobactin (VF0228)] [Escherichia coli CFT073]	
AI-5395_1_1_assembly.fasta	AI-5395_1_1_1	4984056	4985012	+	fepB	1-957/957	===============	0/0	100.00	97.39	vfdb	NP_752610	(fepB) ferrienterobactin ABC transporter periplasmic binding protein [Enterobactin (VF0228)] [Escherichia coli CFT073]	
AI-5395_1_1_assembly.fasta	AI-5395_1_1_1	4985016	4986266	-	entS	1-1251/1251	===============	0/0	100.00	95.76	vfdb	NP_752609	(entS) enterobactin exporter iron-regulated [enterobactin (IA019)] [Escherichia coli CFT073]	
AI-5395_1_1_assembly.fasta	AI-5395_1_1_1	4986365	4987381	+	fepD	1-1017/1017	===============	0/0	100.00	95.97	vfdb	NP_752608	(fepD) ferrienterobactin ABC transporter permease [Enterobactin (VF0228)] [Escherichia coli CFT073]	
AI-5395_1_1_assembly.fasta	AI-5395_1_1_1	4987378	4988370	+	fepG	1-993/993	===============	0/0	100.00	93.96	vfdb	NP_752607	(fepG) iron-enterobactin ABC transporter permease [Enterobactin (VF0228)] [Escherichia coli CFT073]	
AI-5395_1_1_assembly.fasta	AI-5395_1_1_1	4988367	4989182	+	fepC	1-816/816	===============	0/0	100.00	97.30	vfdb	NP_752606	(fepC) ferrienterobactin ABC transporter ATPase [Enterobactin (VF0228)] [Escherichia coli CFT073]	
AI-5395_1_1_assembly.fasta	AI-5395_1_1_2	4278	6579	-	iutA	1-2280/2280	========/======	3/24	99.96	88.41	vfdb	NP_755498	(iutA) ferric aerobactin receptor precusor IutA [Aerobactin (VF0229)] [Escherichia coli CFT073]	
AI-5395_1_1_assembly.fasta	AI-5395_1_1_2	6517	7838	-	iucD	1-1323/1338	========/======	1/1	98.80	96.30	vfdb	NP_755499	(iucD) L-lysine 6-monooxygenase IucD [Aerobactin (VF0229)] [Escherichia coli CFT073]	
AI-5395_1_1_assembly.fasta	AI-5395_1_1_2	7835	9577	-	iucC	1-1743/1743	===============	0/0	100.00	96.04	vfdb	NP_755500	(iucC) aerobactin siderophore biosynthesis protein IucC [Aerobactin (VF0229)] [Escherichia coli CFT073]	
AI-5395_1_1_assembly.fasta	AI-5395_1_1_2	9577	10524	-	iucB	1-948/948	===============	0/0	100.00	95.67	vfdb	NP_755501	(iucB) aerobactin siderophore biosynthesis protein IucB [Aerobactin (VF0229)] [Escherichia coli CFT073]	
AI-5395_1_1_assembly.fasta	AI-5395_1_1_2	10525	12312	-	iucA	1-1788/1788	===============	0/0	100.00	94.30	vfdb	NP_755502	(iucA) aerobactin siderophore biosynthesis protein IucD [Aerobactin (VF0229)] [Escherichia coli CFT073]	
AI-5395_1_1_assembly.fasta	AI-5395_1_1_2	54932	56094	+	iroB	1-1163/1164	===============	0/0	99.91	98.37	vfdb	NP_753168	(iroB) glucosyltransferase IroB [Salmochelin (IA013)] [Escherichia coli CFT073]	
AI-5395_1_1_assembly.fasta	AI-5395_1_1_2	56157	59894	+	iroC	1-3738/3738	===============	0/0	100.00	99.14	vfdb	NP_753167	(iroC) ATP binding cassette transporter [Salmochelin (IA013)] [Escherichia coli CFT073]	
AI-5395_1_1_assembly.fasta	AI-5395_1_1_2	59998	61227	+	iroD	1-1230/1230	===============	0/0	100.00	98.54	vfdb	NP_753166	(iroD) esterase [Salmochelin (IA013)] [Escherichia coli CFT073]	
AI-5395_1_1_assembly.fasta	AI-5395_1_1_2	61312	62268	+	iroE	1-957/957	===============	0/0	100.00	99.48	vfdb	NP_753165	(iroE) esterase [Salmochelin (IA013)] [Escherichia coli CFT073]	
AI-5395_1_1_assembly.fasta	AI-5395_1_1_2	62313	64490	-	iroN	1-2178/2178	===============	0/0	100.00	99.13	vfdb	NP_753164	(iroN) salmochelin receptor IroN [IroN (VF0230)] [Escherichia coli CFT073]	
AI-5395_20_20_assembly.fasta	AI-5395_20_20_1	125650	126105	-	csgB	1-456/456	========/======	2/2	99.78	83.59	vfdb	NP_460114	(csgB) minor curlin subunit precursor curli nucleator protein CsgB [Agf (VF0103)] [Salmonella enterica subsp. enterica serovar Typhimurium str. LT2]	
AI-5395_20_20_assembly.fasta	AI-5395_20_20_1	126858	127508	+	csgD	1-651/651	===============	0/0	100.00	81.26	vfdb	NP_460113	(csgD) DNA-binding transcriptional regulator CsgD [curli fibers/thin aggregative fimbriae (AGF) (AI094)] [Salmonella enterica subsp. enterica serovar Typhimurium str. LT2]	
AI-5395_20_20_assembly.fasta	AI-5395_20_20_1	127927	128343	+	csgF	1-417/417	========/======	3/8	99.04	80.76	vfdb	NP_460111	(csgF) curli production assembly/transport protein CsgF [Agf (VF0103)] [Salmonella enterica subsp. enterica serovar Typhimurium str. LT2]	
AI-5395_20_20_assembly.fasta	AI-5395_20_20_1	128370	129203	+	csgG	1-834/834	===============	0/0	100.00	83.33	vfdb	NP_460110	(csgG) curli production assembly/transport protein CsgG [Agf (VF0103)] [Salmonella enterica subsp. enterica serovar Typhimurium str. LT2]	
AI-5395_20_20_assembly.fasta	AI-5395_20_20_1	196174	197214	+	ompA	1-1041/1041	===============	0/0	100.00	99.52	vfdb	AAF37887	(ompA) outer membrane protein A [OmpA (VF0236)] [Escherichia coli O18:K1:H7 str. RS218]	
AI-5395_20_20_assembly.fasta	AI-5395_20_20_1	554934	555680	-	entA	1-747/747	===============	0/0	100.00	98.39	vfdb	NP_752614	(entA) 23-dihydro-23-dihydroxybenzoate dehydrogenase [Enterobactin (VF0228)] [Escherichia coli CFT073]	
AI-5395_20_20_assembly.fasta	AI-5395_20_20_1	555680	556537	-	entB	1-858/858	===============	0/0	100.00	99.18	vfdb	NP_752613	(entB) isochorismatase [Enterobactin (VF0228)] [Escherichia coli CFT073]	
AI-5395_20_20_assembly.fasta	AI-5395_20_20_1	556551	558161	-	entE	1-1611/1611	===============	0/0	100.00	99.13	vfdb	NP_752612	(entE) 23-dihydroxybenzoate-AMP ligase component of enterobactin synthase multienzyme complex [Enterobactin (VF0228)] [Escherichia coli CFT073]	
AI-5395_20_20_assembly.fasta	AI-5395_20_20_1	558171	559358	-	entC	1-1188/1188	===============	0/0	100.00	99.66	vfdb	NP_752611	(entC) isochorismate synthase 1 [Enterobactin (VF0228)] [Escherichia coli CFT073]	
AI-5395_20_20_assembly.fasta	AI-5395_20_20_1	559535	560491	+	fepB	1-957/957	===============	0/0	100.00	99.79	vfdb	NP_752610	(fepB) ferrienterobactin ABC transporter periplasmic binding protein [Enterobactin (VF0228)] [Escherichia coli CFT073]	
AI-5395_20_20_assembly.fasta	AI-5395_20_20_1	560495	561745	-	entS	1-1251/1251	===============	0/0	100.00	98.80	vfdb	NP_752609	(entS) enterobactin exporter iron-regulated [enterobactin (IA019)] [Escherichia coli CFT073]	
AI-5395_20_20_assembly.fasta	AI-5395_20_20_1	561844	562860	+	fepD	1-1017/1017	===============	0/0	100.00	99.51	vfdb	NP_752608	(fepD) ferrienterobactin ABC transporter permease [Enterobactin (VF0228)] [Escherichia coli CFT073]	
AI-5395_20_20_assembly.fasta	AI-5395_20_20_1	562857	563849	+	fepG	1-993/993	===============	0/0	100.00	99.80	vfdb	NP_752607	(fepG) iron-enterobactin ABC transporter permease [Enterobactin (VF0228)] [Escherichia coli CFT073]	
AI-5395_20_20_assembly.fasta	AI-5395_20_20_1	563846	564661	+	fepC	1-816/816	===============	0/0	100.00	99.39	vfdb	NP_752606	(fepC) ferrienterobactin ABC transporter ATPase [Enterobactin (VF0228)] [Escherichia coli CFT073]	
AI-5395_20_20_assembly.fasta	AI-5395_20_20_1	566035	569888	-	entF	1-3854/3882	===============	0/0	99.28	98.36	vfdb	NP_752604	(entF) enterobactin synthase multienzyme complex component ATP-dependent [Enterobactin (VF0228)] [Escherichia coli CFT073]	
AI-5395_20_20_assembly.fasta	AI-5395_20_20_1	570106	571308	-	fes	1-1203/1203	===============	0/0	100.00	99.75	vfdb	NP_752602	(fes) enterobactin/ferric enterobactin esterase [enterobactin (IA019)] [Escherichia coli CFT073]	
AI-5395_20_20_assembly.fasta	AI-5395_20_20_1	571551	573791	+	fepA	1-2241/2241	===============	0/0	100.00	98.88	vfdb	NP_752600	(fepA) ferrienterobactin outer membrane transporter [Enterobactin (VF0228)] [Escherichia coli CFT073]	
AI-5395_20_20_assembly.fasta	AI-5395_20_20_1	573816	574477	+	entD	1-662/771	=============..	0/0	85.86	92.75	vfdb	NP_752599	(entD) phosphopantetheinyl transferase component of enterobactin synthase multienzyme complex [Enterobactin (VF0228)] [Escherichia coli CFT073]	
AI-5395_20_20_assembly.fasta	AI-5395_20_20_1	844611	848861	-	fdeC	1-4251/4251	===============	0/0	100.00	99.62	vfdb	YP_002390132	(fdeC) adhesin FdeC [FdeC (VF0506)] [Escherichia coli O45:K1:H7 str. S88]	
AI-5395_20_20_assembly.fasta	AI-5395_20_20_1	858114	858704	+	ykgK/ecpR	1-591/591	===============	0/0	100.00	99.32	vfdb	NP_286011	(ykgK/ecpR) regulator protein EcpR [ECP (VF0404)] [Escherichia coli O157:H7 str. EDL933]	
AI-5395_20_20_assembly.fasta	AI-5395_20_20_1	858779	859366	+	yagZ/ecpA	1-588/588	===============	0/0	100.00	98.47	vfdb	NP_286010	(yagZ/ecpA) E. coli common pilus structural subunit EcpA [ECP (VF0404)] [Escherichia coli O157:H7 str. EDL933]	
AI-5395_20_20_assembly.fasta	AI-5395_20_20_1	859423	860091	+	yagY/ecpB	1-669/669	===============	0/0	100.00	98.06	vfdb	NP_286009	(yagY/ecpB) E. coli common pilus chaperone EcpB [ECP (VF0404)] [Escherichia coli O157:H7 str. EDL933]	
AI-5395_20_20_assembly.fasta	AI-5395_20_20_1	860117	862642	+	yagX/ecpC	1-2526/2526	===============	0/0	100.00	97.66	vfdb	NP_286008	(yagX/ecpC) E. coli common pilus usher EcpC [ECP (VF0404)] [Escherichia coli O157:H7 str. EDL933]	
AI-5395_20_20_assembly.fasta	AI-5395_20_20_1	862632	864275	+	yagW/ecpD	1-1644/1644	===============	0/0	100.00	99.15	vfdb	NP_286007	(yagW/ecpD) polymerized tip adhesin of ECP fibers [ECP (VF0404)] [Escherichia coli O157:H7 str. EDL933]	
AI-5395_20_20_assembly.fasta	AI-5395_20_20_1	864199	864952	+	yagV/ecpE	1-754/756	===============	0/0	99.74	98.41	vfdb	NP_286006	(yagV/ecpE) E. coli common pilus chaperone EcpE [ECP (VF0404)] [Escherichia coli O157:H7 str. EDL933]	
AI-5395_20_20_assembly.fasta	AI-5395_20_20_1	868569	872699	+	vat	1-4131/4131	===============	0/0	100.00	99.71	vfdb	NP_752330	(vat) Haemoglobin protease [Tsh (VF0233)] [Escherichia coli CFT073]	
AI-5395_20_20_assembly.fasta	AI-5395_20_20_1	1297583	1298494	-	fimH	1-912/912	===============	0/0	100.00	97.15	vfdb	NP_757248	(fimH) FimH protein precursor [Type 1 fimbriae (VF0221)] [Escherichia coli CFT073]	
AI-5395_20_20_assembly.fasta	AI-5395_20_20_1	1298505	1299008	-	fimG	1-504/504	===============	0/0	100.00	98.02	vfdb	NP_757247	(fimG) FimG protein precursor [Type 1 fimbriae (VF0221)] [Escherichia coli CFT073]	
AI-5395_20_20_assembly.fasta	AI-5395_20_20_1	1299021	1299554	-	fimF	1-534/534	===============	0/0	100.00	97.38	vfdb	NP_757245	(fimF) FimF protein precursor [Type 1 fimbriae (VF0221)] [Escherichia coli CFT073]	
AI-5395_20_20_assembly.fasta	AI-5395_20_20_1	1299561	1302197	-	fimD	1-2637/2637	===============	0/0	100.00	98.26	vfdb	NP_757244	(fimD) Outer membrane usher protein fimD precursor [Type 1 fimbriae (VF0221)] [Escherichia coli CFT073]	
AI-5395_20_20_assembly.fasta	AI-5395_20_20_1	1302264	1302989	-	fimC	1-726/726	===============	0/0	100.00	98.48	vfdb	NP_757243	(fimC) Chaperone protein fimC precursor [Type 1 fimbriae (VF0221)] [Escherichia coli CFT073]	
AI-5395_20_20_assembly.fasta	AI-5395_20_20_1	1303026	1303565	-	fimI	1-540/540	===============	0/0	100.00	98.33	vfdb	NP_757242	(fimI) Fimbrin-like protein fimI precursor [Type 1 fimbriae (VF0221)] [Escherichia coli CFT073]	
AI-5395_20_20_assembly.fasta	AI-5395_20_20_1	1303630	1304235	-	fimA	1-606/606	===============	0/0	100.00	92.24	vfdb	NP_757241	(fimA) Type-1 fimbrial protein A chain precursor [Type 1 fimbriae (VF0221)] [Escherichia coli CFT073]	
AI-5395_20_20_assembly.fasta	AI-5395_20_20_1	1304660	1305256	-	fimE	1-597/597	===============	0/0	100.00	98.66	vfdb	NP_757240	(fimE) Type 1 fimbriae Regulatory protein fimE [Type 1 fimbriae (VF0221)] [Escherichia coli CFT073]	
AI-5395_20_20_assembly.fasta	AI-5395_20_20_1	1305734	1306336	-	fimB	1-603/603	===============	0/0	100.00	98.18	vfdb	NP_757239	(fimB) Type 1 fimbriae Regulatory protein fimB [Type 1 fimbriae (VF0221)] [Escherichia coli CFT073]	
AI-5395_20_20_assembly.fasta	AI-5395_20_20_1	2003615	2005043	+	aslA	1-1428/1428	========/======	1/1	100.00	98.46	vfdb	AAG10151	(aslA) putative arylsulfatase [AslA (VF0238)] [Escherichia coli O18:K1:H7 str. RS218]	
AI-5395_20_20_assembly.fasta	AI-5395_20_20_1	2343752	2344552	-	chuV	1-801/801	===============	0/0	100.00	99.75	vfdb	NP_756180	(chuV) ATP-binding hydrophilic protein ChuV [Chu (VF0227)] [Escherichia coli CFT073]	
AI-5395_20_20_assembly.fasta	AI-5395_20_20_1	2344519	2345511	-	chuU	1-993/993	===============	0/0	100.00	99.50	vfdb	NP_756179	(chuU) heme permease protein ChuU [Chu (VF0227)] [Escherichia coli CFT073]	
AI-5395_20_20_assembly.fasta	AI-5395_20_20_1	2345560	2346183	-	chuY	1-624/624	===============	0/0	100.00	98.40	vfdb	NP_756178	(chuY) ChuY [Chu (VF0227)] [Escherichia coli CFT073]	
AI-5395_20_20_assembly.fasta	AI-5395_20_20_1	2346183	2346677	-	chuX	1-495/495	===============	0/0	100.00	100.00	vfdb	NP_756177	(chuX) putative heme-binding protein ChuX [Chu (VF0227)] [Escherichia coli CFT073]	
AI-5395_20_20_assembly.fasta	AI-5395_20_20_1	2346690	2348027	-	chuW	1-1338/1338	===============	0/0	100.00	99.10	vfdb	NP_756176	(chuW) Putative oxygen independent coproporphyrinogen III oxidase [Chu (VF0227)] [Escherichia coli CFT073]	
AI-5395_20_20_assembly.fasta	AI-5395_20_20_1	2348047	2349039	-	chuT	1-993/993	===============	0/0	100.00	99.70	vfdb	NP_756175	(chuT) periplasmic heme-binding protein ChuT [Chu (VF0227)] [Escherichia coli CFT073]	
AI-5395_20_20_assembly.fasta	AI-5395_20_20_1	2349681	2351627	+	chuA	1-1947/1947	===============	0/0	100.00	99.69	vfdb	NP_756170	(chuA) Outer membrane heme/hemoglobin receptor ChuA [Chu (VF0227)] [Escherichia coli CFT073]	
AI-5395_20_20_assembly.fasta	AI-5395_20_20_1	2351676	2352704	+	chuS	1-1029/1029	===============	0/0	100.00	99.51	vfdb	NP_756169	(chuS) heme oxygenase ChuS [Chu (VF0227)] [Escherichia coli CFT073]	
AI-5395_20_20_assembly.fasta	AI-5395_20_20_1	2901429	2902259	+	gspC	1-831/831	===============	0/0	100.00	93.86	vfdb	YP_404599	(gspC) general secretion pathway protein C [T2SS (VF0333)] [Shigella dysenteriae Sd197]	
AI-5395_20_20_assembly.fasta	AI-5395_20_20_1	2902499	2904349	+	gspD	1-1836/1836	========/======	1/15	100.00	96.06	vfdb	YP_404600	(gspD) general secretion pathway protein D [T2SS (VF0333)] [Shigella dysenteriae Sd197]	
AI-5395_20_20_assembly.fasta	AI-5395_20_20_1	2904349	2905842	+	gspE	1-1494/1494	===============	0/0	100.00	94.91	vfdb	YP_404601	(gspE) general secretion pathway protein E [T2SS (VF0333)] [Shigella dysenteriae Sd197]	
AI-5395_20_20_assembly.fasta	AI-5395_20_20_1	2905842	2907041	+	gspF	1-1200/1200	===============	0/0	100.00	94.17	vfdb	YP_404602	(gspF) general secretion pathway protein F [T2SS (VF0333)] [Shigella dysenteriae Sd197]	
AI-5395_20_20_assembly.fasta	AI-5395_20_20_1	2907082	2907537	+	gspG	1-456/456	===============	0/0	100.00	96.05	vfdb	YP_404603	(gspG) general secretion pathway protein G [T2SS (VF0333)] [Shigella dysenteriae Sd197]	
AI-5395_20_20_assembly.fasta	AI-5395_20_20_1	2907574	2908104	+	gspH	1-531/531	===============	0/0	100.00	94.73	vfdb	YP_404604	(gspH) general secretion pathway protein H [T2SS (VF0333)] [Shigella dysenteriae Sd197]	
AI-5395_20_20_assembly.fasta	AI-5395_20_20_1	2908101	2908472	+	gspI	1-372/372	===============	0/0	100.00	92.20	vfdb	YP_404605	(gspI) general secretion pathway protein I [T2SS (VF0333)] [Shigella dysenteriae Sd197]	
AI-5395_20_20_assembly.fasta	AI-5395_20_20_1	2908505	2909074	+	gspJ	1-570/570	===============	0/0	100.00	94.39	vfdb	YP_404606	(gspJ) general secretion pathway protein J [T2SS (VF0333)] [Shigella dysenteriae Sd197]	
AI-5395_20_20_assembly.fasta	AI-5395_20_20_1	2909071	2910048	+	gspK	1-978/978	===============	0/0	100.00	96.63	vfdb	YP_404607	(gspK) general secretion pathway protein K [T2SS (VF0333)] [Shigella dysenteriae Sd197]	
AI-5395_20_20_assembly.fasta	AI-5395_20_20_1	2910363	2911223	+	gspL	1-861/861	===============	0/0	100.00	94.77	vfdb	YP_404608	(gspL) general secretion pathway protein L [T2SS (VF0333)] [Shigella dysenteriae Sd197]	
AI-5395_20_20_assembly.fasta	AI-5395_20_20_1	2911339	2911760	+	gspM	1-422/423	===============	0/0	99.76	93.60	vfdb	YP_404609	(gspM) general secretion pathway protein M [T2SS (VF0333)] [Shigella dysenteriae Sd197]	
AI-5395_20_20_assembly.fasta	AI-5395_20_20_1	2912820	2913596	+	kpsM	1-777/777	===============	0/0	100.00	99.87	vfdb	AAA24046	(kpsM) KpsM [K1 capsule (VF0239)] [Escherichia coli O18:K1:H7 str. RS218]	
AI-5395_20_20_assembly.fasta	AI-5395_20_20_1	2913593	2914252	+	kpsT	1-660/660	===============	0/0	100.00	100.00	vfdb	AAA24047	(kpsT) KpsT [K1 capsule (VF0239)] [Escherichia coli O18:K1:H7 str. RS218]	
AI-5395_20_20_assembly.fasta	AI-5395_20_20_1	2924914	2926590	-	kpsD	1-1677/1677	===============	0/0	100.00	99.05	vfdb	AAA21682	(kpsD) KpsD [K1 capsule (VF0239)] [Escherichia coli O18:K1:H7 str. RS218]	
AI-5395_20_20_assembly.fasta	AI-5395_20_20_1	2941277	2945178	-	sat	1-3900/3900	========/======	1/2	100.00	99.46	vfdb	NP_755494	(sat) Aecreted auto transpoter toxin [Sat (VF0231)] [Escherichia coli CFT073]	
AI-5395_20_20_assembly.fasta	AI-5395_20_20_1	2946112	2948413	-	iutA	1-2280/2280	========/======	3/24	99.96	88.32	vfdb	NP_755498	(iutA) ferric aerobactin receptor precusor IutA [Aerobactin (VF0229)] [Escherichia coli CFT073]	
AI-5395_20_20_assembly.fasta	AI-5395_20_20_1	2948351	2949672	-	iucD	1-1323/1338	========/======	1/1	98.80	96.30	vfdb	NP_755499	(iucD) L-lysine 6-monooxygenase IucD [Aerobactin (VF0229)] [Escherichia coli CFT073]	
AI-5395_20_20_assembly.fasta	AI-5395_20_20_1	2949669	2951411	-	iucC	1-1743/1743	===============	0/0	100.00	98.16	vfdb	NP_755500	(iucC) aerobactin siderophore biosynthesis protein IucC [Aerobactin (VF0229)] [Escherichia coli CFT073]	
AI-5395_20_20_assembly.fasta	AI-5395_20_20_1	2951411	2952358	-	iucB	1-948/948	===============	0/0	100.00	99.79	vfdb	NP_709455	(iucB) aerobactin synthesis protein IucB [Aerobactin (VF0123)] [Shigella flexneri 2a str. 301]	
AI-5395_20_20_assembly.fasta	AI-5395_20_20_1	2952359	2954140	-	iucA	1-1782/1782	===============	0/0	100.00	99.83	vfdb	NP_709454	(iucA) aerobactin synthesis protein IucA [Aerobactin (VF0123)] [Shigella flexneri 2a str. 301]	
AI-5395_20_20_assembly.fasta	AI-5395_20_20_1	2962607	2962840	-	papI	1-234/234	===============	0/0	100.00	94.87	vfdb	NP_755468	(papI) regulatory protein PapI [P fimbriae (VF0220)] [Escherichia coli CFT073]	
AI-5395_20_20_assembly.fasta	AI-5395_20_20_1	2963245	2963558	+	papB	1-315/315	========/======	1/1	99.68	98.41	vfdb		(papB) regulatory protein PapB [P fimbriae (VF0220)] [Escherichia coli CFT073]	
AI-5395_20_20_assembly.fasta	AI-5395_20_20_1	2965332	2965883	+	papX	1-552/552	===============	0/0	100.00	97.46	vfdb	NP_755457	(papX) PapX protein regulates flagellum synthesis to repress motility [P fimbriae (CVF425)] [Escherichia coli CFT073]	
AI-5395_20_20_assembly.fasta	AI-5395_20_20_1	4102079	4104100	-	fyuA	1-2022/2022	===============	0/0	100.00	99.95	vfdb	NP_405467	(fyuA) pesticin/yersiniabactin receptor protein [Yersiniabactin (VF0136)] [Yersinia pestis CO92]	
AI-5395_20_20_assembly.fasta	AI-5395_20_20_1	4104231	4105808	-	ybtE	1-1578/1578	===============	0/0	100.00	99.81	vfdb	NP_405468	(ybtE) yersiniabactin siderophore biosynthetic protein [Yersiniabactin (VF0136)] [Yersinia pestis CO92]	
AI-5395_20_20_assembly.fasta	AI-5395_20_20_1	4105812	4106615	-	ybtT	1-804/804	===============	0/0	100.00	99.50	vfdb	NP_405469	(ybtT) yersiniabactin biosynthetic protein YbtT [Yersiniabactin (VF0136)] [Yersinia pestis CO92]	
AI-5395_20_20_assembly.fasta	AI-5395_20_20_1	4106612	4107712	-	ybtU	1-1101/1101	===============	0/0	100.00	99.73	vfdb	NP_405470	(ybtU) yersiniabactin biosynthetic protein YbtU [Yersiniabactin (VF0136)] [Yersinia pestis CO92]	
AI-5395_20_20_assembly.fasta	AI-5395_20_20_1	4107709	4117200	-	irp1	1-9492/9492	===============	0/0	100.00	99.33	vfdb	NP_405471	(irp1) yersiniabactin biosynthetic protein Irp1 [Yersiniabactin (VF0136)] [Yersinia pestis CO92]	
AI-5395_20_20_assembly.fasta	AI-5395_20_20_1	4117290	4123394	-	irp2	1-6106/6108	========/======	1/1	99.95	98.87	vfdb	NP_405472	(irp2) yersiniabactin biosynthetic protein Irp2 [Yersiniabactin (VF0136)] [Yersinia pestis CO92]	
AI-5395_20_20_assembly.fasta	AI-5395_20_20_1	4123585	4124544	-	ybtA	1-960/960	===============	0/0	100.00	99.48	vfdb	NP_405473	(ybtA) transcriptional regulator YbtA [Yersiniabactin (VF0136)] [Yersinia pestis CO92]	
AI-5395_20_20_assembly.fasta	AI-5395_20_20_1	4124711	4126513	+	ybtP	1-1803/1803	===============	0/0	100.00	99.61	vfdb	NP_405474	(ybtP) lipoprotein inner membrane ABC-transporter [Yersiniabactin (VF0136)] [Yersinia pestis CO92]	
AI-5395_20_20_assembly.fasta	AI-5395_20_20_1	4126500	4128302	+	ybtQ	1-1803/1803	===============	0/0	100.00	99.78	vfdb	NP_405475	(ybtQ) inner membrane ABC-transporter YbtQ [Yersiniabactin (VF0136)] [Yersinia pestis CO92]	
AI-5395_20_20_assembly.fasta	AI-5395_20_20_1	4128295	4129575	+	ybtX	1-1281/1281	===============	0/0	100.00	99.61	vfdb	NP_405476	(ybtX) putative signal transducer [Yersiniabactin (VF0136)] [Yersinia pestis CO92]	
AI-5395_20_20_assembly.fasta	AI-5395_20_20_1	4129603	4130907	+	ybtS	1-1305/1305	===============	0/0	100.00	99.77	vfdb	NP_405477	(ybtS) salicylate synthase Irp9 [Yersiniabactin (VF0136)] [Yersinia pestis CO92]	
AI-5395_20_20_assembly.fasta	AI-5395_20_20_3	93711	94849	+	senB	2-1140/1140	===============	0/0	99.91	99.74	vfdb	YP_406304	(senB) enterotoxin [ShET2 (VF0258)] [Shigella flexneri 2a str. 301]	
AI-5395_21_21_assembly.fasta	AI-5395_21_21_1	158217	160403	-	espL4	1-2187/2187	===============	0/0	100.00	97.44	vfdb	NP_290644	(espL4) Type III secretion system effector EspL4 [LEE encoded T3SS (SS020)] [Escherichia coli O157:H7 str. EDL933]	
AI-5395_21_21_assembly.fasta	AI-5395_21_21_1	192685	194265	+	espX4	1-1581/1581	===============	0/0	100.00	95.89	vfdb	NP_290672	(espX4) Type III secretion system effector EspX4 [LEE encoded T3SS (SS020)] [Escherichia coli O157:H7 str. EDL933]	
AI-5395_21_21_assembly.fasta	AI-5395_21_21_1	223761	225053	-	espX5	1-1293/1293	===============	0/0	100.00	95.90	vfdb	NP_290699	(espX5) Type III secretion system effector EspX5 [LEE encoded T3SS (SS020)] [Escherichia coli O157:H7 str. EDL933]	
AI-5395_21_21_assembly.fasta	AI-5395_21_21_1	488228	488830	+	fimB	1-603/603	===============	0/0	100.00	97.84	vfdb	NP_757239	(fimB) Type 1 fimbriae Regulatory protein fimB [Type 1 fimbriae (VF0221)] [Escherichia coli CFT073]	
AI-5395_21_21_assembly.fasta	AI-5395_21_21_1	489308	489904	+	fimE	1-597/597	===============	0/0	100.00	99.00	vfdb	NP_757240	(fimE) Type 1 fimbriae Regulatory protein fimE [Type 1 fimbriae (VF0221)] [Escherichia coli CFT073]	
AI-5395_21_21_assembly.fasta	AI-5395_21_21_1	490328	490933	+	fimA	1-606/606	===============	0/0	100.00	90.10	vfdb	NP_757241	(fimA) Type-1 fimbrial protein A chain precursor [Type 1 fimbriae (VF0221)] [Escherichia coli CFT073]	
AI-5395_21_21_assembly.fasta	AI-5395_21_21_1	490998	491537	+	fimI	1-540/540	===============	0/0	100.00	98.89	vfdb	NP_757242	(fimI) Fimbrin-like protein fimI precursor [Type 1 fimbriae (VF0221)] [Escherichia coli CFT073]	
AI-5395_21_21_assembly.fasta	AI-5395_21_21_1	491574	492299	+	fimC	1-726/726	===============	0/0	100.00	98.35	vfdb	NP_757243	(fimC) Chaperone protein fimC precursor [Type 1 fimbriae (VF0221)] [Escherichia coli CFT073]	
AI-5395_21_21_assembly.fasta	AI-5395_21_21_1	492366	495002	+	fimD	1-2637/2637	===============	0/0	100.00	98.56	vfdb	NP_757244	(fimD) Outer membrane usher protein fimD precursor [Type 1 fimbriae (VF0221)] [Escherichia coli CFT073]	
AI-5395_21_21_assembly.fasta	AI-5395_21_21_1	495009	495542	+	fimF	1-534/534	===============	0/0	100.00	97.38	vfdb	NP_757245	(fimF) FimF protein precursor [Type 1 fimbriae (VF0221)] [Escherichia coli CFT073]	
AI-5395_21_21_assembly.fasta	AI-5395_21_21_1	495555	496058	+	fimG	1-504/504	===============	0/0	100.00	98.41	vfdb	NP_757247	(fimG) FimG protein precursor [Type 1 fimbriae (VF0221)] [Escherichia coli CFT073]	
AI-5395_21_21_assembly.fasta	AI-5395_21_21_1	496069	496980	+	fimH	1-912/912	===============	0/0	100.00	97.26	vfdb	NP_757248	(fimH) FimH protein precursor [Type 1 fimbriae (VF0221)] [Escherichia coli CFT073]	
AI-5395_21_21_assembly.fasta	AI-5395_21_21_1	627106	628527	-	espX1	1-1422/1422	===============	0/0	100.00	95.99	vfdb	NP_285716	(espX1) Type III secretion system effector EspX1 [LEE encoded T3SS (SS020)] [Escherichia coli O157:H7 str. EDL933]	
AI-5395_21_21_assembly.fasta	AI-5395_21_21_1	667214	667962	+	espY1	1-753/753	========/======	2/4	99.47	95.75	vfdb	NP_285753	(espY1) Type III secretion system effector EspY1 [LEE encoded T3SS (SS020)] [Escherichia coli O157:H7 str. EDL933]	
AI-5395_21_21_assembly.fasta	AI-5395_21_21_1	684428	684997	+	espY2	1-570/570	===============	0/0	100.00	94.56	vfdb	NP_285765	(espY2) Type III secretion system effector EspY2 [LEE encoded T3SS (SS020)] [Escherichia coli O157:H7 str. EDL933]	
AI-5395_21_21_assembly.fasta	AI-5395_21_21_1	915606	916359	-	yagV/ecpE	1-754/756	===============	0/0	99.74	96.95	vfdb	NP_286006	(yagV/ecpE) E. coli common pilus chaperone EcpE [ECP (VF0404)] [Escherichia coli O157:H7 str. EDL933]	
AI-5395_21_21_assembly.fasta	AI-5395_21_21_1	916283	917926	-	yagW/ecpD	1-1644/1644	===============	0/0	100.00	99.21	vfdb	NP_286007	(yagW/ecpD) polymerized tip adhesin of ECP fibers [ECP (VF0404)] [Escherichia coli O157:H7 str. EDL933]	
AI-5395_21_21_assembly.fasta	AI-5395_21_21_1	917916	920441	-	yagX/ecpC	1-2526/2526	===============	0/0	100.00	98.02	vfdb	NP_286008	(yagX/ecpC) E. coli common pilus usher EcpC [ECP (VF0404)] [Escherichia coli O157:H7 str. EDL933]	
AI-5395_21_21_assembly.fasta	AI-5395_21_21_1	920467	921135	-	yagY/ecpB	1-669/669	===============	0/0	100.00	98.50	vfdb	NP_286009	(yagY/ecpB) E. coli common pilus chaperone EcpB [ECP (VF0404)] [Escherichia coli O157:H7 str. EDL933]	
AI-5395_21_21_assembly.fasta	AI-5395_21_21_1	921192	921779	-	yagZ/ecpA	1-588/588	===============	0/0	100.00	98.98	vfdb	NP_286010	(yagZ/ecpA) E. coli common pilus structural subunit EcpA [ECP (VF0404)] [Escherichia coli O157:H7 str. EDL933]	
AI-5395_21_21_assembly.fasta	AI-5395_21_21_1	921854	922444	-	ykgK/ecpR	1-591/591	===============	0/0	100.00	98.98	vfdb	NP_286011	(ykgK/ecpR) regulator protein EcpR [ECP (VF0404)] [Escherichia coli O157:H7 str. EDL933]	
AI-5395_21_21_assembly.fasta	AI-5395_21_21_1	931691	935941	+	fdeC	1-4251/4251	===============	0/0	100.00	95.15	vfdb	YP_002390132	(fdeC) adhesin FdeC [FdeC (VF0506)] [Escherichia coli O45:K1:H7 str. S88]	
AI-5395_21_21_assembly.fasta	AI-5395_21_21_1	1062748	1064319	-	espY3	1-1572/1572	===============	0/0	100.00	95.48	vfdb	NP_286160	(espY3) Type III secretion system effector EspY3 [LEE encoded T3SS (SS020)] [Escherichia coli O157:H7 str. EDL933]	
AI-5395_21_21_assembly.fasta	AI-5395_21_21_1	1248922	1249692	-	entD	1-771/771	===============	0/0	100.00	92.74	vfdb	NP_752599	(entD) phosphopantetheinyl transferase component of enterobactin synthase multienzyme complex [Enterobactin (VF0228)] [Escherichia coli CFT073]	
AI-5395_21_21_assembly.fasta	AI-5395_21_21_1	1249717	1251957	-	fepA	1-2241/2241	===============	0/0	100.00	96.88	vfdb	NP_752600	(fepA) ferrienterobactin outer membrane transporter [Enterobactin (VF0228)] [Escherichia coli CFT073]	
AI-5395_21_21_assembly.fasta	AI-5395_21_21_1	1252200	1253402	+	fes	1-1203/1203	===============	0/0	100.00	96.59	vfdb	NP_752602	(fes) enterobactin/ferric enterobactin esterase [enterobactin (IA019)] [Escherichia coli CFT073]	
AI-5395_21_21_assembly.fasta	AI-5395_21_21_1	1253620	1257473	+	entF	1-3854/3882	===============	0/0	99.28	95.46	vfdb	NP_752604	(entF) enterobactin synthase multienzyme complex component ATP-dependent [Enterobactin (VF0228)] [Escherichia coli CFT073]	
AI-5395_21_21_assembly.fasta	AI-5395_21_21_1	1258847	1259662	-	fepC	1-816/816	===============	0/0	100.00	96.94	vfdb	NP_752606	(fepC) ferrienterobactin ABC transporter ATPase [Enterobactin (VF0228)] [Escherichia coli CFT073]	
AI-5395_21_21_assembly.fasta	AI-5395_21_21_1	1259659	1260651	-	fepG	1-993/993	===============	0/0	100.00	94.16	vfdb	NP_752607	(fepG) iron-enterobactin ABC transporter permease [Enterobactin (VF0228)] [Escherichia coli CFT073]	
AI-5395_21_21_assembly.fasta	AI-5395_21_21_1	1260648	1261664	-	fepD	1-1017/1017	===============	0/0	100.00	95.97	vfdb	NP_752608	(fepD) ferrienterobactin ABC transporter permease [Enterobactin (VF0228)] [Escherichia coli CFT073]	
AI-5395_21_21_assembly.fasta	AI-5395_21_21_1	1261763	1263013	+	entS	1-1251/1251	===============	0/0	100.00	95.68	vfdb	NP_752609	(entS) enterobactin exporter iron-regulated [enterobactin (IA019)] [Escherichia coli CFT073]	
AI-5395_21_21_assembly.fasta	AI-5395_21_21_1	1263017	1263973	-	fepB	1-957/957	===============	0/0	100.00	97.70	vfdb	NP_752610	(fepB) ferrienterobactin ABC transporter periplasmic binding protein [Enterobactin (VF0228)] [Escherichia coli CFT073]	
AI-5395_21_21_assembly.fasta	AI-5395_21_21_1	1264150	1265337	+	entC	1-1188/1188	===============	0/0	100.00	97.31	vfdb	NP_752611	(entC) isochorismate synthase 1 [Enterobactin (VF0228)] [Escherichia coli CFT073]	
AI-5395_21_21_assembly.fasta	AI-5395_21_21_1	1265347	1266957	+	entE	1-1611/1611	===============	0/0	100.00	96.52	vfdb	NP_752612	(entE) 23-dihydroxybenzoate-AMP ligase component of enterobactin synthase multienzyme complex [Enterobactin (VF0228)] [Escherichia coli CFT073]	
AI-5395_21_21_assembly.fasta	AI-5395_21_21_1	1266971	1267828	+	entB	1-858/858	===============	0/0	100.00	98.83	vfdb	NP_752613	(entB) isochorismatase [Enterobactin (VF0228)] [Escherichia coli CFT073]	
AI-5395_21_21_assembly.fasta	AI-5395_21_21_1	1267828	1268574	+	entA	1-747/747	===============	0/0	100.00	97.32	vfdb	NP_752614	(entA) 23-dihydro-23-dihydroxybenzoate dehydrogenase [Enterobactin (VF0228)] [Escherichia coli CFT073]	
AI-5395_21_21_assembly.fasta	AI-5395_21_21_1	1656612	1657664	-	ompA	1-1041/1041	========/======	1/12	100.00	95.25	vfdb	AAF37887	(ompA) outer membrane protein A [OmpA (VF0236)] [Escherichia coli O18:K1:H7 str. RS218]	
AI-5395_21_21_assembly.fasta	AI-5395_21_21_1	1726136	1726969	-	csgG	1-834/834	===============	0/0	100.00	83.33	vfdb	NP_460110	(csgG) curli production assembly/transport protein CsgG [Agf (VF0103)] [Salmonella enterica subsp. enterica serovar Typhimurium str. LT2]	
AI-5395_21_21_assembly.fasta	AI-5395_21_21_1	1726996	1727412	-	csgF	1-417/417	========/======	3/8	99.04	81.00	vfdb	NP_460111	(csgF) curli production assembly/transport protein CsgF [Agf (VF0103)] [Salmonella enterica subsp. enterica serovar Typhimurium str. LT2]	
AI-5395_21_21_assembly.fasta	AI-5395_21_21_1	1727831	1728481	-	csgD	1-651/651	===============	0/0	100.00	81.41	vfdb	NP_460113	(csgD) DNA-binding transcriptional regulator CsgD [curli fibers/thin aggregative fimbriae (AGF) (AI094)] [Salmonella enterica subsp. enterica serovar Typhimurium str. LT2]	
AI-5395_21_21_assembly.fasta	AI-5395_21_21_1	1729236	1729691	+	csgB	1-456/456	========/======	2/2	99.78	83.59	vfdb	NP_460114	(csgB) minor curlin subunit precursor curli nucleator protein CsgB [Agf (VF0103)] [Salmonella enterica subsp. enterica serovar Typhimurium str. LT2]	
AI-5395_21_21_assembly.fasta	AI-5395_21_21_1	2191063	2192315	-	espR1	1-1253/1260	===============	0/0	99.44	94.33	vfdb	NP_287686	(espR1) Type III secretion system effector espR1 [LEE encoded T3SS (SS020)] [Escherichia coli O157:H7 str. EDL933]	
AI-5395_21_21_assembly.fasta	AI-5395_21_21_1	2493589	2495487	+	espL1	1-1899/1899	===============	0/0	100.00	96.31	vfdb	NP_288154	(espL1) Type III secretion system effector espL1 [LEE encoded T3SS (SS020)] [Escherichia coli O157:H7 str. EDL933]	
AI-5395_21_21_assembly.fasta	AI-5395_21_21_1	2701272	2702411	-	espR3	1-1140/1140	===============	0/0	100.00	94.65	vfdb	NP_288394	(espR3) Type III secretion system effector espR3 [LEE encoded T3SS (SS020)] [Escherichia coli O157:H7 str. EDL933]	
AI-5395_21_21_assembly.fasta	AI-5395_21_21_1	2703235	2704344	-	espR4	1-1113/1140	========/======	3/5	97.28	84.38	vfdb	NP_288396	(espR4) Type III secretion system effector espR4 [LEE encoded T3SS (SS020)] [Escherichia coli O157:H7 str. EDL933]	
AI-5395_21_21_assembly.fasta	AI-5395_21_21_1	4050040	4051716	+	kpsD	1-1677/1677	===============	0/0	100.00	97.91	vfdb	AAA21682	(kpsD) KpsD [K1 capsule (VF0239)] [Escherichia coli O18:K1:H7 str. RS218]	
AI-5395_21_21_assembly.fasta	AI-5395_21_21_1	4064266	4065042	-	kpsM	1-777/777	===============	0/0	100.00	95.37	vfdb	AAA24046	(kpsM) KpsM [K1 capsule (VF0239)] [Escherichia coli O18:K1:H7 str. RS218]	
AI-5395_21_21_assembly.fasta	AI-5395_21_21_1	4066100	4066521	-	gspM	1-422/423	===============	0/0	99.76	97.63	vfdb	YP_404609	(gspM) general secretion pathway protein M [T2SS (VF0333)] [Shigella dysenteriae Sd197]	
AI-5395_21_21_assembly.fasta	AI-5395_21_21_1	4066637	4067497	-	gspL	1-861/861	===============	0/0	100.00	94.66	vfdb	YP_404608	(gspL) general secretion pathway protein L [T2SS (VF0333)] [Shigella dysenteriae Sd197]	
AI-5395_21_21_assembly.fasta	AI-5395_21_21_1	4067812	4068789	-	gspK	1-978/978	===============	0/0	100.00	96.73	vfdb	YP_404607	(gspK) general secretion pathway protein K [T2SS (VF0333)] [Shigella dysenteriae Sd197]	
AI-5395_21_21_assembly.fasta	AI-5395_21_21_1	4068786	4069355	-	gspJ	1-570/570	===============	0/0	100.00	95.44	vfdb	YP_404606	(gspJ) general secretion pathway protein J [T2SS (VF0333)] [Shigella dysenteriae Sd197]	
AI-5395_21_21_assembly.fasta	AI-5395_21_21_1	4069388	4069759	-	gspI	1-372/372	===============	0/0	100.00	96.24	vfdb	YP_404605	(gspI) general secretion pathway protein I [T2SS (VF0333)] [Shigella dysenteriae Sd197]	
AI-5395_21_21_assembly.fasta	AI-5395_21_21_1	4069756	4070286	-	gspH	1-531/531	===============	0/0	100.00	95.86	vfdb	YP_404604	(gspH) general secretion pathway protein H [T2SS (VF0333)] [Shigella dysenteriae Sd197]	
AI-5395_21_21_assembly.fasta	AI-5395_21_21_1	4070323	4070778	-	gspG	1-456/456	===============	0/0	100.00	98.03	vfdb	YP_404603	(gspG) general secretion pathway protein G [T2SS (VF0333)] [Shigella dysenteriae Sd197]	
AI-5395_21_21_assembly.fasta	AI-5395_21_21_1	4070819	4072018	-	gspF	1-1200/1200	===============	0/0	100.00	94.17	vfdb	YP_404602	(gspF) general secretion pathway protein F [T2SS (VF0333)] [Shigella dysenteriae Sd197]	
AI-5395_21_21_assembly.fasta	AI-5395_21_21_1	4072018	4073511	-	gspE	1-1494/1494	===============	0/0	100.00	96.32	vfdb	YP_404601	(gspE) general secretion pathway protein E [T2SS (VF0333)] [Shigella dysenteriae Sd197]	
AI-5395_21_21_assembly.fasta	AI-5395_21_21_1	4073511	4075361	-	gspD	1-1836/1836	========/======	1/15	100.00	96.43	vfdb	YP_404600	(gspD) general secretion pathway protein D [T2SS (VF0333)] [Shigella dysenteriae Sd197]	
AI-5395_21_21_assembly.fasta	AI-5395_21_21_1	4075601	4076431	-	gspC	1-831/831	===============	0/0	100.00	95.91	vfdb	YP_404599	(gspC) general secretion pathway protein C [T2SS (VF0333)] [Shigella dysenteriae Sd197]	
AI-5395_21_21_assembly.fasta	AI-5395_21_21_1	4609917	4610945	-	chuS	1-1029/1029	===============	0/0	100.00	96.40	vfdb	NP_756169	(chuS) heme oxygenase ChuS [Chu (VF0227)] [Escherichia coli CFT073]	
AI-5395_21_21_assembly.fasta	AI-5395_21_21_1	4610994	4612976	-	shuA	1-1983/1983	===============	0/0	100.00	98.54	vfdb	YP_405019	(shuA) outer membrane heme/hemoglobin receptor ShuA [Shu (VF0256)] [Shigella dysenteriae Sd197]	
AI-5395_21_21_assembly.fasta	AI-5395_21_21_1	4613581	4614573	+	shuT	1-993/993	===============	0/0	100.00	98.09	vfdb	YP_405017	(shuT) periplasmic binding protein ShuT [Shu (VF0256)] [Shigella dysenteriae Sd197]	
AI-5395_21_21_assembly.fasta	AI-5395_21_21_1	4614593	4615930	+	chuW	1-1338/1338	===============	0/0	100.00	96.79	vfdb	NP_756176	(chuW) Putative oxygen independent coproporphyrinogen III oxidase [Chu (VF0227)] [Escherichia coli CFT073]	
AI-5395_21_21_assembly.fasta	AI-5395_21_21_1	4615943	4616437	+	shuX	1-495/495	===============	0/0	100.00	96.36	vfdb	YP_405016	(shuX) shu locus protein ShuX [Shu (VF0256)] [Shigella dysenteriae Sd197]	
AI-5395_21_21_assembly.fasta	AI-5395_21_21_1	4616437	4617060	+	chuY	1-624/624	===============	0/0	100.00	96.47	vfdb	NP_756178	(chuY) ChuY [Chu (VF0227)] [Escherichia coli CFT073]	
AI-5395_21_21_assembly.fasta	AI-5395_21_21_1	4617109	4618101	+	chuU	1-993/993	===============	0/0	100.00	96.58	vfdb	NP_756179	(chuU) heme permease protein ChuU [Chu (VF0227)] [Escherichia coli CFT073]	
AI-5395_21_21_assembly.fasta	AI-5395_21_21_1	4618068	4618868	+	chuV	1-801/801	===============	0/0	100.00	98.25	vfdb	NP_756180	(chuV) ATP-binding hydrophilic protein ChuV [Chu (VF0227)] [Escherichia coli CFT073]	
AI-5395_21_21_assembly.fasta	AI-5395_21_21_1	4897166	4899574	-	espY4	1-2409/2409	===============	0/0	100.00	96.39	vfdb	NP_290352	(espY4) Type III secretion system effector EspY4 [LEE encoded T3SS (SS020)] [Escherichia coli O157:H7 str. EDL933]	
AI-5395_21_21_assembly.fasta	AI-5395_21_21_1	4983326	4984754	-	aslA	1-1428/1428	========/======	1/1	100.00	97.13	vfdb	AAG10151	(aslA) putative arylsulfatase [AslA (VF0238)] [Escherichia coli O18:K1:H7 str. RS218]	
AI-5395_22_22_assembly.fasta	AI-5395_22_22_5	23600	25777	+	iroN	1-2178/2178	===============	0/0	100.00	99.13	vfdb	NP_753164	(iroN) salmochelin receptor IroN [IroN (VF0230)] [Escherichia coli CFT073]	
AI-5395_22_22_assembly.fasta	AI-5395_22_22_5	25822	26778	-	iroE	1-957/957	===============	0/0	100.00	99.48	vfdb	NP_753165	(iroE) esterase [Salmochelin (IA013)] [Escherichia coli CFT073]	
AI-5395_22_22_assembly.fasta	AI-5395_22_22_5	26863	28092	-	iroD	1-1230/1230	===============	0/0	100.00	98.54	vfdb	NP_753166	(iroD) esterase [Salmochelin (IA013)] [Escherichia coli CFT073]	
AI-5395_22_22_assembly.fasta	AI-5395_22_22_5	28196	31933	-	iroC	1-3738/3738	===============	0/0	100.00	99.14	vfdb	NP_753167	(iroC) ATP binding cassette transporter [Salmochelin (IA013)] [Escherichia coli CFT073]	
AI-5395_22_22_assembly.fasta	AI-5395_22_22_5	31996	33158	-	iroB	1-1163/1164	===============	0/0	99.91	98.37	vfdb	NP_753168	(iroB) glucosyltransferase IroB [Salmochelin (IA013)] [Escherichia coli CFT073]	
AI-5395_22_22_assembly.fasta	AI-5395_22_22_5	71543	73330	+	iucA	1-1788/1788	===============	0/0	100.00	94.30	vfdb	NP_755502	(iucA) aerobactin siderophore biosynthesis protein IucD [Aerobactin (VF0229)] [Escherichia coli CFT073]	
AI-5395_22_22_assembly.fasta	AI-5395_22_22_5	73331	74278	+	iucB	1-948/948	===============	0/0	100.00	95.67	vfdb	NP_755501	(iucB) aerobactin siderophore biosynthesis protein IucB [Aerobactin (VF0229)] [Escherichia coli CFT073]	
AI-5395_22_22_assembly.fasta	AI-5395_22_22_5	74278	76020	+	iucC	1-1743/1743	===============	0/0	100.00	96.04	vfdb	NP_755500	(iucC) aerobactin siderophore biosynthesis protein IucC [Aerobactin (VF0229)] [Escherichia coli CFT073]	
AI-5395_22_22_assembly.fasta	AI-5395_22_22_5	76017	77338	+	iucD	1-1323/1338	========/======	1/1	98.80	96.30	vfdb	NP_755499	(iucD) L-lysine 6-monooxygenase IucD [Aerobactin (VF0229)] [Escherichia coli CFT073]	
AI-5395_22_22_assembly.fasta	AI-5395_22_22_5	77276	79577	+	iutA	1-2280/2280	========/======	3/24	99.96	88.41	vfdb	NP_755498	(iutA) ferric aerobactin receptor precusor IutA [Aerobactin (VF0229)] [Escherichia coli CFT073]	
AI-5395_22_22_assembly.fasta	AI-5395_22_22_9	105914	106660	-	entA	1-747/747	===============	0/0	100.00	95.85	vfdb	NP_752614	(entA) 23-dihydro-23-dihydroxybenzoate dehydrogenase [Enterobactin (VF0228)] [Escherichia coli CFT073]	
AI-5395_22_22_assembly.fasta	AI-5395_22_22_9	106660	107517	-	entB	1-858/858	===============	0/0	100.00	97.20	vfdb	NP_752613	(entB) isochorismatase [Enterobactin (VF0228)] [Escherichia coli CFT073]	
AI-5395_22_22_assembly.fasta	AI-5395_22_22_9	107531	109141	-	entE	1-1611/1611	===============	0/0	100.00	95.84	vfdb	NP_752612	(entE) 23-dihydroxybenzoate-AMP ligase component of enterobactin synthase multienzyme complex [Enterobactin (VF0228)] [Escherichia coli CFT073]	
AI-5395_22_22_assembly.fasta	AI-5395_22_22_9	109151	110338	-	entC	1-1188/1188	===============	0/0	100.00	97.90	vfdb	NP_752611	(entC) isochorismate synthase 1 [Enterobactin (VF0228)] [Escherichia coli CFT073]	
AI-5395_22_22_assembly.fasta	AI-5395_22_22_9	111714	112670	+	fepB	1-957/957	===============	0/0	100.00	97.39	vfdb	NP_752610	(fepB) ferrienterobactin ABC transporter periplasmic binding protein [Enterobactin (VF0228)] [Escherichia coli CFT073]	
AI-5395_22_22_assembly.fasta	AI-5395_22_22_9	112674	113924	-	entS	1-1251/1251	===============	0/0	100.00	95.68	vfdb	NP_752609	(entS) enterobactin exporter iron-regulated [enterobactin (IA019)] [Escherichia coli CFT073]	
AI-5395_22_22_assembly.fasta	AI-5395_22_22_9	114023	115039	+	fepD	1-1017/1017	===============	0/0	100.00	96.36	vfdb	NP_752608	(fepD) ferrienterobactin ABC transporter permease [Enterobactin (VF0228)] [Escherichia coli CFT073]	
AI-5395_22_22_assembly.fasta	AI-5395_22_22_9	115036	116028	+	fepG	1-993/993	===============	0/0	100.00	94.66	vfdb	NP_752607	(fepG) iron-enterobactin ABC transporter permease [Enterobactin (VF0228)] [Escherichia coli CFT073]	
AI-5395_22_22_assembly.fasta	AI-5395_22_22_9	116025	116840	+	fepC	1-816/816	===============	0/0	100.00	96.94	vfdb	NP_752606	(fepC) ferrienterobactin ABC transporter ATPase [Enterobactin (VF0228)] [Escherichia coli CFT073]	
AI-5395_22_22_assembly.fasta	AI-5395_22_22_9	118238	122067	-	entF	1-3830/3882	===============	0/0	98.66	95.56	vfdb	NP_752604	(entF) enterobactin synthase multienzyme complex component ATP-dependent [Enterobactin (VF0228)] [Escherichia coli CFT073]	
AI-5395_22_22_assembly.fasta	AI-5395_22_22_9	122285	123487	-	fes	1-1203/1203	===============	0/0	100.00	96.92	vfdb	NP_752602	(fes) enterobactin/ferric enterobactin esterase [enterobactin (IA019)] [Escherichia coli CFT073]	
AI-5395_22_22_assembly.fasta	AI-5395_22_22_9	123730	125970	+	fepA	1-2241/2241	===============	0/0	100.00	96.74	vfdb	NP_752600	(fepA) ferrienterobactin outer membrane transporter [Enterobactin (VF0228)] [Escherichia coli CFT073]	
AI-5395_22_22_assembly.fasta	AI-5395_22_22_9	125995	126765	+	entD	1-771/771	===============	0/0	100.00	94.03	vfdb	NP_752599	(entD) phosphopantetheinyl transferase component of enterobactin synthase multienzyme complex [Enterobactin (VF0228)] [Escherichia coli CFT073]	
AI-5395_22_22_assembly.fasta	AI-5395_22_22_9	427717	431942	-	fdeC	1-4229/4251	========/======	1/3	99.41	92.46	vfdb	YP_002390132	(fdeC) adhesin FdeC [FdeC (VF0506)] [Escherichia coli O45:K1:H7 str. S88]	
AI-5395_22_22_assembly.fasta	AI-5395_22_22_9	732254	733675	+	espX1	1-1422/1422	===============	0/0	100.00	94.73	vfdb	NP_285716	(espX1) Type III secretion system effector EspX1 [LEE encoded T3SS (SS020)] [Escherichia coli O157:H7 str. EDL933]	
AI-5395_22_22_assembly.fasta	AI-5395_22_22_9	898783	899694	-	fimH	1-912/912	===============	0/0	100.00	97.48	vfdb	NP_757248	(fimH) FimH protein precursor [Type 1 fimbriae (VF0221)] [Escherichia coli CFT073]	
AI-5395_22_22_assembly.fasta	AI-5395_22_22_9	899705	900208	-	fimG	1-504/504	===============	0/0	100.00	97.82	vfdb	NP_757247	(fimG) FimG protein precursor [Type 1 fimbriae (VF0221)] [Escherichia coli CFT073]	
AI-5395_22_22_assembly.fasta	AI-5395_22_22_9	900221	900754	-	fimF	1-534/534	===============	0/0	100.00	96.63	vfdb	NP_757245	(fimF) FimF protein precursor [Type 1 fimbriae (VF0221)] [Escherichia coli CFT073]	
AI-5395_22_22_assembly.fasta	AI-5395_22_22_9	900761	903397	-	fimD	1-2637/2637	===============	0/0	100.00	98.71	vfdb	NP_757244	(fimD) Outer membrane usher protein fimD precursor [Type 1 fimbriae (VF0221)] [Escherichia coli CFT073]	
AI-5395_22_22_assembly.fasta	AI-5395_22_22_9	903464	904189	-	fimC	1-726/726	===============	0/0	100.00	98.21	vfdb	NP_757243	(fimC) Chaperone protein fimC precursor [Type 1 fimbriae (VF0221)] [Escherichia coli CFT073]	
AI-5395_22_22_assembly.fasta	AI-5395_22_22_9	904226	904765	-	fimI	1-540/540	===============	0/0	100.00	98.70	vfdb	NP_757242	(fimI) Fimbrin-like protein fimI precursor [Type 1 fimbriae (VF0221)] [Escherichia coli CFT073]	
AI-5395_22_22_assembly.fasta	AI-5395_22_22_9	904830	905435	-	fimA	1-606/606	===============	0/0	100.00	90.92	vfdb	NP_757241	(fimA) Type-1 fimbrial protein A chain precursor [Type 1 fimbriae (VF0221)] [Escherichia coli CFT073]	
AI-5395_22_22_assembly.fasta	AI-5395_22_22_9	905859	906455	-	fimE	1-597/597	===============	0/0	100.00	98.66	vfdb	NP_757240	(fimE) Type 1 fimbriae Regulatory protein fimE [Type 1 fimbriae (VF0221)] [Escherichia coli CFT073]	
AI-5395_22_22_assembly.fasta	AI-5395_22_22_9	906933	907535	-	fimB	1-603/603	===============	0/0	100.00	97.84	vfdb	NP_757239	(fimB) Type 1 fimbriae Regulatory protein fimB [Type 1 fimbriae (VF0221)] [Escherichia coli CFT073]	
AI-5395_22_22_assembly.fasta	AI-5395_22_22_9	1127873	1129165	+	espX5	1-1293/1293	===============	0/0	100.00	95.59	vfdb	NP_290699	(espX5) Type III secretion system effector EspX5 [LEE encoded T3SS (SS020)] [Escherichia coli O157:H7 str. EDL933]	
AI-5395_22_22_assembly.fasta	AI-5395_22_22_9	1158722	1160302	-	espX4	1-1581/1581	========/======	2/2	99.94	92.98	vfdb	NP_290672	(espX4) Type III secretion system effector EspX4 [LEE encoded T3SS (SS020)] [Escherichia coli O157:H7 str. EDL933]	
AI-5395_22_22_assembly.fasta	AI-5395_22_22_9	3743464	3745362	-	espL1	1-1899/1899	===============	0/0	100.00	94.94	vfdb	NP_288154	(espL1) Type III secretion system effector espL1 [LEE encoded T3SS (SS020)] [Escherichia coli O157:H7 str. EDL933]	
AI-5395_22_22_assembly.fasta	AI-5395_22_22_9	3998361	3999417	+	espR1	198-1253/1260	..======/======	1/1	83.81	94.13	vfdb	NP_287686	(espR1) Type III secretion system effector espR1 [LEE encoded T3SS (SS020)] [Escherichia coli O157:H7 str. EDL933]	
AI-5395_22_22_assembly.fasta	AI-5395_22_22_9	4432087	4432542	-	csgB	1-456/456	========/======	2/2	99.78	83.81	vfdb	NP_460114	(csgB) minor curlin subunit precursor curli nucleator protein CsgB [Agf (VF0103)] [Salmonella enterica subsp. enterica serovar Typhimurium str. LT2]	
AI-5395_22_22_assembly.fasta	AI-5395_22_22_9	4433296	4433946	+	csgD	1-651/651	===============	0/0	100.00	81.11	vfdb	NP_460113	(csgD) DNA-binding transcriptional regulator CsgD [curli fibers/thin aggregative fimbriae (AGF) (AI094)] [Salmonella enterica subsp. enterica serovar Typhimurium str. LT2]	
AI-5395_22_22_assembly.fasta	AI-5395_22_22_9	4434365	4434781	+	csgF	1-417/417	========/======	3/8	99.04	81.23	vfdb	NP_460111	(csgF) curli production assembly/transport protein CsgF [Agf (VF0103)] [Salmonella enterica subsp. enterica serovar Typhimurium str. LT2]	
AI-5395_22_22_assembly.fasta	AI-5395_22_22_9	4434808	4435641	+	csgG	1-834/834	===============	0/0	100.00	82.97	vfdb	NP_460110	(csgG) curli production assembly/transport protein CsgG [Agf (VF0103)] [Salmonella enterica subsp. enterica serovar Typhimurium str. LT2]	
AI-5395_22_22_assembly.fasta	AI-5395_22_22_9	4515428	4516468	+	ompA	1-1041/1041	===============	0/0	100.00	98.08	vfdb	AAF37887	(ompA) outer membrane protein A [OmpA (VF0236)] [Escherichia coli O18:K1:H7 str. RS218]	
AI-5395_23_23_assembly.fasta	AI-5395_23_23_1	947609	949507	-	espL1	1-1899/1899	===============	0/0	100.00	94.79	vfdb	NP_288154	(espL1) Type III secretion system effector espL1 [LEE encoded T3SS (SS020)] [Escherichia coli O157:H7 str. EDL933]	
AI-5395_23_23_assembly.fasta	AI-5395_23_23_1	1242612	1243667	+	espR1	198-1253/1260	..=============	0/0	83.81	94.13	vfdb	NP_287686	(espR1) Type III secretion system effector espR1 [LEE encoded T3SS (SS020)] [Escherichia coli O157:H7 str. EDL933]	
AI-5395_23_23_assembly.fasta	AI-5395_23_23_1	1693151	1693606	-	csgB	1-456/456	========/======	2/2	99.78	83.81	vfdb	NP_460114	(csgB) minor curlin subunit precursor curli nucleator protein CsgB [Agf (VF0103)] [Salmonella enterica subsp. enterica serovar Typhimurium str. LT2]	
AI-5395_23_23_assembly.fasta	AI-5395_23_23_1	1694360	1695010	+	csgD	1-651/651	===============	0/0	100.00	81.11	vfdb	NP_460113	(csgD) DNA-binding transcriptional regulator CsgD [curli fibers/thin aggregative fimbriae (AGF) (AI094)] [Salmonella enterica subsp. enterica serovar Typhimurium str. LT2]	
AI-5395_23_23_assembly.fasta	AI-5395_23_23_1	1695429	1695845	+	csgF	1-417/417	========/======	3/8	99.04	81.23	vfdb	NP_460111	(csgF) curli production assembly/transport protein CsgF [Agf (VF0103)] [Salmonella enterica subsp. enterica serovar Typhimurium str. LT2]	
AI-5395_23_23_assembly.fasta	AI-5395_23_23_1	1695872	1696705	+	csgG	1-834/834	===============	0/0	100.00	82.97	vfdb	NP_460110	(csgG) curli production assembly/transport protein CsgG [Agf (VF0103)] [Salmonella enterica subsp. enterica serovar Typhimurium str. LT2]	
AI-5395_23_23_assembly.fasta	AI-5395_23_23_1	1767066	1768118	+	ompA	1-1041/1041	========/======	1/12	100.00	94.30	vfdb	AAF37887	(ompA) outer membrane protein A [OmpA (VF0236)] [Escherichia coli O18:K1:H7 str. RS218]	
AI-5395_23_23_assembly.fasta	AI-5395_23_23_1	2155132	2155878	-	entA	1-747/747	===============	0/0	100.00	95.98	vfdb	NP_752614	(entA) 23-dihydro-23-dihydroxybenzoate dehydrogenase [Enterobactin (VF0228)] [Escherichia coli CFT073]	
AI-5395_23_23_assembly.fasta	AI-5395_23_23_1	2155878	2156735	-	entB	1-858/858	===============	0/0	100.00	97.44	vfdb	NP_752613	(entB) isochorismatase [Enterobactin (VF0228)] [Escherichia coli CFT073]	
AI-5395_23_23_assembly.fasta	AI-5395_23_23_1	2156749	2158359	-	entE	1-1611/1611	===============	0/0	100.00	95.90	vfdb	NP_752612	(entE) 23-dihydroxybenzoate-AMP ligase component of enterobactin synthase multienzyme complex [Enterobactin (VF0228)] [Escherichia coli CFT073]	
AI-5395_23_23_assembly.fasta	AI-5395_23_23_1	2158369	2159556	-	entC	1-1188/1188	===============	0/0	100.00	97.56	vfdb	NP_752611	(entC) isochorismate synthase 1 [Enterobactin (VF0228)] [Escherichia coli CFT073]	
AI-5395_23_23_assembly.fasta	AI-5395_23_23_1	2159919	2160875	+	fepB	1-957/957	===============	0/0	100.00	97.28	vfdb	NP_752610	(fepB) ferrienterobactin ABC transporter periplasmic binding protein [Enterobactin (VF0228)] [Escherichia coli CFT073]	
AI-5395_23_23_assembly.fasta	AI-5395_23_23_1	2160879	2162129	-	entS	1-1251/1251	===============	0/0	100.00	95.44	vfdb	NP_752609	(entS) enterobactin exporter iron-regulated [enterobactin (IA019)] [Escherichia coli CFT073]	
AI-5395_23_23_assembly.fasta	AI-5395_23_23_1	2162228	2163244	+	fepD	1-1017/1017	===============	0/0	100.00	95.67	vfdb	NP_752608	(fepD) ferrienterobactin ABC transporter permease [Enterobactin (VF0228)] [Escherichia coli CFT073]	
AI-5395_23_23_assembly.fasta	AI-5395_23_23_1	2163241	2164233	+	fepG	1-993/993	===============	0/0	100.00	94.56	vfdb	NP_752607	(fepG) iron-enterobactin ABC transporter permease [Enterobactin (VF0228)] [Escherichia coli CFT073]	
AI-5395_23_23_assembly.fasta	AI-5395_23_23_1	2164230	2165045	+	fepC	1-816/816	===============	0/0	100.00	96.94	vfdb	NP_752606	(fepC) ferrienterobactin ABC transporter ATPase [Enterobactin (VF0228)] [Escherichia coli CFT073]	
AI-5395_23_23_assembly.fasta	AI-5395_23_23_1	2166419	2170272	-	entF	1-3854/3882	===============	0/0	99.28	95.61	vfdb	NP_752604	(entF) enterobactin synthase multienzyme complex component ATP-dependent [Enterobactin (VF0228)] [Escherichia coli CFT073]	
AI-5395_23_23_assembly.fasta	AI-5395_23_23_1	2170490	2171692	-	fes	1-1203/1203	===============	0/0	100.00	96.76	vfdb	NP_752602	(fes) enterobactin/ferric enterobactin esterase [enterobactin (IA019)] [Escherichia coli CFT073]	
AI-5395_23_23_assembly.fasta	AI-5395_23_23_1	2171935	2174175	+	fepA	1-2241/2241	===============	0/0	100.00	96.79	vfdb	NP_752600	(fepA) ferrienterobactin outer membrane transporter [Enterobactin (VF0228)] [Escherichia coli CFT073]	
AI-5395_23_23_assembly.fasta	AI-5395_23_23_1	2174200	2174970	+	entD	1-771/771	===============	0/0	100.00	94.03	vfdb	NP_752599	(entD) phosphopantetheinyl transferase component of enterobactin synthase multienzyme complex [Enterobactin (VF0228)] [Escherichia coli CFT073]	
AI-5395_23_23_assembly.fasta	AI-5395_23_23_1	2462701	2466942	-	fdeC	1-4245/4251	========/======	3/5	99.76	92.32	vfdb	YP_002390132	(fdeC) adhesin FdeC [FdeC (VF0506)] [Escherichia coli O45:K1:H7 str. S88]	
AI-5395_23_23_assembly.fasta	AI-5395_23_23_1	2469962	2470552	+	ykgK/ecpR	1-591/591	===============	0/0	100.00	97.63	vfdb	NP_286011	(ykgK/ecpR) regulator protein EcpR [ECP (VF0404)] [Escherichia coli O157:H7 str. EDL933]	
AI-5395_23_23_assembly.fasta	AI-5395_23_23_1	2470627	2471214	+	yagZ/ecpA	1-588/588	===============	0/0	100.00	99.32	vfdb	NP_286010	(yagZ/ecpA) E. coli common pilus structural subunit EcpA [ECP (VF0404)] [Escherichia coli O157:H7 str. EDL933]	
AI-5395_23_23_assembly.fasta	AI-5395_23_23_1	2471272	2471940	+	yagY/ecpB	1-669/669	===============	0/0	100.00	98.66	vfdb	NP_286009	(yagY/ecpB) E. coli common pilus chaperone EcpB [ECP (VF0404)] [Escherichia coli O157:H7 str. EDL933]	
AI-5395_23_23_assembly.fasta	AI-5395_23_23_1	2471966	2474491	+	yagX/ecpC	1-2526/2526	===============	0/0	100.00	98.65	vfdb	NP_286008	(yagX/ecpC) E. coli common pilus usher EcpC [ECP (VF0404)] [Escherichia coli O157:H7 str. EDL933]	
AI-5395_23_23_assembly.fasta	AI-5395_23_23_1	2474481	2476124	+	yagW/ecpD	1-1644/1644	===============	0/0	100.00	98.60	vfdb	NP_286007	(yagW/ecpD) polymerized tip adhesin of ECP fibers [ECP (VF0404)] [Escherichia coli O157:H7 str. EDL933]	
AI-5395_23_23_assembly.fasta	AI-5395_23_23_1	2476048	2476801	+	yagV/ecpE	1-754/756	===============	0/0	99.74	96.68	vfdb	NP_286006	(yagV/ecpE) E. coli common pilus chaperone EcpE [ECP (VF0404)] [Escherichia coli O157:H7 str. EDL933]	
AI-5395_23_23_assembly.fasta	AI-5395_23_23_1	2818583	2820004	+	espX1	1-1422/1422	===============	0/0	100.00	94.44	vfdb	NP_285716	(espX1) Type III secretion system effector EspX1 [LEE encoded T3SS (SS020)] [Escherichia coli O157:H7 str. EDL933]	
AI-5395_23_23_assembly.fasta	AI-5395_23_23_1	2930951	2931862	-	fimH	1-912/912	===============	0/0	100.00	97.70	vfdb	NP_757248	(fimH) FimH protein precursor [Type 1 fimbriae (VF0221)] [Escherichia coli CFT073]	
AI-5395_23_23_assembly.fasta	AI-5395_23_23_1	2931873	2932376	-	fimG	1-504/504	===============	0/0	100.00	98.41	vfdb	NP_757247	(fimG) FimG protein precursor [Type 1 fimbriae (VF0221)] [Escherichia coli CFT073]	
AI-5395_23_23_assembly.fasta	AI-5395_23_23_1	2932389	2932922	-	fimF	1-534/534	===============	0/0	100.00	97.94	vfdb	NP_757245	(fimF) FimF protein precursor [Type 1 fimbriae (VF0221)] [Escherichia coli CFT073]	
AI-5395_23_23_assembly.fasta	AI-5395_23_23_1	2932929	2935565	-	fimD	1-2637/2637	===============	0/0	100.00	98.86	vfdb	NP_757244	(fimD) Outer membrane usher protein fimD precursor [Type 1 fimbriae (VF0221)] [Escherichia coli CFT073]	
AI-5395_23_23_assembly.fasta	AI-5395_23_23_1	2935632	2936357	-	fimC	1-726/726	===============	0/0	100.00	98.48	vfdb	NP_757243	(fimC) Chaperone protein fimC precursor [Type 1 fimbriae (VF0221)] [Escherichia coli CFT073]	
AI-5395_23_23_assembly.fasta	AI-5395_23_23_1	2936394	2936933	-	fimI	1-540/540	===============	0/0	100.00	98.33	vfdb	NP_757242	(fimI) Fimbrin-like protein fimI precursor [Type 1 fimbriae (VF0221)] [Escherichia coli CFT073]	
AI-5395_23_23_assembly.fasta	AI-5395_23_23_1	2936998	2937603	-	fimA	1-606/606	===============	0/0	100.00	92.24	vfdb	NP_757241	(fimA) Type-1 fimbrial protein A chain precursor [Type 1 fimbriae (VF0221)] [Escherichia coli CFT073]	
AI-5395_23_23_assembly.fasta	AI-5395_23_23_1	2938027	2938623	-	fimE	1-597/597	===============	0/0	100.00	98.66	vfdb	NP_757240	(fimE) Type 1 fimbriae Regulatory protein fimE [Type 1 fimbriae (VF0221)] [Escherichia coli CFT073]	
AI-5395_23_23_assembly.fasta	AI-5395_23_23_1	2939101	2939703	-	fimB	1-603/603	===============	0/0	100.00	98.18	vfdb	NP_757239	(fimB) Type 1 fimbriae Regulatory protein fimB [Type 1 fimbriae (VF0221)] [Escherichia coli CFT073]	
AI-5395_23_23_assembly.fasta	AI-5395_23_23_1	3221014	3222306	+	espX5	1-1293/1293	===============	0/0	100.00	95.59	vfdb	NP_290699	(espX5) Type III secretion system effector EspX5 [LEE encoded T3SS (SS020)] [Escherichia coli O157:H7 str. EDL933]	
AI-5395_23_23_assembly.fasta	AI-5395_23_23_1	3251831	3253411	-	espX4	1-1581/1581	========/======	2/2	99.94	92.98	vfdb	NP_290672	(espX4) Type III secretion system effector EspX4 [LEE encoded T3SS (SS020)] [Escherichia coli O157:H7 str. EDL933]	
AI-5395_23_23_assembly.fasta	AI-5395_23_23_1	4416047	4416877	+	gspC	1-831/831	===============	0/0	100.00	95.07	vfdb	YP_404599	(gspC) general secretion pathway protein C [T2SS (VF0333)] [Shigella dysenteriae Sd197]	
AI-5395_23_23_assembly.fasta	AI-5395_23_23_1	4417117	4418967	+	gspD	1-1836/1836	========/======	1/15	100.00	97.35	vfdb	YP_404600	(gspD) general secretion pathway protein D [T2SS (VF0333)] [Shigella dysenteriae Sd197]	
AI-5395_23_23_assembly.fasta	AI-5395_23_23_1	4418967	4420460	+	gspE	1-1494/1494	===============	0/0	100.00	96.25	vfdb	YP_404601	(gspE) general secretion pathway protein E [T2SS (VF0333)] [Shigella dysenteriae Sd197]	
AI-5395_23_23_assembly.fasta	AI-5395_23_23_1	4420460	4421659	+	gspF	1-1200/1200	===============	0/0	100.00	96.33	vfdb	YP_404602	(gspF) general secretion pathway protein F [T2SS (VF0333)] [Shigella dysenteriae Sd197]	
AI-5395_23_23_assembly.fasta	AI-5395_23_23_1	4421700	4422155	+	gspG	1-456/456	===============	0/0	100.00	95.61	vfdb	YP_404603	(gspG) general secretion pathway protein G [T2SS (VF0333)] [Shigella dysenteriae Sd197]	
AI-5395_23_23_assembly.fasta	AI-5395_23_23_1	4422192	4422722	+	gspH	1-531/531	===============	0/0	100.00	95.86	vfdb	YP_404604	(gspH) general secretion pathway protein H [T2SS (VF0333)] [Shigella dysenteriae Sd197]	
AI-5395_23_23_assembly.fasta	AI-5395_23_23_1	4422719	4423090	+	gspI	1-372/372	===============	0/0	100.00	95.16	vfdb	YP_404605	(gspI) general secretion pathway protein I [T2SS (VF0333)] [Shigella dysenteriae Sd197]	
AI-5395_23_23_assembly.fasta	AI-5395_23_23_1	4423123	4423692	+	gspJ	1-570/570	===============	0/0	100.00	96.49	vfdb	YP_404606	(gspJ) general secretion pathway protein J [T2SS (VF0333)] [Shigella dysenteriae Sd197]	
AI-5395_23_23_assembly.fasta	AI-5395_23_23_1	4423689	4424666	+	gspK	1-978/978	===============	0/0	100.00	96.11	vfdb	YP_404607	(gspK) general secretion pathway protein K [T2SS (VF0333)] [Shigella dysenteriae Sd197]	
AI-5395_23_23_assembly.fasta	AI-5395_23_23_1	4424981	4425841	+	gspL	1-861/861	===============	0/0	100.00	97.44	vfdb	YP_404608	(gspL) general secretion pathway protein L [T2SS (VF0333)] [Shigella dysenteriae Sd197]	
AI-5395_23_23_assembly.fasta	AI-5395_23_23_1	4425957	4426379	+	gspM	1-423/423	===============	0/0	100.00	94.09	vfdb	YP_404609	(gspM) general secretion pathway protein M [T2SS (VF0333)] [Shigella dysenteriae Sd197]	
AI-5395_23_23_assembly.fasta	AI-5395_23_23_2	18403	22514	-	pic	2-4116/4116	========/======	15/35	99.51	80.88	vfdb	NP_752289	(pic) serine protease precursor [Pic (VF0232)] [Escherichia coli CFT073]	
AI-5395_24_24_assembly.fasta	AI-5395_24_24_10	105257	106168	-	fimH	1-912/912	===============	0/0	100.00	97.26	vfdb	NP_757248	(fimH) FimH protein precursor [Type 1 fimbriae (VF0221)] [Escherichia coli CFT073]	
AI-5395_24_24_assembly.fasta	AI-5395_24_24_10	106179	106682	-	fimG	1-504/504	===============	0/0	100.00	98.02	vfdb	NP_757247	(fimG) FimG protein precursor [Type 1 fimbriae (VF0221)] [Escherichia coli CFT073]	
AI-5395_24_24_assembly.fasta	AI-5395_24_24_10	106695	107228	-	fimF	1-534/534	===============	0/0	100.00	97.38	vfdb	NP_757245	(fimF) FimF protein precursor [Type 1 fimbriae (VF0221)] [Escherichia coli CFT073]	
AI-5395_24_24_assembly.fasta	AI-5395_24_24_10	107235	109871	-	fimD	1-2637/2637	===============	0/0	100.00	98.26	vfdb	NP_757244	(fimD) Outer membrane usher protein fimD precursor [Type 1 fimbriae (VF0221)] [Escherichia coli CFT073]	
AI-5395_24_24_assembly.fasta	AI-5395_24_24_10	109938	110663	-	fimC	1-726/726	===============	0/0	100.00	98.48	vfdb	NP_757243	(fimC) Chaperone protein fimC precursor [Type 1 fimbriae (VF0221)] [Escherichia coli CFT073]	
AI-5395_24_24_assembly.fasta	AI-5395_24_24_10	110700	111239	-	fimI	1-540/540	===============	0/0	100.00	98.33	vfdb	NP_757242	(fimI) Fimbrin-like protein fimI precursor [Type 1 fimbriae (VF0221)] [Escherichia coli CFT073]	
AI-5395_24_24_assembly.fasta	AI-5395_24_24_10	111304	111909	-	fimA	1-606/606	===============	0/0	100.00	92.57	vfdb	NP_757241	(fimA) Type-1 fimbrial protein A chain precursor [Type 1 fimbriae (VF0221)] [Escherichia coli CFT073]	
AI-5395_24_24_assembly.fasta	AI-5395_24_24_10	112334	112930	-	fimE	1-597/597	===============	0/0	100.00	98.66	vfdb	NP_757240	(fimE) Type 1 fimbriae Regulatory protein fimE [Type 1 fimbriae (VF0221)] [Escherichia coli CFT073]	
AI-5395_24_24_assembly.fasta	AI-5395_24_24_10	113408	114010	-	fimB	1-603/603	===============	0/0	100.00	98.18	vfdb	NP_757239	(fimB) Type 1 fimbriae Regulatory protein fimB [Type 1 fimbriae (VF0221)] [Escherichia coli CFT073]	
AI-5395_24_24_assembly.fasta	AI-5395_24_24_10	404304	405596	+	espX5	1-1293/1293	===============	0/0	100.00	96.21	vfdb	NP_290699	(espX5) Type III secretion system effector EspX5 [LEE encoded T3SS (SS020)] [Escherichia coli O157:H7 str. EDL933]	
AI-5395_24_24_assembly.fasta	AI-5395_24_24_10	435122	436702	-	espX4	1-1581/1581	========/======	2/2	99.94	92.92	vfdb	NP_290672	(espX4) Type III secretion system effector EspX4 [LEE encoded T3SS (SS020)] [Escherichia coli O157:H7 str. EDL933]	
AI-5395_24_24_assembly.fasta	AI-5395_24_24_11	531591	533459	-	espL1	1-1899/1899	========/======	2/30	98.42	95.16	vfdb	NP_288154	(espL1) Type III secretion system effector espL1 [LEE encoded T3SS (SS020)] [Escherichia coli O157:H7 str. EDL933]	
AI-5395_24_24_assembly.fasta	AI-5395_24_24_11	827303	828358	+	espR1	198-1253/1260	..=============	0/0	83.81	93.84	vfdb	NP_287686	(espR1) Type III secretion system effector espR1 [LEE encoded T3SS (SS020)] [Escherichia coli O157:H7 str. EDL933]	
AI-5395_24_24_assembly.fasta	AI-5395_24_24_11	1287891	1288346	-	csgB	1-456/456	========/======	2/2	99.78	83.81	vfdb	NP_460114	(csgB) minor curlin subunit precursor curli nucleator protein CsgB [Agf (VF0103)] [Salmonella enterica subsp. enterica serovar Typhimurium str. LT2]	
AI-5395_24_24_assembly.fasta	AI-5395_24_24_11	1289100	1289750	+	csgD	1-651/651	===============	0/0	100.00	81.11	vfdb	NP_460113	(csgD) DNA-binding transcriptional regulator CsgD [curli fibers/thin aggregative fimbriae (AGF) (AI094)] [Salmonella enterica subsp. enterica serovar Typhimurium str. LT2]	
AI-5395_24_24_assembly.fasta	AI-5395_24_24_11	1290169	1290585	+	csgF	1-417/417	========/======	3/8	99.04	81.23	vfdb	NP_460111	(csgF) curli production assembly/transport protein CsgF [Agf (VF0103)] [Salmonella enterica subsp. enterica serovar Typhimurium str. LT2]	
AI-5395_24_24_assembly.fasta	AI-5395_24_24_11	1290612	1291445	+	csgG	1-834/834	===============	0/0	100.00	83.09	vfdb	NP_460110	(csgG) curli production assembly/transport protein CsgG [Agf (VF0103)] [Salmonella enterica subsp. enterica serovar Typhimurium str. LT2]	
AI-5395_24_24_assembly.fasta	AI-5395_24_24_11	1370674	1371726	+	ompA	1-1041/1041	========/======	1/12	100.00	94.30	vfdb	AAF37887	(ompA) outer membrane protein A [OmpA (VF0236)] [Escherichia coli O18:K1:H7 str. RS218]	
AI-5395_24_24_assembly.fasta	AI-5395_24_24_5	26714	28501	+	iucA	1-1788/1788	===============	0/0	100.00	94.24	vfdb	NP_755502	(iucA) aerobactin siderophore biosynthesis protein IucD [Aerobactin (VF0229)] [Escherichia coli CFT073]	
AI-5395_24_24_assembly.fasta	AI-5395_24_24_5	28502	29449	+	iucB	1-948/948	===============	0/0	100.00	95.57	vfdb	NP_755501	(iucB) aerobactin siderophore biosynthesis protein IucB [Aerobactin (VF0229)] [Escherichia coli CFT073]	
AI-5395_24_24_assembly.fasta	AI-5395_24_24_5	29449	31191	+	iucC	1-1743/1743	===============	0/0	100.00	96.04	vfdb	NP_755500	(iucC) aerobactin siderophore biosynthesis protein IucC [Aerobactin (VF0229)] [Escherichia coli CFT073]	
AI-5395_24_24_assembly.fasta	AI-5395_24_24_5	31188	32509	+	iucD	1-1323/1338	========/======	1/1	98.80	96.30	vfdb	NP_755499	(iucD) L-lysine 6-monooxygenase IucD [Aerobactin (VF0229)] [Escherichia coli CFT073]	
AI-5395_24_24_assembly.fasta	AI-5395_24_24_5	32447	34748	+	iutA	1-2280/2280	========/======	3/24	99.96	88.36	vfdb	NP_755498	(iutA) ferric aerobactin receptor precusor IutA [Aerobactin (VF0229)] [Escherichia coli CFT073]	
AI-5395_24_24_assembly.fasta	AI-5395_24_24_5	101038	103215	+	iroN	1-2178/2178	===============	0/0	100.00	99.13	vfdb	NP_753164	(iroN) salmochelin receptor IroN [IroN (VF0230)] [Escherichia coli CFT073]	
AI-5395_24_24_assembly.fasta	AI-5395_24_24_5	103260	104216	-	iroE	1-957/957	===============	0/0	100.00	99.48	vfdb	NP_753165	(iroE) esterase [Salmochelin (IA013)] [Escherichia coli CFT073]	
AI-5395_24_24_assembly.fasta	AI-5395_24_24_5	104301	105530	-	iroD	1-1230/1230	===============	0/0	100.00	98.62	vfdb	NP_753166	(iroD) esterase [Salmochelin (IA013)] [Escherichia coli CFT073]	
AI-5395_24_24_assembly.fasta	AI-5395_24_24_5	105634	109371	-	iroC	1-3738/3738	===============	0/0	100.00	99.14	vfdb	NP_753167	(iroC) ATP binding cassette transporter [Salmochelin (IA013)] [Escherichia coli CFT073]	
AI-5395_24_24_assembly.fasta	AI-5395_24_24_5	109434	110596	-	iroB	1-1163/1164	===============	0/0	99.91	98.37	vfdb	NP_753168	(iroB) glucosyltransferase IroB [Salmochelin (IA013)] [Escherichia coli CFT073]	
AI-5395_24_24_assembly.fasta	AI-5395_24_24_9	208625	209371	-	entA	1-747/747	===============	0/0	100.00	95.98	vfdb	NP_752614	(entA) 23-dihydro-23-dihydroxybenzoate dehydrogenase [Enterobactin (VF0228)] [Escherichia coli CFT073]	
AI-5395_24_24_assembly.fasta	AI-5395_24_24_9	209371	210228	-	entB	1-858/858	===============	0/0	100.00	97.55	vfdb	NP_752613	(entB) isochorismatase [Enterobactin (VF0228)] [Escherichia coli CFT073]	
AI-5395_24_24_assembly.fasta	AI-5395_24_24_9	210242	211852	-	entE	1-1611/1611	===============	0/0	100.00	95.66	vfdb	NP_752612	(entE) 23-dihydroxybenzoate-AMP ligase component of enterobactin synthase multienzyme complex [Enterobactin (VF0228)] [Escherichia coli CFT073]	
AI-5395_24_24_assembly.fasta	AI-5395_24_24_9	211862	213049	-	entC	1-1188/1188	===============	0/0	100.00	97.39	vfdb	NP_752611	(entC) isochorismate synthase 1 [Enterobactin (VF0228)] [Escherichia coli CFT073]	
AI-5395_24_24_assembly.fasta	AI-5395_24_24_9	213412	214368	+	fepB	1-957/957	===============	0/0	100.00	97.39	vfdb	NP_752610	(fepB) ferrienterobactin ABC transporter periplasmic binding protein [Enterobactin (VF0228)] [Escherichia coli CFT073]	
AI-5395_24_24_assembly.fasta	AI-5395_24_24_9	214372	215622	-	entS	1-1251/1251	===============	0/0	100.00	95.68	vfdb	NP_752609	(entS) enterobactin exporter iron-regulated [enterobactin (IA019)] [Escherichia coli CFT073]	
AI-5395_24_24_assembly.fasta	AI-5395_24_24_9	215721	216737	+	fepD	1-1017/1017	===============	0/0	100.00	95.87	vfdb	NP_752608	(fepD) ferrienterobactin ABC transporter permease [Enterobactin (VF0228)] [Escherichia coli CFT073]	
AI-5395_24_24_assembly.fasta	AI-5395_24_24_9	216734	217726	+	fepG	1-993/993	===============	0/0	100.00	94.06	vfdb	NP_752607	(fepG) iron-enterobactin ABC transporter permease [Enterobactin (VF0228)] [Escherichia coli CFT073]	
AI-5395_24_24_assembly.fasta	AI-5395_24_24_9	217723	218538	+	fepC	1-816/816	===============	0/0	100.00	97.30	vfdb	NP_752606	(fepC) ferrienterobactin ABC transporter ATPase [Enterobactin (VF0228)] [Escherichia coli CFT073]	
AI-5395_24_24_assembly.fasta	AI-5395_24_24_9	219912	223765	-	entF	1-3854/3882	===============	0/0	99.28	95.77	vfdb	NP_752604	(entF) enterobactin synthase multienzyme complex component ATP-dependent [Enterobactin (VF0228)] [Escherichia coli CFT073]	
AI-5395_24_24_assembly.fasta	AI-5395_24_24_9	223983	225185	-	fes	1-1203/1203	===============	0/0	100.00	96.76	vfdb	NP_752602	(fes) enterobactin/ferric enterobactin esterase [enterobactin (IA019)] [Escherichia coli CFT073]	
AI-5395_24_24_assembly.fasta	AI-5395_24_24_9	225428	227668	+	fepA	1-2241/2241	===============	0/0	100.00	97.55	vfdb	NP_752600	(fepA) ferrienterobactin outer membrane transporter [Enterobactin (VF0228)] [Escherichia coli CFT073]	
AI-5395_24_24_assembly.fasta	AI-5395_24_24_9	227693	228463	+	entD	1-771/771	===============	0/0	100.00	94.29	vfdb	NP_752599	(entD) phosphopantetheinyl transferase component of enterobactin synthase multienzyme complex [Enterobactin (VF0228)] [Escherichia coli CFT073]	
AI-5395_24_24_assembly.fasta	AI-5395_24_24_9	516709	520934	-	fdeC	1-4229/4251	========/======	1/3	99.41	91.87	vfdb	YP_002390132	(fdeC) adhesin FdeC [FdeC (VF0506)] [Escherichia coli O45:K1:H7 str. S88]	
AI-5395_24_24_assembly.fasta	AI-5395_24_24_9	523954	524544	+	ykgK/ecpR	1-591/591	===============	0/0	100.00	97.63	vfdb	NP_286011	(ykgK/ecpR) regulator protein EcpR [ECP (VF0404)] [Escherichia coli O157:H7 str. EDL933]	
AI-5395_24_24_assembly.fasta	AI-5395_24_24_9	524619	525206	+	yagZ/ecpA	1-588/588	===============	0/0	100.00	99.32	vfdb	NP_286010	(yagZ/ecpA) E. coli common pilus structural subunit EcpA [ECP (VF0404)] [Escherichia coli O157:H7 str. EDL933]	
AI-5395_24_24_assembly.fasta	AI-5395_24_24_9	525264	525932	+	yagY/ecpB	1-669/669	===============	0/0	100.00	98.06	vfdb	NP_286009	(yagY/ecpB) E. coli common pilus chaperone EcpB [ECP (VF0404)] [Escherichia coli O157:H7 str. EDL933]	
AI-5395_24_24_assembly.fasta	AI-5395_24_24_9	525958	528483	+	yagX/ecpC	1-2526/2526	===============	0/0	100.00	98.61	vfdb	NP_286008	(yagX/ecpC) E. coli common pilus usher EcpC [ECP (VF0404)] [Escherichia coli O157:H7 str. EDL933]	
AI-5395_24_24_assembly.fasta	AI-5395_24_24_9	528473	530116	+	yagW/ecpD	1-1644/1644	===============	0/0	100.00	98.66	vfdb	NP_286007	(yagW/ecpD) polymerized tip adhesin of ECP fibers [ECP (VF0404)] [Escherichia coli O157:H7 str. EDL933]	
AI-5395_24_24_assembly.fasta	AI-5395_24_24_9	530040	530793	+	yagV/ecpE	1-754/756	===============	0/0	99.74	96.82	vfdb	NP_286006	(yagV/ecpE) E. coli common pilus chaperone EcpE [ECP (VF0404)] [Escherichia coli O157:H7 str. EDL933]	
AI-5395_24_24_assembly.fasta	AI-5395_24_24_9	810676	812097	+	espX1	1-1422/1422	===============	0/0	100.00	94.66	vfdb	NP_285716	(espX1) Type III secretion system effector EspX1 [LEE encoded T3SS (SS020)] [Escherichia coli O157:H7 str. EDL933]	
AI-5395_25_25_assembly.fasta	AI-5395_25_25_1	53907	54509	+	fimB	1-603/603	===============	0/0	100.00	98.01	vfdb	NP_757239	(fimB) Type 1 fimbriae Regulatory protein fimB [Type 1 fimbriae (VF0221)] [Escherichia coli CFT073]	
AI-5395_25_25_assembly.fasta	AI-5395_25_25_1	54986	55580	+	fimE	1-595/597	===============	0/0	99.66	99.33	vfdb	NP_757240	(fimE) Type 1 fimbriae Regulatory protein fimE [Type 1 fimbriae (VF0221)] [Escherichia coli CFT073]	
AI-5395_25_25_assembly.fasta	AI-5395_25_25_1	56007	56618	+	fimA	1-606/606	========/======	1/6	100.00	88.40	vfdb	NP_757241	(fimA) Type-1 fimbrial protein A chain precursor [Type 1 fimbriae (VF0221)] [Escherichia coli CFT073]	
AI-5395_25_25_assembly.fasta	AI-5395_25_25_1	56683	57222	+	fimI	1-540/540	===============	0/0	100.00	98.89	vfdb	NP_757242	(fimI) Fimbrin-like protein fimI precursor [Type 1 fimbriae (VF0221)] [Escherichia coli CFT073]	
AI-5395_25_25_assembly.fasta	AI-5395_25_25_1	57259	57984	+	fimC	1-726/726	===============	0/0	100.00	98.62	vfdb	NP_757243	(fimC) Chaperone protein fimC precursor [Type 1 fimbriae (VF0221)] [Escherichia coli CFT073]	
AI-5395_25_25_assembly.fasta	AI-5395_25_25_1	58051	60687	+	fimD	1-2637/2637	===============	0/0	100.00	98.52	vfdb	NP_757244	(fimD) Outer membrane usher protein fimD precursor [Type 1 fimbriae (VF0221)] [Escherichia coli CFT073]	
AI-5395_25_25_assembly.fasta	AI-5395_25_25_1	60694	61227	+	fimF	1-534/534	===============	0/0	100.00	97.75	vfdb	NP_757245	(fimF) FimF protein precursor [Type 1 fimbriae (VF0221)] [Escherichia coli CFT073]	
AI-5395_25_25_assembly.fasta	AI-5395_25_25_1	61240	61743	+	fimG	1-504/504	===============	0/0	100.00	98.02	vfdb	NP_757247	(fimG) FimG protein precursor [Type 1 fimbriae (VF0221)] [Escherichia coli CFT073]	
AI-5395_25_25_assembly.fasta	AI-5395_25_25_1	61754	62665	+	fimH	1-912/912	===============	0/0	100.00	97.26	vfdb	NP_757248	(fimH) FimH protein precursor [Type 1 fimbriae (VF0221)] [Escherichia coli CFT073]	
AI-5395_25_25_assembly.fasta	AI-5395_25_25_1	163276	164697	-	espX1	1-1422/1422	===============	0/0	100.00	94.23	vfdb	NP_285716	(espX1) Type III secretion system effector EspX1 [LEE encoded T3SS (SS020)] [Escherichia coli O157:H7 str. EDL933]	
AI-5395_25_25_assembly.fasta	AI-5395_25_25_1	203402	204121	+	espY1	1-753/753	========/======	2/33	95.62	88.58	vfdb	NP_285753	(espY1) Type III secretion system effector EspY1 [LEE encoded T3SS (SS020)] [Escherichia coli O157:H7 str. EDL933]	
AI-5395_25_25_assembly.fasta	AI-5395_25_25_1	220532	221101	+	espY2	1-570/570	===============	0/0	100.00	94.03	vfdb	NP_285765	(espY2) Type III secretion system effector EspY2 [LEE encoded T3SS (SS020)] [Escherichia coli O157:H7 str. EDL933]	
AI-5395_25_25_assembly.fasta	AI-5395_25_25_1	462264	463017	-	yagV/ecpE	1-754/756	===============	0/0	99.74	96.82	vfdb	NP_286006	(yagV/ecpE) E. coli common pilus chaperone EcpE [ECP (VF0404)] [Escherichia coli O157:H7 str. EDL933]	
AI-5395_25_25_assembly.fasta	AI-5395_25_25_1	462941	464584	-	yagW/ecpD	1-1644/1644	===============	0/0	100.00	98.24	vfdb	NP_286007	(yagW/ecpD) polymerized tip adhesin of ECP fibers [ECP (VF0404)] [Escherichia coli O157:H7 str. EDL933]	
AI-5395_25_25_assembly.fasta	AI-5395_25_25_1	464574	467099	-	yagX/ecpC	1-2526/2526	===============	0/0	100.00	98.85	vfdb	NP_286008	(yagX/ecpC) E. coli common pilus usher EcpC [ECP (VF0404)] [Escherichia coli O157:H7 str. EDL933]	
AI-5395_25_25_assembly.fasta	AI-5395_25_25_1	467125	467793	-	yagY/ecpB	1-669/669	===============	0/0	100.00	97.61	vfdb	NP_286009	(yagY/ecpB) E. coli common pilus chaperone EcpB [ECP (VF0404)] [Escherichia coli O157:H7 str. EDL933]	
AI-5395_25_25_assembly.fasta	AI-5395_25_25_1	467851	468438	-	yagZ/ecpA	1-588/588	===============	0/0	100.00	99.32	vfdb	NP_286010	(yagZ/ecpA) E. coli common pilus structural subunit EcpA [ECP (VF0404)] [Escherichia coli O157:H7 str. EDL933]	
AI-5395_25_25_assembly.fasta	AI-5395_25_25_1	468512	469102	-	ykgK/ecpR	1-591/591	===============	0/0	100.00	98.82	vfdb	NP_286011	(ykgK/ecpR) regulator protein EcpR [ECP (VF0404)] [Escherichia coli O157:H7 str. EDL933]	
AI-5395_25_25_assembly.fasta	AI-5395_25_25_1	478426	482667	+	fdeC	1-4245/4251	========/======	3/5	99.76	91.26	vfdb	YP_002390132	(fdeC) adhesin FdeC [FdeC (VF0506)] [Escherichia coli O45:K1:H7 str. S88]	
AI-5395_25_25_assembly.fasta	AI-5395_25_25_1	606901	608472	-	espY3	1-1572/1572	===============	0/0	100.00	95.42	vfdb	NP_286160	(espY3) Type III secretion system effector EspY3 [LEE encoded T3SS (SS020)] [Escherichia coli O157:H7 str. EDL933]	
AI-5395_25_25_assembly.fasta	AI-5395_25_25_1	835964	836734	-	entD	1-771/771	===============	0/0	100.00	93.77	vfdb	NP_752599	(entD) phosphopantetheinyl transferase component of enterobactin synthase multienzyme complex [Enterobactin (VF0228)] [Escherichia coli CFT073]	
AI-5395_25_25_assembly.fasta	AI-5395_25_25_1	836759	838999	-	fepA	1-2241/2241	===============	0/0	100.00	97.19	vfdb	NP_752600	(fepA) ferrienterobactin outer membrane transporter [Enterobactin (VF0228)] [Escherichia coli CFT073]	
AI-5395_25_25_assembly.fasta	AI-5395_25_25_1	839242	840444	+	fes	1-1203/1203	===============	0/0	100.00	97.42	vfdb	NP_752602	(fes) enterobactin/ferric enterobactin esterase [enterobactin (IA019)] [Escherichia coli CFT073]	
AI-5395_25_25_assembly.fasta	AI-5395_25_25_1	840662	844515	+	entF	1-3854/3882	===============	0/0	99.28	95.87	vfdb	NP_752604	(entF) enterobactin synthase multienzyme complex component ATP-dependent [Enterobactin (VF0228)] [Escherichia coli CFT073]	
AI-5395_25_25_assembly.fasta	AI-5395_25_25_1	845888	846703	-	fepC	1-816/816	===============	0/0	100.00	97.30	vfdb	NP_752606	(fepC) ferrienterobactin ABC transporter ATPase [Enterobactin (VF0228)] [Escherichia coli CFT073]	
AI-5395_25_25_assembly.fasta	AI-5395_25_25_1	846700	847692	-	fepG	1-993/993	===============	0/0	100.00	95.06	vfdb	NP_752607	(fepG) iron-enterobactin ABC transporter permease [Enterobactin (VF0228)] [Escherichia coli CFT073]	
AI-5395_25_25_assembly.fasta	AI-5395_25_25_1	847689	848705	-	fepD	1-1017/1017	===============	0/0	100.00	95.67	vfdb	NP_752608	(fepD) ferrienterobactin ABC transporter permease [Enterobactin (VF0228)] [Escherichia coli CFT073]	
AI-5395_25_25_assembly.fasta	AI-5395_25_25_1	848804	850054	+	entS	1-1251/1251	===============	0/0	100.00	95.68	vfdb	NP_752609	(entS) enterobactin exporter iron-regulated [enterobactin (IA019)] [Escherichia coli CFT073]	
AI-5395_25_25_assembly.fasta	AI-5395_25_25_1	850058	851014	-	fepB	1-957/957	===============	0/0	100.00	96.97	vfdb	NP_752610	(fepB) ferrienterobactin ABC transporter periplasmic binding protein [Enterobactin (VF0228)] [Escherichia coli CFT073]	
AI-5395_25_25_assembly.fasta	AI-5395_25_25_1	851191	852378	+	entC	1-1188/1188	===============	0/0	100.00	98.15	vfdb	NP_752611	(entC) isochorismate synthase 1 [Enterobactin (VF0228)] [Escherichia coli CFT073]	
AI-5395_25_25_assembly.fasta	AI-5395_25_25_1	852388	853998	+	entE	1-1611/1611	===============	0/0	100.00	97.64	vfdb	NP_752612	(entE) 23-dihydroxybenzoate-AMP ligase component of enterobactin synthase multienzyme complex [Enterobactin (VF0228)] [Escherichia coli CFT073]	
AI-5395_25_25_assembly.fasta	AI-5395_25_25_1	854012	854869	+	entB	1-858/858	===============	0/0	100.00	97.20	vfdb	NP_752613	(entB) isochorismatase [Enterobactin (VF0228)] [Escherichia coli CFT073]	
AI-5395_25_25_assembly.fasta	AI-5395_25_25_1	854869	855615	+	entA	1-747/747	===============	0/0	100.00	95.85	vfdb	NP_752614	(entA) 23-dihydro-23-dihydroxybenzoate dehydrogenase [Enterobactin (VF0228)] [Escherichia coli CFT073]	
AI-5395_25_25_assembly.fasta	AI-5395_25_25_1	1046936	1048947	+	espX2	1-2013/2013	========/======	1/1	99.95	96.62	vfdb	NP_286562	(espX2) Type III secretion system effector EspX2 [LEE encoded T3SS (SS020)] [Escherichia coli O157:H7 str. EDL933]	
AI-5395_25_25_assembly.fasta	AI-5395_25_25_1	1237634	1238686	-	ompA	1-1041/1041	========/======	1/12	100.00	95.16	vfdb	AAF37887	(ompA) outer membrane protein A [OmpA (VF0236)] [Escherichia coli O18:K1:H7 str. RS218]	
AI-5395_25_25_assembly.fasta	AI-5395_25_25_1	1303770	1304603	-	csgG	1-834/834	===============	0/0	100.00	83.33	vfdb	NP_460110	(csgG) curli production assembly/transport protein CsgG [Agf (VF0103)] [Salmonella enterica subsp. enterica serovar Typhimurium str. LT2]	
AI-5395_25_25_assembly.fasta	AI-5395_25_25_1	1304630	1305046	-	csgF	1-417/417	========/======	3/8	99.04	81.00	vfdb	NP_460111	(csgF) curli production assembly/transport protein CsgF [Agf (VF0103)] [Salmonella enterica subsp. enterica serovar Typhimurium str. LT2]	
AI-5395_25_25_assembly.fasta	AI-5395_25_25_1	1305465	1306115	-	csgD	1-651/651	===============	0/0	100.00	81.26	vfdb	NP_460113	(csgD) DNA-binding transcriptional regulator CsgD [curli fibers/thin aggregative fimbriae (AGF) (AI094)] [Salmonella enterica subsp. enterica serovar Typhimurium str. LT2]	
AI-5395_25_25_assembly.fasta	AI-5395_25_25_1	1306870	1307325	+	csgB	1-456/456	========/======	2/2	99.78	83.81	vfdb	NP_460114	(csgB) minor curlin subunit precursor curli nucleator protein CsgB [Agf (VF0103)] [Salmonella enterica subsp. enterica serovar Typhimurium str. LT2]	
AI-5395_25_25_assembly.fasta	AI-5395_25_25_1	1710048	1711298	-	espR1	1-1251/1260	===============	0/0	99.29	94.25	vfdb	NP_287686	(espR1) Type III secretion system effector espR1 [LEE encoded T3SS (SS020)] [Escherichia coli O157:H7 str. EDL933]	
AI-5395_25_25_assembly.fasta	AI-5395_25_25_1	1967288	1969187	+	espL1	1-1899/1899	========/======	1/1	100.00	96.32	vfdb	NP_288154	(espL1) Type III secretion system effector espL1 [LEE encoded T3SS (SS020)] [Escherichia coli O157:H7 str. EDL933]	
AI-5395_25_25_assembly.fasta	AI-5395_25_25_1	3442111	3443787	+	kpsD	1-1677/1677	===============	0/0	100.00	98.27	vfdb	AAA21682	(kpsD) KpsD [K1 capsule (VF0239)] [Escherichia coli O18:K1:H7 str. RS218]	
AI-5395_25_25_assembly.fasta	AI-5395_25_25_1	3459206	3459627	-	gspM	1-422/423	===============	0/0	99.76	97.39	vfdb	YP_404609	(gspM) general secretion pathway protein M [T2SS (VF0333)] [Shigella dysenteriae Sd197]	
AI-5395_25_25_assembly.fasta	AI-5395_25_25_1	3459743	3460603	-	gspL	1-861/861	===============	0/0	100.00	95.01	vfdb	YP_404608	(gspL) general secretion pathway protein L [T2SS (VF0333)] [Shigella dysenteriae Sd197]	
AI-5395_25_25_assembly.fasta	AI-5395_25_25_1	3460918	3461895	-	gspK	1-978/978	===============	0/0	100.00	96.52	vfdb	YP_404607	(gspK) general secretion pathway protein K [T2SS (VF0333)] [Shigella dysenteriae Sd197]	
AI-5395_25_25_assembly.fasta	AI-5395_25_25_1	3461892	3462461	-	gspJ	1-570/570	===============	0/0	100.00	94.56	vfdb	YP_404606	(gspJ) general secretion pathway protein J [T2SS (VF0333)] [Shigella dysenteriae Sd197]	
AI-5395_25_25_assembly.fasta	AI-5395_25_25_1	3462494	3462865	-	gspI	1-372/372	===============	0/0	100.00	92.20	vfdb	YP_404605	(gspI) general secretion pathway protein I [T2SS (VF0333)] [Shigella dysenteriae Sd197]	
AI-5395_25_25_assembly.fasta	AI-5395_25_25_1	3462862	3463392	-	gspH	1-531/531	===============	0/0	100.00	94.73	vfdb	YP_404604	(gspH) general secretion pathway protein H [T2SS (VF0333)] [Shigella dysenteriae Sd197]	
AI-5395_25_25_assembly.fasta	AI-5395_25_25_1	3463429	3463884	-	gspG	1-456/456	===============	0/0	100.00	96.27	vfdb	YP_404603	(gspG) general secretion pathway protein G [T2SS (VF0333)] [Shigella dysenteriae Sd197]	
AI-5395_25_25_assembly.fasta	AI-5395_25_25_1	3463925	3465124	-	gspF	1-1200/1200	===============	0/0	100.00	94.50	vfdb	YP_404602	(gspF) general secretion pathway protein F [T2SS (VF0333)] [Shigella dysenteriae Sd197]	
AI-5395_25_25_assembly.fasta	AI-5395_25_25_1	3465124	3466617	-	gspE	1-1494/1494	===============	0/0	100.00	94.58	vfdb	YP_404601	(gspE) general secretion pathway protein E [T2SS (VF0333)] [Shigella dysenteriae Sd197]	
AI-5395_25_25_assembly.fasta	AI-5395_25_25_1	3466617	3468467	-	gspD	1-1836/1836	========/======	1/15	100.00	96.06	vfdb	YP_404600	(gspD) general secretion pathway protein D [T2SS (VF0333)] [Shigella dysenteriae Sd197]	
AI-5395_25_25_assembly.fasta	AI-5395_25_25_1	3468707	3469537	-	gspC	1-831/831	===============	0/0	100.00	94.70	vfdb	YP_404599	(gspC) general secretion pathway protein C [T2SS (VF0333)] [Shigella dysenteriae Sd197]	
AI-5395_25_25_assembly.fasta	AI-5395_25_25_1	4013739	4014767	-	shuS	1-1029/1029	===============	0/0	100.00	96.79	vfdb	YP_405020	(shuS) heme/hemoglobin transport protein ShuS [Shu (VF0256)] [Shigella dysenteriae Sd197]	
AI-5395_25_25_assembly.fasta	AI-5395_25_25_1	4014816	4016798	-	shuA	1-1983/1983	===============	0/0	100.00	98.89	vfdb	YP_405019	(shuA) outer membrane heme/hemoglobin receptor ShuA [Shu (VF0256)] [Shigella dysenteriae Sd197]	
AI-5395_25_25_assembly.fasta	AI-5395_25_25_1	4017404	4018396	+	shuT	1-993/993	===============	0/0	100.00	97.78	vfdb	YP_405017	(shuT) periplasmic binding protein ShuT [Shu (VF0256)] [Shigella dysenteriae Sd197]	
AI-5395_25_25_assembly.fasta	AI-5395_25_25_1	4018416	4019753	+	chuW	1-1338/1338	===============	0/0	100.00	96.79	vfdb	NP_756176	(chuW) Putative oxygen independent coproporphyrinogen III oxidase [Chu (VF0227)] [Escherichia coli CFT073]	
AI-5395_25_25_assembly.fasta	AI-5395_25_25_1	4019766	4020260	+	shuX	1-495/495	===============	0/0	100.00	96.57	vfdb	YP_405016	(shuX) shu locus protein ShuX [Shu (VF0256)] [Shigella dysenteriae Sd197]	
AI-5395_25_25_assembly.fasta	AI-5395_25_25_1	4020260	4020883	+	chuY	1-624/624	===============	0/0	100.00	96.95	vfdb	NP_756178	(chuY) ChuY [Chu (VF0227)] [Escherichia coli CFT073]	
AI-5395_25_25_assembly.fasta	AI-5395_25_25_1	4020932	4021924	+	chuU	1-993/993	===============	0/0	100.00	98.59	vfdb	NP_756179	(chuU) heme permease protein ChuU [Chu (VF0227)] [Escherichia coli CFT073]	
AI-5395_25_25_assembly.fasta	AI-5395_25_25_1	4021891	4022691	+	chuV	1-801/801	===============	0/0	100.00	98.38	vfdb	NP_756180	(chuV) ATP-binding hydrophilic protein ChuV [Chu (VF0227)] [Escherichia coli CFT073]	
AI-5395_25_25_assembly.fasta	AI-5395_25_25_1	4323637	4326046	-	espY4	1-2409/2409	========/======	1/1	100.00	92.66	vfdb	NP_290352	(espY4) Type III secretion system effector EspY4 [LEE encoded T3SS (SS020)] [Escherichia coli O157:H7 str. EDL933]	
AI-5395_25_25_assembly.fasta	AI-5395_25_25_1	4407645	4409073	-	aslA	1-1428/1428	========/======	1/1	100.00	97.27	vfdb	AAG10151	(aslA) putative arylsulfatase [AslA (VF0238)] [Escherichia coli O18:K1:H7 str. RS218]	
AI-5395_25_25_assembly.fasta	AI-5395_25_25_1	4651376	4653562	-	espL4	1-2187/2187	===============	0/0	100.00	97.07	vfdb	NP_290644	(espL4) Type III secretion system effector EspL4 [LEE encoded T3SS (SS020)] [Escherichia coli O157:H7 str. EDL933]	
AI-5395_25_25_assembly.fasta	AI-5395_25_25_1	4685790	4687370	+	espX4	1-1581/1581	===============	0/0	100.00	94.31	vfdb	NP_290672	(espX4) Type III secretion system effector EspX4 [LEE encoded T3SS (SS020)] [Escherichia coli O157:H7 str. EDL933]	
AI-5395_25_25_assembly.fasta	AI-5395_25_25_1	4716880	4718172	-	espX5	1-1293/1293	===============	0/0	100.00	95.59	vfdb	NP_290699	(espX5) Type III secretion system effector EspX5 [LEE encoded T3SS (SS020)] [Escherichia coli O157:H7 str. EDL933]	
AI-5395_25_25_assembly.fasta	AI-5395_25_25_3	137437	139614	+	iroN	1-2178/2178	===============	0/0	100.00	99.08	vfdb	NP_753164	(iroN) salmochelin receptor IroN [IroN (VF0230)] [Escherichia coli CFT073]	
AI-5395_25_25_assembly.fasta	AI-5395_25_25_3	139659	140615	-	iroE	1-957/957	===============	0/0	100.00	99.58	vfdb	NP_753165	(iroE) esterase [Salmochelin (IA013)] [Escherichia coli CFT073]	
AI-5395_25_25_assembly.fasta	AI-5395_25_25_3	140700	141929	-	iroD	1-1230/1230	===============	0/0	100.00	98.94	vfdb	NP_753166	(iroD) esterase [Salmochelin (IA013)] [Escherichia coli CFT073]	
AI-5395_25_25_assembly.fasta	AI-5395_25_25_3	142033	145770	-	iroC	1-3738/3738	===============	0/0	100.00	99.20	vfdb	NP_753167	(iroC) ATP binding cassette transporter [Salmochelin (IA013)] [Escherichia coli CFT073]	
AI-5395_25_25_assembly.fasta	AI-5395_25_25_3	145833	146995	-	iroB	1-1163/1164	===============	0/0	99.91	98.37	vfdb	NP_753168	(iroB) glucosyltransferase IroB [Salmochelin (IA013)] [Escherichia coli CFT073]	
AI-5395_25_25_assembly.fasta	AI-5395_25_25_3	183377	185164	+	iucA	1-1788/1788	===============	0/0	100.00	94.24	vfdb	NP_755502	(iucA) aerobactin siderophore biosynthesis protein IucD [Aerobactin (VF0229)] [Escherichia coli CFT073]	
AI-5395_25_25_assembly.fasta	AI-5395_25_25_3	185165	186112	+	iucB	1-948/948	===============	0/0	100.00	95.67	vfdb	NP_755501	(iucB) aerobactin siderophore biosynthesis protein IucB [Aerobactin (VF0229)] [Escherichia coli CFT073]	
AI-5395_25_25_assembly.fasta	AI-5395_25_25_3	186112	187854	+	iucC	1-1743/1743	===============	0/0	100.00	96.04	vfdb	NP_755500	(iucC) aerobactin siderophore biosynthesis protein IucC [Aerobactin (VF0229)] [Escherichia coli CFT073]	
AI-5395_25_25_assembly.fasta	AI-5395_25_25_3	187851	189172	+	iucD	1-1323/1338	========/======	1/1	98.80	96.30	vfdb	NP_755499	(iucD) L-lysine 6-monooxygenase IucD [Aerobactin (VF0229)] [Escherichia coli CFT073]	
AI-5395_25_25_assembly.fasta	AI-5395_25_25_3	189110	191411	+	iutA	1-2280/2280	========/======	3/24	99.96	88.36	vfdb	NP_755498	(iutA) ferric aerobactin receptor precusor IutA [Aerobactin (VF0229)] [Escherichia coli CFT073]	
AI-5395_26_26_assembly.fasta	AI-5395_26_26_1	307022	308602	-	espX4	1-1581/1581	===============	0/0	100.00	94.31	vfdb	NP_290672	(espX4) Type III secretion system effector EspX4 [LEE encoded T3SS (SS020)] [Escherichia coli O157:H7 str. EDL933]	
AI-5395_26_26_assembly.fasta	AI-5395_26_26_1	640551	641979	+	aslA	1-1428/1428	========/======	1/1	100.00	96.92	vfdb	AAG10151	(aslA) putative arylsulfatase [AslA (VF0238)] [Escherichia coli O18:K1:H7 str. RS218]	
AI-5395_26_26_assembly.fasta	AI-5395_26_26_1	729518	731926	+	espY4	1-2409/2409	========/======	4/10	99.79	89.23	vfdb	NP_290352	(espY4) Type III secretion system effector EspY4 [LEE encoded T3SS (SS020)] [Escherichia coli O157:H7 str. EDL933]	
AI-5395_26_26_assembly.fasta	AI-5395_26_26_1	1059032	1059832	-	chuV	1-801/801	===============	0/0	100.00	99.25	vfdb	NP_756180	(chuV) ATP-binding hydrophilic protein ChuV [Chu (VF0227)] [Escherichia coli CFT073]	
AI-5395_26_26_assembly.fasta	AI-5395_26_26_1	1059799	1060791	-	chuU	1-993/993	===============	0/0	100.00	99.70	vfdb	NP_756179	(chuU) heme permease protein ChuU [Chu (VF0227)] [Escherichia coli CFT073]	
AI-5395_26_26_assembly.fasta	AI-5395_26_26_1	1060840	1061463	-	chuY	1-624/624	===============	0/0	100.00	97.92	vfdb	NP_756178	(chuY) ChuY [Chu (VF0227)] [Escherichia coli CFT073]	
AI-5395_26_26_assembly.fasta	AI-5395_26_26_1	1061463	1061957	-	chuX	1-495/495	===============	0/0	100.00	97.37	vfdb	NP_756177	(chuX) putative heme-binding protein ChuX [Chu (VF0227)] [Escherichia coli CFT073]	
AI-5395_26_26_assembly.fasta	AI-5395_26_26_1	1061970	1063307	-	chuW	1-1338/1338	===============	0/0	100.00	98.66	vfdb	NP_756176	(chuW) Putative oxygen independent coproporphyrinogen III oxidase [Chu (VF0227)] [Escherichia coli CFT073]	
AI-5395_26_26_assembly.fasta	AI-5395_26_26_1	1063327	1064319	-	chuT	1-993/993	===============	0/0	100.00	98.49	vfdb	NP_756175	(chuT) periplasmic heme-binding protein ChuT [Chu (VF0227)] [Escherichia coli CFT073]	
AI-5395_26_26_assembly.fasta	AI-5395_26_26_1	1064925	1066907	+	shuA	1-1983/1983	===============	0/0	100.00	98.08	vfdb	YP_405019	(shuA) outer membrane heme/hemoglobin receptor ShuA [Shu (VF0256)] [Shigella dysenteriae Sd197]	
AI-5395_26_26_assembly.fasta	AI-5395_26_26_1	1066956	1067984	+	chuS	1-1029/1029	===============	0/0	100.00	97.96	vfdb	NP_756169	(chuS) heme oxygenase ChuS [Chu (VF0227)] [Escherichia coli CFT073]	
AI-5395_26_26_assembly.fasta	AI-5395_26_26_1	1598361	1599191	+	gspC	1-831/831	===============	0/0	100.00	95.31	vfdb	YP_404599	(gspC) general secretion pathway protein C [T2SS (VF0333)] [Shigella dysenteriae Sd197]	
AI-5395_26_26_assembly.fasta	AI-5395_26_26_1	1599431	1601281	+	gspD	1-1836/1836	========/======	1/15	100.00	95.14	vfdb	YP_404600	(gspD) general secretion pathway protein D [T2SS (VF0333)] [Shigella dysenteriae Sd197]	
AI-5395_26_26_assembly.fasta	AI-5395_26_26_1	1601281	1602774	+	gspE	1-1494/1494	===============	0/0	100.00	93.98	vfdb	YP_404601	(gspE) general secretion pathway protein E [T2SS (VF0333)] [Shigella dysenteriae Sd197]	
AI-5395_26_26_assembly.fasta	AI-5395_26_26_1	1602774	1603973	+	gspF	1-1200/1200	===============	0/0	100.00	94.42	vfdb	YP_404602	(gspF) general secretion pathway protein F [T2SS (VF0333)] [Shigella dysenteriae Sd197]	
AI-5395_26_26_assembly.fasta	AI-5395_26_26_1	1604014	1604469	+	gspG	1-456/456	===============	0/0	100.00	94.52	vfdb	YP_404603	(gspG) general secretion pathway protein G [T2SS (VF0333)] [Shigella dysenteriae Sd197]	
AI-5395_26_26_assembly.fasta	AI-5395_26_26_1	1604506	1605036	+	gspH	1-531/531	===============	0/0	100.00	95.86	vfdb	YP_404604	(gspH) general secretion pathway protein H [T2SS (VF0333)] [Shigella dysenteriae Sd197]	
AI-5395_26_26_assembly.fasta	AI-5395_26_26_1	1605033	1605404	+	gspI	1-372/372	===============	0/0	100.00	94.36	vfdb	YP_404605	(gspI) general secretion pathway protein I [T2SS (VF0333)] [Shigella dysenteriae Sd197]	
AI-5395_26_26_assembly.fasta	AI-5395_26_26_1	1605437	1606006	+	gspJ	1-570/570	===============	0/0	100.00	96.67	vfdb	YP_404606	(gspJ) general secretion pathway protein J [T2SS (VF0333)] [Shigella dysenteriae Sd197]	
AI-5395_26_26_assembly.fasta	AI-5395_26_26_1	1606003	1606980	+	gspK	1-978/978	===============	0/0	100.00	97.55	vfdb	YP_404607	(gspK) general secretion pathway protein K [T2SS (VF0333)] [Shigella dysenteriae Sd197]	
AI-5395_26_26_assembly.fasta	AI-5395_26_26_1	1607295	1608155	+	gspL	1-861/861	===============	0/0	100.00	95.59	vfdb	YP_404608	(gspL) general secretion pathway protein L [T2SS (VF0333)] [Shigella dysenteriae Sd197]	
AI-5395_26_26_assembly.fasta	AI-5395_26_26_1	1608271	1608692	+	gspM	1-422/423	===============	0/0	99.76	91.71	vfdb	YP_404609	(gspM) general secretion pathway protein M [T2SS (VF0333)] [Shigella dysenteriae Sd197]	
AI-5395_26_26_assembly.fasta	AI-5395_26_26_1	1609749	1610525	+	kpsM	1-777/777	===============	0/0	100.00	95.11	vfdb	AAA24046	(kpsM) KpsM [K1 capsule (VF0239)] [Escherichia coli O18:K1:H7 str. RS218]	
AI-5395_26_26_assembly.fasta	AI-5395_26_26_1	1619762	1621438	-	kpsD	1-1677/1677	===============	0/0	100.00	99.40	vfdb	AAA21682	(kpsD) KpsD [K1 capsule (VF0239)] [Escherichia coli O18:K1:H7 str. RS218]	
AI-5395_26_26_assembly.fasta	AI-5395_26_26_1	1686969	1687205	-	sfaC	50-285/285	..======/======	1/1	82.81	94.09	vfdb	YP_540122	(sfaC) S fimbrial switch regulatory protein SfaC [S fimbriae (VF0222)] [Escherichia coli UTI89]	
AI-5395_26_26_assembly.fasta	AI-5395_26_26_1	1687607	1687921	+	papB	1-315/315	===============	0/0	100.00	99.36	vfdb		(papB) regulatory protein PapB [P fimbriae (VF0220)] [Escherichia coli CFT073]	
AI-5395_26_26_assembly.fasta	AI-5395_26_26_1	1688789	1689327	+	papH	50-588/588	.==============	0/0	91.67	96.66	vfdb	NP_755466	(papH) P pilus termination subunit PapH [P fimbriae (VF0220)] [Escherichia coli CFT073]	
AI-5395_26_26_assembly.fasta	AI-5395_26_26_1	1689374	1691896	+	papC	1-2523/2523	===============	0/0	100.00	99.29	vfdb	NP_755465	(papC) usher protein PapC [P fimbriae (VF0220)] [Escherichia coli CFT073]	
AI-5395_26_26_assembly.fasta	AI-5395_26_26_1	1692096	1692701	+	papD	1-606/606	===============	0/0	100.00	99.50	vfdb	NP_755464	(papD) chaperone protein PapD [P fimbriae (VF0220)] [Escherichia coli CFT073]	
AI-5395_26_26_assembly.fasta	AI-5395_26_26_1	1692738	1693319	+	papJ	1-582/582	===============	0/0	100.00	98.11	vfdb	NP_755463	(papJ) P pilus assembly protein PapJ [P fimbriae (VF0220)] [Escherichia coli CFT073]	
AI-5395_26_26_assembly.fasta	AI-5395_26_26_1	1693326	1693865	+	papK	1-540/540	===============	0/0	100.00	98.33	vfdb	NP_755461	(papK) P pilus minor subunit PapK [P fimbriae (VF0220)] [Escherichia coli CFT073]	
AI-5395_26_26_assembly.fasta	AI-5395_26_26_1	1693874	1694413	+	papE	1-540/540	===============	0/0	100.00	94.07	vfdb	NP_755460	(papE) P pilus minor subunit PapE [P fimbriae (VF0220)] [Escherichia coli CFT073]	
AI-5395_26_26_assembly.fasta	AI-5395_26_26_1	1694458	1694992	+	papF	1-531/531	========/======	2/4	100.00	94.77	vfdb	NP_755459	(papF) P pilus minor subunit PapF  [P fimbriae (VF0220)] [Escherichia coli CFT073]	
AI-5395_26_26_assembly.fasta	AI-5395_26_26_1	1696306	1696857	+	papX	1-552/552	===============	0/0	100.00	100.00	vfdb	NP_755457	(papX) PapX protein regulates flagellum synthesis to repress motility [P fimbriae (CVF425)] [Escherichia coli CFT073]	
AI-5395_26_26_assembly.fasta	AI-5395_26_26_1	2049092	2049208	+	astA	1-117/117	===============	0/0	100.00	99.14	vfdb	BAA94855	(astA) heat-stable enterotoxin 1 [EAST1 (VF0216)] [Escherichia coli O44:H18 042]	
AI-5395_26_26_assembly.fasta	AI-5395_26_26_1	2767226	2768278	-	ompA	1-1041/1041	========/======	1/12	100.00	95.35	vfdb	AAF37887	(ompA) outer membrane protein A [OmpA (VF0236)] [Escherichia coli O18:K1:H7 str. RS218]	
AI-5395_26_26_assembly.fasta	AI-5395_26_26_1	2836750	2837583	-	csgG	1-834/834	===============	0/0	100.00	82.85	vfdb	NP_460110	(csgG) curli production assembly/transport protein CsgG [Agf (VF0103)] [Salmonella enterica subsp. enterica serovar Typhimurium str. LT2]	
AI-5395_26_26_assembly.fasta	AI-5395_26_26_1	2837610	2838026	-	csgF	1-417/417	========/======	3/8	99.04	81.00	vfdb	NP_460111	(csgF) curli production assembly/transport protein CsgF [Agf (VF0103)] [Salmonella enterica subsp. enterica serovar Typhimurium str. LT2]	
AI-5395_26_26_assembly.fasta	AI-5395_26_26_1	2838445	2839095	-	csgD	1-651/651	===============	0/0	100.00	81.11	vfdb	NP_460113	(csgD) DNA-binding transcriptional regulator CsgD [curli fibers/thin aggregative fimbriae (AGF) (AI094)] [Salmonella enterica subsp. enterica serovar Typhimurium str. LT2]	
AI-5395_26_26_assembly.fasta	AI-5395_26_26_1	2839850	2840305	+	csgB	1-456/456	========/======	2/2	99.78	83.81	vfdb	NP_460114	(csgB) minor curlin subunit precursor curli nucleator protein CsgB [Agf (VF0103)] [Salmonella enterica subsp. enterica serovar Typhimurium str. LT2]	
AI-5395_26_26_assembly.fasta	AI-5395_26_26_1	3225208	3226458	-	espR1	1-1251/1260	===============	0/0	99.29	94.88	vfdb	NP_287686	(espR1) Type III secretion system effector espR1 [LEE encoded T3SS (SS020)] [Escherichia coli O157:H7 str. EDL933]	
AI-5395_26_26_assembly.fasta	AI-5395_26_26_1	3478330	3480228	+	espL1	1-1899/1899	===============	0/0	100.00	96.00	vfdb	NP_288154	(espL1) Type III secretion system effector espL1 [LEE encoded T3SS (SS020)] [Escherichia coli O157:H7 str. EDL933]	
AI-5395_26_26_assembly.fasta	AI-5395_26_26_1	4269832	4270578	-	entA	1-747/747	===============	0/0	100.00	93.98	vfdb	NP_752614	(entA) 23-dihydro-23-dihydroxybenzoate dehydrogenase [Enterobactin (VF0228)] [Escherichia coli CFT073]	
AI-5395_26_26_assembly.fasta	AI-5395_26_26_1	4270580	4271435	-	entB	1-856/858	===============	0/0	99.77	96.61	vfdb	NP_752613	(entB) isochorismatase [Enterobactin (VF0228)] [Escherichia coli CFT073]	
AI-5395_26_26_assembly.fasta	AI-5395_26_26_1	4271449	4273059	-	entE	1-1611/1611	===============	0/0	100.00	93.11	vfdb	NP_752612	(entE) 23-dihydroxybenzoate-AMP ligase component of enterobactin synthase multienzyme complex [Enterobactin (VF0228)] [Escherichia coli CFT073]	
AI-5395_26_26_assembly.fasta	AI-5395_26_26_1	4273069	4274256	-	entC	1-1188/1188	===============	0/0	100.00	99.24	vfdb	NP_752611	(entC) isochorismate synthase 1 [Enterobactin (VF0228)] [Escherichia coli CFT073]	
AI-5395_26_26_assembly.fasta	AI-5395_26_26_1	4274433	4275389	+	fepB	1-957/957	===============	0/0	100.00	97.91	vfdb	NP_752610	(fepB) ferrienterobactin ABC transporter periplasmic binding protein [Enterobactin (VF0228)] [Escherichia coli CFT073]	
AI-5395_26_26_assembly.fasta	AI-5395_26_26_1	4275393	4276643	-	entS	1-1251/1251	===============	0/0	100.00	96.00	vfdb	NP_752609	(entS) enterobactin exporter iron-regulated [enterobactin (IA019)] [Escherichia coli CFT073]	
AI-5395_26_26_assembly.fasta	AI-5395_26_26_1	4276742	4277758	+	fepD	1-1017/1017	===============	0/0	100.00	96.46	vfdb	NP_752608	(fepD) ferrienterobactin ABC transporter permease [Enterobactin (VF0228)] [Escherichia coli CFT073]	
AI-5395_26_26_assembly.fasta	AI-5395_26_26_1	4277755	4278747	+	fepG	1-993/993	===============	0/0	100.00	94.46	vfdb	NP_752607	(fepG) iron-enterobactin ABC transporter permease [Enterobactin (VF0228)] [Escherichia coli CFT073]	
AI-5395_26_26_assembly.fasta	AI-5395_26_26_1	4278744	4279559	+	fepC	1-816/816	===============	0/0	100.00	97.67	vfdb	NP_752606	(fepC) ferrienterobactin ABC transporter ATPase [Enterobactin (VF0228)] [Escherichia coli CFT073]	
AI-5395_26_26_assembly.fasta	AI-5395_26_26_1	4280932	4284785	-	entF	1-3854/3882	===============	0/0	99.28	96.83	vfdb	NP_752604	(entF) enterobactin synthase multienzyme complex component ATP-dependent [Enterobactin (VF0228)] [Escherichia coli CFT073]	
AI-5395_26_26_assembly.fasta	AI-5395_26_26_1	4285003	4286205	-	fes	1-1203/1203	===============	0/0	100.00	96.92	vfdb	NP_752602	(fes) enterobactin/ferric enterobactin esterase [enterobactin (IA019)] [Escherichia coli CFT073]	
AI-5395_26_26_assembly.fasta	AI-5395_26_26_1	4286448	4288688	+	fepA	1-2241/2241	===============	0/0	100.00	97.28	vfdb	NP_752600	(fepA) ferrienterobactin outer membrane transporter [Enterobactin (VF0228)] [Escherichia coli CFT073]	
AI-5395_26_26_assembly.fasta	AI-5395_26_26_1	4288725	4289358	+	entD	138-771/771	..=============	0/0	82.23	93.06	vfdb	NP_752599	(entD) phosphopantetheinyl transferase component of enterobactin synthase multienzyme complex [Enterobactin (VF0228)] [Escherichia coli CFT073]	
AI-5395_26_26_assembly.fasta	AI-5395_26_26_1	4606378	4610628	-	fdeC	1-4251/4251	===============	0/0	100.00	96.02	vfdb	YP_002390132	(fdeC) adhesin FdeC [FdeC (VF0506)] [Escherichia coli O45:K1:H7 str. S88]	
AI-5395_26_26_assembly.fasta	AI-5395_26_26_1	4619955	4620545	+	ykgK/ecpR	1-591/591	===============	0/0	100.00	99.66	vfdb	NP_286011	(ykgK/ecpR) regulator protein EcpR [ECP (VF0404)] [Escherichia coli O157:H7 str. EDL933]	
AI-5395_26_26_assembly.fasta	AI-5395_26_26_1	4620620	4621207	+	yagZ/ecpA	1-588/588	===============	0/0	100.00	99.15	vfdb	NP_286010	(yagZ/ecpA) E. coli common pilus structural subunit EcpA [ECP (VF0404)] [Escherichia coli O157:H7 str. EDL933]	
AI-5395_26_26_assembly.fasta	AI-5395_26_26_1	4621265	4621933	+	yagY/ecpB	1-669/669	===============	0/0	100.00	98.80	vfdb	NP_286009	(yagY/ecpB) E. coli common pilus chaperone EcpB [ECP (VF0404)] [Escherichia coli O157:H7 str. EDL933]	
AI-5395_26_26_assembly.fasta	AI-5395_26_26_1	4621959	4624484	+	yagX/ecpC	1-2526/2526	===============	0/0	100.00	98.02	vfdb	NP_286008	(yagX/ecpC) E. coli common pilus usher EcpC [ECP (VF0404)] [Escherichia coli O157:H7 str. EDL933]	
AI-5395_26_26_assembly.fasta	AI-5395_26_26_1	4624474	4626117	+	yagW/ecpD	1-1644/1644	===============	0/0	100.00	98.72	vfdb	NP_286007	(yagW/ecpD) polymerized tip adhesin of ECP fibers [ECP (VF0404)] [Escherichia coli O157:H7 str. EDL933]	
AI-5395_26_26_assembly.fasta	AI-5395_26_26_1	4626041	4626794	+	yagV/ecpE	1-754/756	===============	0/0	99.74	97.48	vfdb	NP_286006	(yagV/ecpE) E. coli common pilus chaperone EcpE [ECP (VF0404)] [Escherichia coli O157:H7 str. EDL933]	
AI-5395_26_26_assembly.fasta	AI-5395_26_26_1	4923333	4923902	-	espY2	1-570/570	===============	0/0	100.00	94.21	vfdb	NP_285765	(espY2) Type III secretion system effector EspY2 [LEE encoded T3SS (SS020)] [Escherichia coli O157:H7 str. EDL933]	
AI-5395_26_26_assembly.fasta	AI-5395_26_26_1	5091560	5092471	-	fimH	1-912/912	===============	0/0	100.00	97.48	vfdb	NP_757248	(fimH) FimH protein precursor [Type 1 fimbriae (VF0221)] [Escherichia coli CFT073]	
AI-5395_26_26_assembly.fasta	AI-5395_26_26_1	5092482	5092985	-	fimG	1-504/504	===============	0/0	100.00	98.81	vfdb	NP_757247	(fimG) FimG protein precursor [Type 1 fimbriae (VF0221)] [Escherichia coli CFT073]	
AI-5395_26_26_assembly.fasta	AI-5395_26_26_1	5092998	5093531	-	fimF	1-534/534	===============	0/0	100.00	98.88	vfdb	NP_757245	(fimF) FimF protein precursor [Type 1 fimbriae (VF0221)] [Escherichia coli CFT073]	
AI-5395_26_26_assembly.fasta	AI-5395_26_26_1	5093538	5096174	-	fimD	1-2637/2637	===============	0/0	100.00	99.05	vfdb	NP_757244	(fimD) Outer membrane usher protein fimD precursor [Type 1 fimbriae (VF0221)] [Escherichia coli CFT073]	
AI-5395_26_26_assembly.fasta	AI-5395_26_26_1	5096240	5096965	-	fimC	1-726/726	===============	0/0	100.00	99.04	vfdb	NP_757243	(fimC) Chaperone protein fimC precursor [Type 1 fimbriae (VF0221)] [Escherichia coli CFT073]	
AI-5395_26_26_assembly.fasta	AI-5395_26_26_1	5097002	5097541	-	fimI	1-540/540	===============	0/0	100.00	99.26	vfdb	NP_757242	(fimI) Fimbrin-like protein fimI precursor [Type 1 fimbriae (VF0221)] [Escherichia coli CFT073]	
AI-5395_26_26_assembly.fasta	AI-5395_26_26_1	5097606	5098209	-	fimA	3-606/606	===============	0/0	99.67	92.22	vfdb	NP_757241	(fimA) Type-1 fimbrial protein A chain precursor [Type 1 fimbriae (VF0221)] [Escherichia coli CFT073]	
AI-5395_26_26_assembly.fasta	AI-5395_26_26_1	5098635	5099231	-	fimE	1-597/597	===============	0/0	100.00	99.00	vfdb	NP_757240	(fimE) Type 1 fimbriae Regulatory protein fimE [Type 1 fimbriae (VF0221)] [Escherichia coli CFT073]	
AI-5395_26_26_assembly.fasta	AI-5395_26_26_1	5099709	5100311	-	fimB	1-603/603	===============	0/0	100.00	98.51	vfdb	NP_757239	(fimB) Type 1 fimbriae Regulatory protein fimB [Type 1 fimbriae (VF0221)] [Escherichia coli CFT073]	
AI-5395_26_26_assembly.fasta	AI-5395_26_26_3	81894	83681	+	iucA	1-1788/1788	===============	0/0	100.00	94.24	vfdb	NP_755502	(iucA) aerobactin siderophore biosynthesis protein IucD [Aerobactin (VF0229)] [Escherichia coli CFT073]	
AI-5395_26_26_assembly.fasta	AI-5395_26_26_3	83682	84629	+	iucB	1-948/948	===============	0/0	100.00	95.57	vfdb	NP_755501	(iucB) aerobactin siderophore biosynthesis protein IucB [Aerobactin (VF0229)] [Escherichia coli CFT073]	
AI-5395_26_26_assembly.fasta	AI-5395_26_26_3	84629	86371	+	iucC	1-1743/1743	===============	0/0	100.00	96.04	vfdb	NP_755500	(iucC) aerobactin siderophore biosynthesis protein IucC [Aerobactin (VF0229)] [Escherichia coli CFT073]	
AI-5395_26_26_assembly.fasta	AI-5395_26_26_3	86368	87689	+	iucD	1-1323/1338	========/======	1/1	98.80	96.30	vfdb	NP_755499	(iucD) L-lysine 6-monooxygenase IucD [Aerobactin (VF0229)] [Escherichia coli CFT073]	
AI-5395_26_26_assembly.fasta	AI-5395_26_26_3	87627	89928	+	iutA	1-2280/2280	========/======	3/24	99.96	88.36	vfdb	NP_755498	(iutA) ferric aerobactin receptor precusor IutA [Aerobactin (VF0229)] [Escherichia coli CFT073]	
AI-5395_27_27_assembly.fasta	AI-5395_27_27_10	181846	183138	+	espX5	1-1293/1293	===============	0/0	100.00	96.29	vfdb	NP_290699	(espX5) Type III secretion system effector EspX5 [LEE encoded T3SS (SS020)] [Escherichia coli O157:H7 str. EDL933]	
AI-5395_27_27_assembly.fasta	AI-5395_27_27_10	212627	214207	-	espX4	1-1581/1581	===============	0/0	100.00	93.55	vfdb	NP_290672	(espX4) Type III secretion system effector EspX4 [LEE encoded T3SS (SS020)] [Escherichia coli O157:H7 str. EDL933]	
AI-5395_27_27_assembly.fasta	AI-5395_27_27_10	249055	251241	+	espL4	1-2187/2187	===============	0/0	100.00	97.12	vfdb	NP_290644	(espL4) Type III secretion system effector EspL4 [LEE encoded T3SS (SS020)] [Escherichia coli O157:H7 str. EDL933]	
AI-5395_27_27_assembly.fasta	AI-5395_27_27_10	490327	491755	+	aslA	1-1428/1428	========/======	1/1	100.00	97.06	vfdb	AAG10151	(aslA) putative arylsulfatase [AslA (VF0238)] [Escherichia coli O18:K1:H7 str. RS218]	
AI-5395_27_27_assembly.fasta	AI-5395_27_27_10	579290	581698	+	espY4	1-2409/2409	===============	0/0	100.00	96.22	vfdb	NP_290352	(espY4) Type III secretion system effector EspY4 [LEE encoded T3SS (SS020)] [Escherichia coli O157:H7 str. EDL933]	
AI-5395_27_27_assembly.fasta	AI-5395_27_27_12	224372	224974	+	fimB	1-603/603	===============	0/0	100.00	97.84	vfdb	NP_757239	(fimB) Type 1 fimbriae Regulatory protein fimB [Type 1 fimbriae (VF0221)] [Escherichia coli CFT073]	
AI-5395_27_27_assembly.fasta	AI-5395_27_27_12	225452	226048	+	fimE	1-597/597	===============	0/0	100.00	99.00	vfdb	NP_757240	(fimE) Type 1 fimbriae Regulatory protein fimE [Type 1 fimbriae (VF0221)] [Escherichia coli CFT073]	
AI-5395_27_27_assembly.fasta	AI-5395_27_27_12	226472	227076	+	fimA	1-606/606	========/======	1/1	99.83	92.90	vfdb	NP_757241	(fimA) Type-1 fimbrial protein A chain precursor [Type 1 fimbriae (VF0221)] [Escherichia coli CFT073]	
AI-5395_27_27_assembly.fasta	AI-5395_27_27_12	227141	227680	+	fimI	1-540/540	===============	0/0	100.00	98.15	vfdb	NP_757242	(fimI) Fimbrin-like protein fimI precursor [Type 1 fimbriae (VF0221)] [Escherichia coli CFT073]	
AI-5395_27_27_assembly.fasta	AI-5395_27_27_12	227717	228442	+	fimC	1-726/726	===============	0/0	100.00	98.62	vfdb	NP_757243	(fimC) Chaperone protein fimC precursor [Type 1 fimbriae (VF0221)] [Escherichia coli CFT073]	
AI-5395_27_27_assembly.fasta	AI-5395_27_27_12	228509	231145	+	fimD	1-2637/2637	===============	0/0	100.00	98.75	vfdb	NP_757244	(fimD) Outer membrane usher protein fimD precursor [Type 1 fimbriae (VF0221)] [Escherichia coli CFT073]	
AI-5395_27_27_assembly.fasta	AI-5395_27_27_12	231152	231685	+	fimF	1-534/534	===============	0/0	100.00	97.57	vfdb	NP_757245	(fimF) FimF protein precursor [Type 1 fimbriae (VF0221)] [Escherichia coli CFT073]	
AI-5395_27_27_assembly.fasta	AI-5395_27_27_12	231698	232201	+	fimG	1-504/504	===============	0/0	100.00	98.21	vfdb	NP_757247	(fimG) FimG protein precursor [Type 1 fimbriae (VF0221)] [Escherichia coli CFT073]	
AI-5395_27_27_assembly.fasta	AI-5395_27_27_12	232212	233123	+	fimH	1-912/912	===============	0/0	100.00	97.37	vfdb	NP_757248	(fimH) FimH protein precursor [Type 1 fimbriae (VF0221)] [Escherichia coli CFT073]	
AI-5395_27_27_assembly.fasta	AI-5395_27_27_12	370919	372340	-	espX1	1-1422/1422	===============	0/0	100.00	92.97	vfdb	NP_285716	(espX1) Type III secretion system effector EspX1 [LEE encoded T3SS (SS020)] [Escherichia coli O157:H7 str. EDL933]	
AI-5395_27_27_assembly.fasta	AI-5395_27_27_12	411043	411794	+	espY1	1-753/753	========/======	1/1	99.87	95.75	vfdb	NP_285753	(espY1) Type III secretion system effector EspY1 [LEE encoded T3SS (SS020)] [Escherichia coli O157:H7 str. EDL933]	
AI-5395_27_27_assembly.fasta	AI-5395_27_27_12	428364	428914	+	espY2	1-551/570	========/======	2/2	96.49	88.04	vfdb	NP_285765	(espY2) Type III secretion system effector EspY2 [LEE encoded T3SS (SS020)] [Escherichia coli O157:H7 str. EDL933]	
AI-5395_27_27_assembly.fasta	AI-5395_27_27_12	655564	656317	-	yagV/ecpE	1-754/756	===============	0/0	99.74	96.95	vfdb	NP_286006	(yagV/ecpE) E. coli common pilus chaperone EcpE [ECP (VF0404)] [Escherichia coli O157:H7 str. EDL933]	
AI-5395_27_27_assembly.fasta	AI-5395_27_27_12	656241	657884	-	yagW/ecpD	1-1644/1644	===============	0/0	100.00	99.03	vfdb	NP_286007	(yagW/ecpD) polymerized tip adhesin of ECP fibers [ECP (VF0404)] [Escherichia coli O157:H7 str. EDL933]	
AI-5395_27_27_assembly.fasta	AI-5395_27_27_12	657874	660399	-	yagX/ecpC	1-2526/2526	===============	0/0	100.00	98.30	vfdb	NP_286008	(yagX/ecpC) E. coli common pilus usher EcpC [ECP (VF0404)] [Escherichia coli O157:H7 str. EDL933]	
AI-5395_27_27_assembly.fasta	AI-5395_27_27_12	660425	661093	-	yagY/ecpB	1-669/669	===============	0/0	100.00	98.36	vfdb	NP_286009	(yagY/ecpB) E. coli common pilus chaperone EcpB [ECP (VF0404)] [Escherichia coli O157:H7 str. EDL933]	
AI-5395_27_27_assembly.fasta	AI-5395_27_27_12	661151	661738	-	yagZ/ecpA	1-588/588	===============	0/0	100.00	98.81	vfdb	NP_286010	(yagZ/ecpA) E. coli common pilus structural subunit EcpA [ECP (VF0404)] [Escherichia coli O157:H7 str. EDL933]	
AI-5395_27_27_assembly.fasta	AI-5395_27_27_12	661813	662403	-	ykgK/ecpR	1-591/591	===============	0/0	100.00	98.98	vfdb	NP_286011	(ykgK/ecpR) regulator protein EcpR [ECP (VF0404)] [Escherichia coli O157:H7 str. EDL933]	
AI-5395_27_27_assembly.fasta	AI-5395_27_27_12	671730	675971	+	fdeC	1-4245/4251	========/======	3/5	99.76	92.72	vfdb	YP_002390132	(fdeC) adhesin FdeC [FdeC (VF0506)] [Escherichia coli O45:K1:H7 str. S88]	
AI-5395_27_27_assembly.fasta	AI-5395_27_27_12	804962	806534	-	espY3	1-1572/1572	========/======	1/1	100.00	95.87	vfdb	NP_286160	(espY3) Type III secretion system effector EspY3 [LEE encoded T3SS (SS020)] [Escherichia coli O157:H7 str. EDL933]	
AI-5395_27_27_assembly.fasta	AI-5395_27_27_12	980537	981307	-	entD	1-771/771	===============	0/0	100.00	94.03	vfdb	NP_752599	(entD) phosphopantetheinyl transferase component of enterobactin synthase multienzyme complex [Enterobactin (VF0228)] [Escherichia coli CFT073]	
AI-5395_27_27_assembly.fasta	AI-5395_27_27_12	981332	983572	-	fepA	1-2241/2241	===============	0/0	100.00	97.32	vfdb	NP_752600	(fepA) ferrienterobactin outer membrane transporter [Enterobactin (VF0228)] [Escherichia coli CFT073]	
AI-5395_27_27_assembly.fasta	AI-5395_27_27_12	983815	985017	+	fes	1-1203/1203	===============	0/0	100.00	96.76	vfdb	NP_752602	(fes) enterobactin/ferric enterobactin esterase [enterobactin (IA019)] [Escherichia coli CFT073]	
AI-5395_27_27_assembly.fasta	AI-5395_27_27_12	985235	989088	+	entF	1-3854/3882	========/======	2/2	99.25	95.69	vfdb	NP_752604	(entF) enterobactin synthase multienzyme complex component ATP-dependent [Enterobactin (VF0228)] [Escherichia coli CFT073]	
AI-5395_27_27_assembly.fasta	AI-5395_27_27_12	990461	991276	-	fepC	1-816/816	===============	0/0	100.00	97.43	vfdb	NP_752606	(fepC) ferrienterobactin ABC transporter ATPase [Enterobactin (VF0228)] [Escherichia coli CFT073]	
AI-5395_27_27_assembly.fasta	AI-5395_27_27_12	991273	992265	-	fepG	1-993/993	===============	0/0	100.00	94.36	vfdb	NP_752607	(fepG) iron-enterobactin ABC transporter permease [Enterobactin (VF0228)] [Escherichia coli CFT073]	
AI-5395_27_27_assembly.fasta	AI-5395_27_27_12	992262	993278	-	fepD	1-1017/1017	===============	0/0	100.00	96.07	vfdb	NP_752608	(fepD) ferrienterobactin ABC transporter permease [Enterobactin (VF0228)] [Escherichia coli CFT073]	
AI-5395_27_27_assembly.fasta	AI-5395_27_27_12	993377	994627	+	entS	1-1251/1251	===============	0/0	100.00	96.24	vfdb	NP_752609	(entS) enterobactin exporter iron-regulated [enterobactin (IA019)] [Escherichia coli CFT073]	
AI-5395_27_27_assembly.fasta	AI-5395_27_27_12	994631	995587	-	fepB	1-957/957	===============	0/0	100.00	97.07	vfdb	NP_752610	(fepB) ferrienterobactin ABC transporter periplasmic binding protein [Enterobactin (VF0228)] [Escherichia coli CFT073]	
AI-5395_27_27_assembly.fasta	AI-5395_27_27_12	995764	996951	+	entC	1-1188/1188	===============	0/0	100.00	96.97	vfdb	NP_752611	(entC) isochorismate synthase 1 [Enterobactin (VF0228)] [Escherichia coli CFT073]	
AI-5395_27_27_assembly.fasta	AI-5395_27_27_12	996961	998571	+	entE	1-1611/1611	===============	0/0	100.00	96.52	vfdb	NP_752612	(entE) 23-dihydroxybenzoate-AMP ligase component of enterobactin synthase multienzyme complex [Enterobactin (VF0228)] [Escherichia coli CFT073]	
AI-5395_27_27_assembly.fasta	AI-5395_27_27_12	998585	999442	+	entB	1-858/858	===============	0/0	100.00	97.79	vfdb	NP_752613	(entB) isochorismatase [Enterobactin (VF0228)] [Escherichia coli CFT073]	
AI-5395_27_27_assembly.fasta	AI-5395_27_27_12	999442	1000188	+	entA	1-747/747	===============	0/0	100.00	95.72	vfdb	NP_752614	(entA) 23-dihydro-23-dihydroxybenzoate dehydrogenase [Enterobactin (VF0228)] [Escherichia coli CFT073]	
AI-5395_27_27_assembly.fasta	AI-5395_27_27_12	1208157	1208519	-	gtrA	1-363/363	===============	0/0	100.00	89.81	vfdb	NP_706257	(gtrA) bactoprenol-linked glucose translocase/flippase [LPS (VF0124)] [Shigella flexneri 2a str. 301]	
AI-5395_27_27_assembly.fasta	AI-5395_27_27_12	1417739	1418779	-	ompA	1-1041/1041	===============	0/0	100.00	98.94	vfdb	AAF37887	(ompA) outer membrane protein A [OmpA (VF0236)] [Escherichia coli O18:K1:H7 str. RS218]	
AI-5395_27_27_assembly.fasta	AI-5395_27_27_12	1482296	1483129	-	csgG	1-834/834	===============	0/0	100.00	83.33	vfdb	NP_460110	(csgG) curli production assembly/transport protein CsgG [Agf (VF0103)] [Salmonella enterica subsp. enterica serovar Typhimurium str. LT2]	
AI-5395_27_27_assembly.fasta	AI-5395_27_27_12	1483156	1483572	-	csgF	1-417/417	========/======	3/8	99.04	81.00	vfdb	NP_460111	(csgF) curli production assembly/transport protein CsgF [Agf (VF0103)] [Salmonella enterica subsp. enterica serovar Typhimurium str. LT2]	
AI-5395_27_27_assembly.fasta	AI-5395_27_27_12	1483991	1484641	-	csgD	1-651/651	===============	0/0	100.00	81.26	vfdb	NP_460113	(csgD) DNA-binding transcriptional regulator CsgD [curli fibers/thin aggregative fimbriae (AGF) (AI094)] [Salmonella enterica subsp. enterica serovar Typhimurium str. LT2]	
AI-5395_27_27_assembly.fasta	AI-5395_27_27_12	1485396	1485851	+	csgB	1-456/456	========/======	2/2	99.78	84.03	vfdb	NP_460114	(csgB) minor curlin subunit precursor curli nucleator protein CsgB [Agf (VF0103)] [Salmonella enterica subsp. enterica serovar Typhimurium str. LT2]	
AI-5395_27_27_assembly.fasta	AI-5395_27_27_12	1862608	1863860	-	espR1	1-1253/1260	===============	0/0	99.44	94.89	vfdb	NP_287686	(espR1) Type III secretion system effector espR1 [LEE encoded T3SS (SS020)] [Escherichia coli O157:H7 str. EDL933]	
AI-5395_27_27_assembly.fasta	AI-5395_27_27_12	2166736	2168634	+	espL1	1-1899/1899	===============	0/0	100.00	96.68	vfdb	NP_288154	(espL1) Type III secretion system effector espL1 [LEE encoded T3SS (SS020)] [Escherichia coli O157:H7 str. EDL933]	
AI-5395_27_27_assembly.fasta	AI-5395_27_27_12	2373943	2375077	-	espR4	1-1140/1140	========/======	5/7	99.47	85.01	vfdb	NP_288396	(espR4) Type III secretion system effector espR4 [LEE encoded T3SS (SS020)] [Escherichia coli O157:H7 str. EDL933]	
AI-5395_27_27_assembly.fasta	AI-5395_27_27_7	230773	231573	-	chuV	1-801/801	===============	0/0	100.00	98.88	vfdb	NP_756180	(chuV) ATP-binding hydrophilic protein ChuV [Chu (VF0227)] [Escherichia coli CFT073]	
AI-5395_27_27_assembly.fasta	AI-5395_27_27_7	231540	232532	-	chuU	1-993/993	===============	0/0	100.00	98.59	vfdb	NP_756179	(chuU) heme permease protein ChuU [Chu (VF0227)] [Escherichia coli CFT073]	
AI-5395_27_27_assembly.fasta	AI-5395_27_27_7	232581	233204	-	chuY	1-624/624	===============	0/0	100.00	96.95	vfdb	NP_756178	(chuY) ChuY [Chu (VF0227)] [Escherichia coli CFT073]	
AI-5395_27_27_assembly.fasta	AI-5395_27_27_7	233204	233698	-	shuX	1-495/495	===============	0/0	100.00	96.36	vfdb	YP_405016	(shuX) shu locus protein ShuX [Shu (VF0256)] [Shigella dysenteriae Sd197]	
AI-5395_27_27_assembly.fasta	AI-5395_27_27_7	233711	235048	-	chuW	1-1338/1338	===============	0/0	100.00	96.71	vfdb	NP_756176	(chuW) Putative oxygen independent coproporphyrinogen III oxidase [Chu (VF0227)] [Escherichia coli CFT073]	
AI-5395_27_27_assembly.fasta	AI-5395_27_27_7	235068	236060	-	shuT	1-993/993	===============	0/0	100.00	98.29	vfdb	YP_405017	(shuT) periplasmic binding protein ShuT [Shu (VF0256)] [Shigella dysenteriae Sd197]	
AI-5395_27_27_assembly.fasta	AI-5395_27_27_7	236666	238648	+	shuA	1-1983/1983	===============	0/0	100.00	98.49	vfdb	YP_405019	(shuA) outer membrane heme/hemoglobin receptor ShuA [Shu (VF0256)] [Shigella dysenteriae Sd197]	
AI-5395_27_27_assembly.fasta	AI-5395_27_27_7	238697	239725	+	shuS	1-1029/1029	===============	0/0	100.00	96.50	vfdb	YP_405020	(shuS) heme/hemoglobin transport protein ShuS [Shu (VF0256)] [Shigella dysenteriae Sd197]	
AI-5395_27_27_assembly.fasta	AI-5395_27_27_7	761530	762360	+	gspC	1-831/831	===============	0/0	100.00	94.58	vfdb	YP_404599	(gspC) general secretion pathway protein C [T2SS (VF0333)] [Shigella dysenteriae Sd197]	
AI-5395_27_27_assembly.fasta	AI-5395_27_27_7	762600	764450	+	gspD	1-1836/1836	========/======	1/15	100.00	95.46	vfdb	YP_404600	(gspD) general secretion pathway protein D [T2SS (VF0333)] [Shigella dysenteriae Sd197]	
AI-5395_27_27_assembly.fasta	AI-5395_27_27_7	764450	765943	+	gspE	1-1494/1494	===============	0/0	100.00	95.05	vfdb	YP_404601	(gspE) general secretion pathway protein E [T2SS (VF0333)] [Shigella dysenteriae Sd197]	
AI-5395_27_27_assembly.fasta	AI-5395_27_27_7	765943	767142	+	gspF	1-1200/1200	===============	0/0	100.00	95.17	vfdb	YP_404602	(gspF) general secretion pathway protein F [T2SS (VF0333)] [Shigella dysenteriae Sd197]	
AI-5395_27_27_assembly.fasta	AI-5395_27_27_7	767183	767638	+	gspG	1-456/456	===============	0/0	100.00	97.59	vfdb	YP_404603	(gspG) general secretion pathway protein G [T2SS (VF0333)] [Shigella dysenteriae Sd197]	
AI-5395_27_27_assembly.fasta	AI-5395_27_27_7	767675	768205	+	gspH	1-531/531	===============	0/0	100.00	95.67	vfdb	YP_404604	(gspH) general secretion pathway protein H [T2SS (VF0333)] [Shigella dysenteriae Sd197]	
AI-5395_27_27_assembly.fasta	AI-5395_27_27_7	768202	768573	+	gspI	1-372/372	===============	0/0	100.00	95.97	vfdb	YP_404605	(gspI) general secretion pathway protein I [T2SS (VF0333)] [Shigella dysenteriae Sd197]	
AI-5395_27_27_assembly.fasta	AI-5395_27_27_7	768606	769175	+	gspJ	1-570/570	===============	0/0	100.00	95.61	vfdb	YP_404606	(gspJ) general secretion pathway protein J [T2SS (VF0333)] [Shigella dysenteriae Sd197]	
AI-5395_27_27_assembly.fasta	AI-5395_27_27_7	769172	770149	+	gspK	1-978/978	===============	0/0	100.00	97.34	vfdb	YP_404607	(gspK) general secretion pathway protein K [T2SS (VF0333)] [Shigella dysenteriae Sd197]	
AI-5395_27_27_assembly.fasta	AI-5395_27_27_7	770464	771324	+	gspL	1-861/861	===============	0/0	100.00	94.08	vfdb	YP_404608	(gspL) general secretion pathway protein L [T2SS (VF0333)] [Shigella dysenteriae Sd197]	
AI-5395_27_27_assembly.fasta	AI-5395_27_27_7	771440	771849	+	gspM	1-410/423	===============	0/0	96.93	93.66	vfdb	YP_404609	(gspM) general secretion pathway protein M [T2SS (VF0333)] [Shigella dysenteriae Sd197]	
AI-5395_27_27_assembly.fasta	AI-5395_27_27_7	773013	773789	+	kpsM	1-777/777	===============	0/0	100.00	94.98	vfdb	AAA24046	(kpsM) KpsM [K1 capsule (VF0239)] [Escherichia coli O18:K1:H7 str. RS218]	
AI-5395_27_27_assembly.fasta	AI-5395_27_27_7	783084	784760	-	kpsD	1-1677/1677	===============	0/0	100.00	99.40	vfdb	AAA21682	(kpsD) KpsD [K1 capsule (VF0239)] [Escherichia coli O18:K1:H7 str. RS218]	
AI-5395_28_28_assembly.fasta	AI-5395_28_28_1	21306	22286	+	nleB2	1-981/981	===============	0/0	100.00	100.00	vfdb	NP_286532	(nleB2) Type III secretion system effector NleB2 [LEE encoded T3SS (SS020)] [Escherichia coli O157:H7 str. EDL933]	
AI-5395_28_28_assembly.fasta	AI-5395_28_28_1	22928	23839	+	nleH2	1-912/912	========/======	2/2	99.89	91.57	vfdb	NP_287959	(nleH2) Type III secretion system effector NleH2 [LEE encoded T3SS (SS020)] [Escherichia coli O157:H7 str. EDL933]	
AI-5395_28_28_assembly.fasta	AI-5395_28_28_1	23894	24463	+	nleF	1-570/570	===============	0/0	100.00	94.91	vfdb	NP_287958	(nleF) Type III secretion system effector NleF caspase inhibitor [LEE encoded T3SS (SS020)] [Escherichia coli O157:H7 str. EDL933]	
AI-5395_28_28_assembly.fasta	AI-5395_28_28_1	56236	57375	+	espR3	1-1140/1140	===============	0/0	100.00	94.47	vfdb	NP_288394	(espR3) Type III secretion system effector espR3 [LEE encoded T3SS (SS020)] [Escherichia coli O157:H7 str. EDL933]	
AI-5395_28_28_assembly.fasta	AI-5395_28_28_1	273691	275589	-	espL1	1-1899/1899	===============	0/0	100.00	96.37	vfdb	NP_288154	(espL1) Type III secretion system effector espL1 [LEE encoded T3SS (SS020)] [Escherichia coli O157:H7 str. EDL933]	
AI-5395_28_28_assembly.fasta	AI-5395_28_28_1	519311	520365	+	espR1	198-1253/1260	..======/======	1/1	83.73	94.03	vfdb	NP_287686	(espR1) Type III secretion system effector espR1 [LEE encoded T3SS (SS020)] [Escherichia coli O157:H7 str. EDL933]	
AI-5395_28_28_assembly.fasta	AI-5395_28_28_1	966934	967389	-	csgB	1-456/456	========/======	2/2	99.78	83.59	vfdb	NP_460114	(csgB) minor curlin subunit precursor curli nucleator protein CsgB [Agf (VF0103)] [Salmonella enterica subsp. enterica serovar Typhimurium str. LT2]	
AI-5395_28_28_assembly.fasta	AI-5395_28_28_1	968144	968794	+	csgD	1-651/651	===============	0/0	100.00	81.26	vfdb	NP_460113	(csgD) DNA-binding transcriptional regulator CsgD [curli fibers/thin aggregative fimbriae (AGF) (AI094)] [Salmonella enterica subsp. enterica serovar Typhimurium str. LT2]	
AI-5395_28_28_assembly.fasta	AI-5395_28_28_1	969213	969629	+	csgF	1-417/417	========/======	3/8	99.04	81.23	vfdb	NP_460111	(csgF) curli production assembly/transport protein CsgF [Agf (VF0103)] [Salmonella enterica subsp. enterica serovar Typhimurium str. LT2]	
AI-5395_28_28_assembly.fasta	AI-5395_28_28_1	969656	970489	+	csgG	1-834/834	===============	0/0	100.00	83.45	vfdb	NP_460110	(csgG) curli production assembly/transport protein CsgG [Agf (VF0103)] [Salmonella enterica subsp. enterica serovar Typhimurium str. LT2]	
AI-5395_28_28_assembly.fasta	AI-5395_28_28_1	1005896	1006547	+	espJ	1-652/654	===============	0/0	99.69	80.67	vfdb	NP_288436	(espJ) Type III secretion system effector EspJ adenosine diphosphate (ADP) ribosyltransferase  [LEE encoded T3SS (SS020)] [Escherichia coli O157:H7 str. EDL933]	
AI-5395_28_28_assembly.fasta	AI-5395_28_28_1	1137839	1138891	+	ompA	1-1041/1041	========/======	1/12	100.00	94.59	vfdb	AAF37887	(ompA) outer membrane protein A [OmpA (VF0236)] [Escherichia coli O18:K1:H7 str. RS218]	
AI-5395_28_28_assembly.fasta	AI-5395_28_28_1	1610160	1610906	-	entA	1-747/747	===============	0/0	100.00	95.98	vfdb	NP_752614	(entA) 23-dihydro-23-dihydroxybenzoate dehydrogenase [Enterobactin (VF0228)] [Escherichia coli CFT073]	
AI-5395_28_28_assembly.fasta	AI-5395_28_28_1	1610906	1611763	-	entB	1-858/858	===============	0/0	100.00	98.37	vfdb	NP_752613	(entB) isochorismatase [Enterobactin (VF0228)] [Escherichia coli CFT073]	
AI-5395_28_28_assembly.fasta	AI-5395_28_28_1	1611777	1613387	-	entE	1-1611/1611	===============	0/0	100.00	95.59	vfdb	NP_752612	(entE) 23-dihydroxybenzoate-AMP ligase component of enterobactin synthase multienzyme complex [Enterobactin (VF0228)] [Escherichia coli CFT073]	
AI-5395_28_28_assembly.fasta	AI-5395_28_28_1	1613397	1614584	-	entC	1-1188/1188	===============	0/0	100.00	97.14	vfdb	NP_752611	(entC) isochorismate synthase 1 [Enterobactin (VF0228)] [Escherichia coli CFT073]	
AI-5395_28_28_assembly.fasta	AI-5395_28_28_1	1614761	1615717	+	fepB	1-957/957	===============	0/0	100.00	97.49	vfdb	NP_752610	(fepB) ferrienterobactin ABC transporter periplasmic binding protein [Enterobactin (VF0228)] [Escherichia coli CFT073]	
AI-5395_28_28_assembly.fasta	AI-5395_28_28_1	1615721	1616971	-	entS	1-1251/1251	===============	0/0	100.00	96.08	vfdb	NP_752609	(entS) enterobactin exporter iron-regulated [enterobactin (IA019)] [Escherichia coli CFT073]	
AI-5395_28_28_assembly.fasta	AI-5395_28_28_1	1617070	1618086	+	fepD	1-1017/1017	===============	0/0	100.00	96.07	vfdb	NP_752608	(fepD) ferrienterobactin ABC transporter permease [Enterobactin (VF0228)] [Escherichia coli CFT073]	
AI-5395_28_28_assembly.fasta	AI-5395_28_28_1	1618083	1619075	+	fepG	1-993/993	===============	0/0	100.00	94.46	vfdb	NP_752607	(fepG) iron-enterobactin ABC transporter permease [Enterobactin (VF0228)] [Escherichia coli CFT073]	
AI-5395_28_28_assembly.fasta	AI-5395_28_28_1	1619072	1619887	+	fepC	1-816/816	===============	0/0	100.00	97.43	vfdb	NP_752606	(fepC) ferrienterobactin ABC transporter ATPase [Enterobactin (VF0228)] [Escherichia coli CFT073]	
AI-5395_28_28_assembly.fasta	AI-5395_28_28_1	1621261	1625114	-	entF	1-3854/3882	===============	0/0	99.28	95.72	vfdb	NP_752604	(entF) enterobactin synthase multienzyme complex component ATP-dependent [Enterobactin (VF0228)] [Escherichia coli CFT073]	
AI-5395_28_28_assembly.fasta	AI-5395_28_28_1	1625332	1626534	-	fes	1-1203/1203	===============	0/0	100.00	96.59	vfdb	NP_752602	(fes) enterobactin/ferric enterobactin esterase [enterobactin (IA019)] [Escherichia coli CFT073]	
AI-5395_28_28_assembly.fasta	AI-5395_28_28_1	1626777	1629017	+	fepA	1-2241/2241	===============	0/0	100.00	96.83	vfdb	NP_752600	(fepA) ferrienterobactin outer membrane transporter [Enterobactin (VF0228)] [Escherichia coli CFT073]	
AI-5395_28_28_assembly.fasta	AI-5395_28_28_1	1629042	1629812	+	entD	1-771/771	===============	0/0	100.00	94.16	vfdb	NP_752599	(entD) phosphopantetheinyl transferase component of enterobactin synthase multienzyme complex [Enterobactin (VF0228)] [Escherichia coli CFT073]	
AI-5395_28_28_assembly.fasta	AI-5395_28_28_1	2186787	2188206	+	espX1	1-1422/1422	========/======	2/2	99.86	95.22	vfdb	NP_285716	(espX1) Type III secretion system effector EspX1 [LEE encoded T3SS (SS020)] [Escherichia coli O157:H7 str. EDL933]	
AI-5395_28_28_assembly.fasta	AI-5395_28_28_1	2284206	2285117	-	fimH	1-912/912	===============	0/0	100.00	97.37	vfdb	NP_757248	(fimH) FimH protein precursor [Type 1 fimbriae (VF0221)] [Escherichia coli CFT073]	
AI-5395_28_28_assembly.fasta	AI-5395_28_28_1	2285128	2285631	-	fimG	1-504/504	===============	0/0	100.00	97.62	vfdb	NP_757247	(fimG) FimG protein precursor [Type 1 fimbriae (VF0221)] [Escherichia coli CFT073]	
AI-5395_28_28_assembly.fasta	AI-5395_28_28_1	2285644	2286177	-	fimF	1-534/534	===============	0/0	100.00	97.94	vfdb	NP_757245	(fimF) FimF protein precursor [Type 1 fimbriae (VF0221)] [Escherichia coli CFT073]	
AI-5395_28_28_assembly.fasta	AI-5395_28_28_1	2286184	2288820	-	fimD	1-2637/2637	===============	0/0	100.00	98.60	vfdb	NP_757244	(fimD) Outer membrane usher protein fimD precursor [Type 1 fimbriae (VF0221)] [Escherichia coli CFT073]	
AI-5395_28_28_assembly.fasta	AI-5395_28_28_1	2288887	2289612	-	fimC	1-726/726	===============	0/0	100.00	98.76	vfdb	NP_757243	(fimC) Chaperone protein fimC precursor [Type 1 fimbriae (VF0221)] [Escherichia coli CFT073]	
AI-5395_28_28_assembly.fasta	AI-5395_28_28_1	2289649	2290188	-	fimI	1-540/540	===============	0/0	100.00	98.70	vfdb	NP_757242	(fimI) Fimbrin-like protein fimI precursor [Type 1 fimbriae (VF0221)] [Escherichia coli CFT073]	
AI-5395_28_28_assembly.fasta	AI-5395_28_28_1	2290253	2290864	-	fimA	1-606/606	========/======	1/6	100.00	88.56	vfdb	NP_757241	(fimA) Type-1 fimbrial protein A chain precursor [Type 1 fimbriae (VF0221)] [Escherichia coli CFT073]	
AI-5395_28_28_assembly.fasta	AI-5395_28_28_1	2291291	2291885	-	fimE	1-595/597	===============	0/0	99.66	99.33	vfdb	NP_757240	(fimE) Type 1 fimbriae Regulatory protein fimE [Type 1 fimbriae (VF0221)] [Escherichia coli CFT073]	
AI-5395_28_28_assembly.fasta	AI-5395_28_28_1	2292362	2292964	-	fimB	1-603/603	===============	0/0	100.00	98.18	vfdb	NP_757239	(fimB) Type 1 fimbriae Regulatory protein fimB [Type 1 fimbriae (VF0221)] [Escherichia coli CFT073]	
AI-5395_28_28_assembly.fasta	AI-5395_28_28_1	2541213	2542505	+	espX5	1-1293/1293	===============	0/0	100.00	96.60	vfdb	NP_290699	(espX5) Type III secretion system effector EspX5 [LEE encoded T3SS (SS020)] [Escherichia coli O157:H7 str. EDL933]	
AI-5395_28_28_assembly.fasta	AI-5395_28_28_1	2572004	2573584	-	espX4	1-1581/1581	========/======	2/2	99.94	93.36	vfdb	NP_290672	(espX4) Type III secretion system effector EspX4 [LEE encoded T3SS (SS020)] [Escherichia coli O157:H7 str. EDL933]	
AI-5395_28_28_assembly.fasta	AI-5395_28_28_1	2994964	2996160	-	espG	1-1197/1197	===============	0/0	100.00	98.25	vfdb	NP_290289	(espG) Type III secretion system effector EspG GTPase activating protein [EspG (VF0201)] [Escherichia coli O157:H7 str. EDL933]	
AI-5395_28_28_assembly.fasta	AI-5395_28_28_1	2997724	2997942	+	escE	1-219/219	===============	0/0	100.00	99.54	vfdb	NP_290287	(escE) chaperone for EscF [LEE encoded T3SS (SS020)] [Escherichia coli O157:H7 str. EDL933]	
AI-5395_28_28_assembly.fasta	AI-5395_28_28_1	2997946	2998269	+	cesAB	1-324/324	===============	0/0	100.00	99.69	vfdb	NP_290286	(cesAB) chaperone for EspA and EspB [LEE encoded T3SS (SS020)] [Escherichia coli O157:H7 str. EDL933]	
AI-5395_28_28_assembly.fasta	AI-5395_28_28_1	2998891	2999505	+	escL	1-615/615	===============	0/0	100.00	99.67	vfdb	NP_290284	(escL) negative regulator EscL stator protein [LEE encoded T3SS (SS020)] [Escherichia coli O157:H7 str. EDL933]	
AI-5395_28_28_assembly.fasta	AI-5395_28_28_1	2999510	3000163	+	escR	1-654/654	===============	0/0	100.00	99.54	vfdb	NP_290283	(escR) Type III secretion systemminor export apparatus protein EscR [TTSS (VF0191)] [Escherichia coli O157:H7 str. EDL933]	
AI-5395_28_28_assembly.fasta	AI-5395_28_28_1	3000163	3000432	+	escS	1-270/270	===============	0/0	100.00	100.00	vfdb	NP_290282	(escS) Type III secretion systemminor export apparatus protein EscS [TTSS (VF0191)] [Escherichia coli O157:H7 str. EDL933]	
AI-5395_28_28_assembly.fasta	AI-5395_28_28_1	3000432	3001208	+	escT	1-777/777	===============	0/0	100.00	99.61	vfdb	NP_290281	(escT) Type III secretion system minor export apparatus protein EscT [TTSS (VF0191)] [Escherichia coli O157:H7 str. EDL933]	
AI-5395_28_28_assembly.fasta	AI-5395_28_28_1	3001201	3002238	+	escU	1-1038/1038	===============	0/0	100.00	99.71	vfdb	NP_290280	(escU) Type III secretion system export apparatus switch protein EscU [TTSS (VF0191)] [Escherichia coli O157:H7 str. EDL933]	
AI-5395_28_28_assembly.fasta	AI-5395_28_28_1	3002235	3002693	-	etgA	1-459/459	===============	0/0	100.00	99.56	vfdb	NP_290279	(etgA) T3SS-associated peptidoglycan lytic enzyme  [LEE encoded T3SS (SS020)] [Escherichia coli O157:H7 str. EDL933]	
AI-5395_28_28_assembly.fasta	AI-5395_28_28_1	3004113	3004568	-	cesD	1-456/456	===============	0/0	100.00	99.78	vfdb	NP_290276	(cesD) chaperone for EspB and EspD [TTSS (VF0191)] [Escherichia coli O157:H7 str. EDL933]	
AI-5395_28_28_assembly.fasta	AI-5395_28_28_1	3004582	3006120	-	escC	1-1539/1539	===============	0/0	100.00	99.67	vfdb	NP_290275	(escC) Type III secretion system secretin EscC [TTSS (VF0191)] [Escherichia coli O157:H7 str. EDL933]	
AI-5395_28_28_assembly.fasta	AI-5395_28_28_1	3006120	3006575	-	sepD	1-456/456	===============	0/0	100.00	98.68	vfdb	NP_290274	(sepD) Type III secretion system secretion switch protein SepD [LEE encoded T3SS (SS020)] [Escherichia coli O157:H7 str. EDL933]	
AI-5395_28_28_assembly.fasta	AI-5395_28_28_1	3006581	3007153	-	escJ	1-573/573	===============	0/0	100.00	99.30	vfdb	NP_290273	(escJ) Type III secretion system inner MS ring protein EscJ [TTSS (VF0191)] [Escherichia coli O157:H7 str. EDL933]	
AI-5395_28_28_assembly.fasta	AI-5395_28_28_1	3007156	3007584	-	escI	1-429/429	===============	0/0	100.00	99.07	vfdb	NP_290272	(escI) Type III secretion system inner rod component EscI [LEE encoded T3SS (SS020)] [Escherichia coli O157:H7 str. EDL933]	
AI-5395_28_28_assembly.fasta	AI-5395_28_28_1	3007617	3007916	-	sepZ/espZ	1-300/300	===============	0/0	100.00	99.67	vfdb	NP_290271	(sepZ/espZ) Type III secretion system effector EspZ [TTSS (VF0191)] [Escherichia coli O157:H7 str. EDL933]	
AI-5395_28_28_assembly.fasta	AI-5395_28_28_1	3008106	3008459	+	cesL	1-354/354	===============	0/0	100.00	99.15	vfdb	NP_290270	(cesL) chaperone for SepL [LEE encoded T3SS (SS020)] [Escherichia coli O157:H7 str. EDL933]	
AI-5395_28_28_assembly.fasta	AI-5395_28_28_1	3008456	3010483	+	escV	1-2028/2028	===============	0/0	100.00	99.70	vfdb	NP_290269	(escV) Type III secretion system major export apparatus protein [TTSS (VF0191)] [Escherichia coli O157:H7 str. EDL933]	
AI-5395_28_28_assembly.fasta	AI-5395_28_28_1	3010467	3011807	+	escN	1-1341/1341	===============	0/0	100.00	99.48	vfdb	NP_290268	(escN) ATPase EscN [TTSS (VF0191)] [Escherichia coli O157:H7 str. EDL933]	
AI-5395_28_28_assembly.fasta	AI-5395_28_28_1	3011810	3012187	+	escO	1-378/378	===============	0/0	100.00	100.00	vfdb	NP_290267	(escO) positive regulator EscO [LEE encoded T3SS (SS020)] [Escherichia coli O157:H7 str. EDL933]	
AI-5395_28_28_assembly.fasta	AI-5395_28_28_1	3012321	3012596	+	escP	1-276/276	===============	0/0	100.00	99.28	vfdb	NP_290266	(escP) Type III secretion system needle length regulator EscP [LEE encoded T3SS (SS020)] [Escherichia coli O157:H7 str. EDL933]	
AI-5395_28_28_assembly.fasta	AI-5395_28_28_1	3012559	3013476	+	sepQ/escQ	1-918/918	===============	0/0	100.00	95.32	vfdb	NP_290265	(sepQ/escQ) Type III secetion system C ring protein EscQ [TTSS (VF0191)] [Escherichia coli O157:H7 str. EDL933]	
AI-5395_28_28_assembly.fasta	AI-5395_28_28_1	3014841	3015452	+	map	1-612/612	===============	0/0	100.00	90.03	vfdb	NP_290262	(map) Type III secretion system effector Map Rho guanine exchange factor [Map (VF0195)] [Escherichia coli O157:H7 str. EDL933]	
AI-5395_28_28_assembly.fasta	AI-5395_28_28_1	3015877	3017535	+	tir	1-1677/1677	========/======	3/30	98.57	97.33	vfdb	NP_290261	(tir) translocated intimin receptor protein [Tir (VF0193)] [Escherichia coli O157:H7 str. EDL933]	
AI-5395_28_28_assembly.fasta	AI-5395_28_28_1	3017672	3018142	+	cesT	1-471/471	===============	0/0	100.00	99.58	vfdb	NP_290260	(cesT) multieffector chaperone [LEE encoded T3SS (SS020)] [Escherichia coli O157:H7 str. EDL933]	
AI-5395_28_28_assembly.fasta	AI-5395_28_28_1	3018202	3020717	+	eae	1-2519/2820	========/=====.	1/3	89.22	90.11	vfdb	AAC38392	(eae) intimin [Intimin (VF0177)] [Escherichia coli O127:H6 str. E2348/69]	
AI-5395_28_28_assembly.fasta	AI-5395_28_28_1	3021951	3023171	-	escD	1-1221/1221	===============	0/0	100.00	98.94	vfdb	NP_290258	(escD) Type III secretion system outer MS ring protein EscD [TTSS (VF0191)] [Escherichia coli O157:H7 str. EDL933]	
AI-5395_28_28_assembly.fasta	AI-5395_28_28_1	3023314	3024369	+	sepL	1-1056/1056	===============	0/0	100.00	96.21	vfdb	NP_290257	(sepL) Type III secretion system secretion gatekeeper SepL [TTSS (VF0191)] [Escherichia coli O157:H7 str. EDL933]	
AI-5395_28_28_assembly.fasta	AI-5395_28_28_1	3024428	3025006	+	espA	1-579/579	===============	0/0	100.00	98.62	vfdb	NP_290256	(espA) Type III secretion system translocator protein EspA [EspA (VF0198)] [Escherichia coli O157:H7 str. EDL933]	
AI-5395_28_28_assembly.fasta	AI-5395_28_28_1	3025019	3026143	+	espD	1-1125/1125	===============	0/0	100.00	99.11	vfdb	NP_290255	(espD) Type III secretion system translocator protein EspD pore protein [EspD (VF0200)] [Escherichia coli O157:H7 str. EDL933]	
AI-5395_28_28_assembly.fasta	AI-5395_28_28_1	3026164	3027102	+	espB	1-939/939	===============	0/0	100.00	99.57	vfdb	NP_290254	(espB) Type III secretion system translocator protein EspB pore protein [TTSS (VF0191)] [Escherichia coli O157:H7 str. EDL933]	
AI-5395_28_28_assembly.fasta	AI-5395_28_28_1	3027109	3027516	+	cesD2	1-408/408	===============	0/0	100.00	98.78	vfdb	NP_290253	(cesD2) chaperone for EspD [LEE encoded T3SS (SS020)] [Escherichia coli O157:H7 str. EDL933]	
AI-5395_28_28_assembly.fasta	AI-5395_28_28_1	3027552	3027773	+	escF	1-222/222	===============	0/0	100.00	100.00	vfdb	NP_290252	(escF) Type III secretion system needle filament protein EscF [TTSS (VF0191)] [Escherichia coli O157:H7 str. EDL933]	
AI-5395_28_28_assembly.fasta	AI-5395_28_28_1	3027779	3028057	+	escG	1-279/279	===============	0/0	100.00	98.21	vfdb	NP_290251	(escG) chaperone for EscF [LEE encoded T3SS (SS020)] [Escherichia coli O157:H7 str. EDL933]	
AI-5395_28_28_assembly.fasta	AI-5395_28_28_1	3028142	3028755	+	espF	1-614/747	=============..	0/0	82.20	96.42	vfdb	NP_290250	(espF) Type III secretion system effector EspF [EspF (VF0196)] [Escherichia coli O157:H7 str. EDL933]	
AI-5395_28_28_assembly.fasta	AI-5395_28_28_1	3767541	3768371	+	gspC	1-831/831	===============	0/0	100.00	96.63	vfdb	YP_404599	(gspC) general secretion pathway protein C [T2SS (VF0333)] [Shigella dysenteriae Sd197]	
AI-5395_28_28_assembly.fasta	AI-5395_28_28_1	3768611	3770461	+	gspD	1-1836/1836	========/======	1/15	100.00	97.14	vfdb	YP_404600	(gspD) general secretion pathway protein D [T2SS (VF0333)] [Shigella dysenteriae Sd197]	
AI-5395_28_28_assembly.fasta	AI-5395_28_28_1	3770461	3771954	+	gspE	1-1494/1494	===============	0/0	100.00	96.52	vfdb	YP_404601	(gspE) general secretion pathway protein E [T2SS (VF0333)] [Shigella dysenteriae Sd197]	
AI-5395_28_28_assembly.fasta	AI-5395_28_28_1	3771954	3773153	+	gspF	1-1200/1200	===============	0/0	100.00	96.00	vfdb	YP_404602	(gspF) general secretion pathway protein F [T2SS (VF0333)] [Shigella dysenteriae Sd197]	
AI-5395_28_28_assembly.fasta	AI-5395_28_28_1	3773194	3773649	+	gspG	1-456/456	===============	0/0	100.00	94.96	vfdb	YP_404603	(gspG) general secretion pathway protein G [T2SS (VF0333)] [Shigella dysenteriae Sd197]	
AI-5395_28_28_assembly.fasta	AI-5395_28_28_1	3773686	3774216	+	gspH	1-531/531	===============	0/0	100.00	95.48	vfdb	YP_404604	(gspH) general secretion pathway protein H [T2SS (VF0333)] [Shigella dysenteriae Sd197]	
AI-5395_28_28_assembly.fasta	AI-5395_28_28_1	3774213	3774584	+	gspI	1-372/372	===============	0/0	100.00	95.16	vfdb	YP_404605	(gspI) general secretion pathway protein I [T2SS (VF0333)] [Shigella dysenteriae Sd197]	
AI-5395_28_28_assembly.fasta	AI-5395_28_28_1	3774617	3775186	+	gspJ	1-570/570	===============	0/0	100.00	96.67	vfdb	YP_404606	(gspJ) general secretion pathway protein J [T2SS (VF0333)] [Shigella dysenteriae Sd197]	
AI-5395_28_28_assembly.fasta	AI-5395_28_28_1	3775183	3776160	+	gspK	1-978/978	===============	0/0	100.00	97.95	vfdb	YP_404607	(gspK) general secretion pathway protein K [T2SS (VF0333)] [Shigella dysenteriae Sd197]	
AI-5395_28_28_assembly.fasta	AI-5395_28_28_1	3776475	3777335	+	gspL	1-861/861	===============	0/0	100.00	97.10	vfdb	YP_404608	(gspL) general secretion pathway protein L [T2SS (VF0333)] [Shigella dysenteriae Sd197]	
AI-5395_28_28_assembly.fasta	AI-5395_28_28_1	3777451	3777873	+	gspM	1-423/423	===============	0/0	100.00	97.87	vfdb	YP_404609	(gspM) general secretion pathway protein M [T2SS (VF0333)] [Shigella dysenteriae Sd197]	
AI-5395_28_28_assembly.fasta	AI-5395_28_28_2	104204	106896	+	stcE	1-2697/2697	========/======	1/4	99.85	84.46	vfdb	YP_325591	(stcE) metalloprotease  [StcE (VF0209)] [Escherichia coli O157:H7 str. EDL933]	
AI-5395_29_29_assembly.fasta	AI-5395_29_29_1	1082647	1083198	+	papX	1-552/552	===============	0/0	100.00	97.46	vfdb	NP_755457	(papX) PapX protein regulates flagellum synthesis to repress motility [P fimbriae (CVF425)] [Escherichia coli CFT073]	
AI-5395_29_29_assembly.fasta	AI-5395_29_29_1	1154699	1156375	+	kpsD	1-1677/1677	===============	0/0	100.00	98.27	vfdb	AAA21682	(kpsD) KpsD [K1 capsule (VF0239)] [Escherichia coli O18:K1:H7 str. RS218]	
AI-5395_29_29_assembly.fasta	AI-5395_29_29_1	1169262	1170038	-	kpsM	1-777/777	===============	0/0	100.00	94.85	vfdb	AAA24046	(kpsM) KpsM [K1 capsule (VF0239)] [Escherichia coli O18:K1:H7 str. RS218]	
AI-5395_29_29_assembly.fasta	AI-5395_29_29_1	1171097	1171518	-	gspM	1-422/423	===============	0/0	99.76	92.65	vfdb	YP_404609	(gspM) general secretion pathway protein M [T2SS (VF0333)] [Shigella dysenteriae Sd197]	
AI-5395_29_29_assembly.fasta	AI-5395_29_29_1	1171634	1172494	-	gspL	1-861/861	===============	0/0	100.00	94.77	vfdb	YP_404608	(gspL) general secretion pathway protein L [T2SS (VF0333)] [Shigella dysenteriae Sd197]	
AI-5395_29_29_assembly.fasta	AI-5395_29_29_1	1172809	1173786	-	gspK	1-978/978	===============	0/0	100.00	96.63	vfdb	YP_404607	(gspK) general secretion pathway protein K [T2SS (VF0333)] [Shigella dysenteriae Sd197]	
AI-5395_29_29_assembly.fasta	AI-5395_29_29_1	1173783	1174352	-	gspJ	1-570/570	===============	0/0	100.00	94.39	vfdb	YP_404606	(gspJ) general secretion pathway protein J [T2SS (VF0333)] [Shigella dysenteriae Sd197]	
AI-5395_29_29_assembly.fasta	AI-5395_29_29_1	1174385	1174756	-	gspI	1-372/372	===============	0/0	100.00	92.20	vfdb	YP_404605	(gspI) general secretion pathway protein I [T2SS (VF0333)] [Shigella dysenteriae Sd197]	
AI-5395_29_29_assembly.fasta	AI-5395_29_29_1	1174753	1175283	-	gspH	1-531/531	===============	0/0	100.00	94.73	vfdb	YP_404604	(gspH) general secretion pathway protein H [T2SS (VF0333)] [Shigella dysenteriae Sd197]	
AI-5395_29_29_assembly.fasta	AI-5395_29_29_1	1175320	1175775	-	gspG	1-456/456	===============	0/0	100.00	96.05	vfdb	YP_404603	(gspG) general secretion pathway protein G [T2SS (VF0333)] [Shigella dysenteriae Sd197]	
AI-5395_29_29_assembly.fasta	AI-5395_29_29_1	1175816	1177015	-	gspF	1-1200/1200	===============	0/0	100.00	94.25	vfdb	YP_404602	(gspF) general secretion pathway protein F [T2SS (VF0333)] [Shigella dysenteriae Sd197]	
AI-5395_29_29_assembly.fasta	AI-5395_29_29_1	1177015	1178508	-	gspE	1-1494/1494	===============	0/0	100.00	94.98	vfdb	YP_404601	(gspE) general secretion pathway protein E [T2SS (VF0333)] [Shigella dysenteriae Sd197]	
AI-5395_29_29_assembly.fasta	AI-5395_29_29_1	1178508	1180358	-	gspD	1-1836/1836	========/======	1/15	100.00	96.11	vfdb	YP_404600	(gspD) general secretion pathway protein D [T2SS (VF0333)] [Shigella dysenteriae Sd197]	
AI-5395_29_29_assembly.fasta	AI-5395_29_29_1	1180598	1181428	-	gspC	1-831/831	===============	0/0	100.00	95.19	vfdb	YP_404599	(gspC) general secretion pathway protein C [T2SS (VF0333)] [Shigella dysenteriae Sd197]	
AI-5395_29_29_assembly.fasta	AI-5395_29_29_1	1714882	1715910	-	chuS	1-1029/1029	===============	0/0	100.00	96.40	vfdb	NP_756169	(chuS) heme oxygenase ChuS [Chu (VF0227)] [Escherichia coli CFT073]	
AI-5395_29_29_assembly.fasta	AI-5395_29_29_1	1715959	1717941	-	shuA	1-1983/1983	===============	0/0	100.00	98.54	vfdb	YP_405019	(shuA) outer membrane heme/hemoglobin receptor ShuA [Shu (VF0256)] [Shigella dysenteriae Sd197]	
AI-5395_29_29_assembly.fasta	AI-5395_29_29_1	1718546	1719538	+	shuT	1-993/993	===============	0/0	100.00	98.09	vfdb	YP_405017	(shuT) periplasmic binding protein ShuT [Shu (VF0256)] [Shigella dysenteriae Sd197]	
AI-5395_29_29_assembly.fasta	AI-5395_29_29_1	1719558	1720895	+	chuW	1-1338/1338	===============	0/0	100.00	96.79	vfdb	NP_756176	(chuW) Putative oxygen independent coproporphyrinogen III oxidase [Chu (VF0227)] [Escherichia coli CFT073]	
AI-5395_29_29_assembly.fasta	AI-5395_29_29_1	1720908	1721402	+	shuX	1-495/495	===============	0/0	100.00	96.36	vfdb	YP_405016	(shuX) shu locus protein ShuX [Shu (VF0256)] [Shigella dysenteriae Sd197]	
AI-5395_29_29_assembly.fasta	AI-5395_29_29_1	1721402	1722025	+	chuY	1-624/624	===============	0/0	100.00	96.47	vfdb	NP_756178	(chuY) ChuY [Chu (VF0227)] [Escherichia coli CFT073]	
AI-5395_29_29_assembly.fasta	AI-5395_29_29_1	1722074	1723066	+	chuU	1-993/993	===============	0/0	100.00	96.58	vfdb	NP_756179	(chuU) heme permease protein ChuU [Chu (VF0227)] [Escherichia coli CFT073]	
AI-5395_29_29_assembly.fasta	AI-5395_29_29_1	1723033	1723833	+	chuV	1-801/801	===============	0/0	100.00	98.25	vfdb	NP_756180	(chuV) ATP-binding hydrophilic protein ChuV [Chu (VF0227)] [Escherichia coli CFT073]	
AI-5395_29_29_assembly.fasta	AI-5395_29_29_1	2002131	2004539	-	espY4	1-2409/2409	===============	0/0	100.00	96.39	vfdb	NP_290352	(espY4) Type III secretion system effector EspY4 [LEE encoded T3SS (SS020)] [Escherichia coli O157:H7 str. EDL933]	
AI-5395_29_29_assembly.fasta	AI-5395_29_29_1	2086856	2088284	-	aslA	1-1428/1428	========/======	1/1	100.00	97.13	vfdb	AAG10151	(aslA) putative arylsulfatase [AslA (VF0238)] [Escherichia coli O18:K1:H7 str. RS218]	
AI-5395_29_29_assembly.fasta	AI-5395_29_29_1	2355505	2357691	-	espL4	1-2187/2187	===============	0/0	100.00	97.44	vfdb	NP_290644	(espL4) Type III secretion system effector EspL4 [LEE encoded T3SS (SS020)] [Escherichia coli O157:H7 str. EDL933]	
AI-5395_29_29_assembly.fasta	AI-5395_29_29_1	2389973	2391553	+	espX4	1-1581/1581	===============	0/0	100.00	95.89	vfdb	NP_290672	(espX4) Type III secretion system effector EspX4 [LEE encoded T3SS (SS020)] [Escherichia coli O157:H7 str. EDL933]	
AI-5395_29_29_assembly.fasta	AI-5395_29_29_1	2421049	2422341	-	espX5	1-1293/1293	===============	0/0	100.00	95.90	vfdb	NP_290699	(espX5) Type III secretion system effector EspX5 [LEE encoded T3SS (SS020)] [Escherichia coli O157:H7 str. EDL933]	
AI-5395_29_29_assembly.fasta	AI-5395_29_29_1	2531876	2532133	-	afaF-III	1-258/258	===============	0/0	100.00	96.12	vfdb	CAA54112	(afaF-III) AfaF-III [Afimbrial adhesin AFA-III (AI012)] [Escherichia coli str. A30]	
AI-5395_29_29_assembly.fasta	AI-5395_29_29_1	2532935	2533240	+	draA	1-306/306	===============	0/0	100.00	100.00	vfdb	AAK16475	(draA) cytoplamic protein DraA [Dr adhesins (VF0223)] [Escherichia coli O75:K5:H- str. IH11128]	
AI-5395_29_29_assembly.fasta	AI-5395_29_29_1	2533466	2534210	+	draB	1-744/744	========/======	1/1	100.00	98.79	vfdb	AAK16476	(draB) chaperone protein DraB [Dr adhesins (VF0223)] [Escherichia coli O75:K5:H- str. IH11128]	
AI-5395_29_29_assembly.fasta	AI-5395_29_29_1	2534303	2536885	+	draC	1-2580/2580	========/======	2/3	100.00	98.95	vfdb	AAK16477	(draC) usher protein DraC [Dr adhesins (VF0223)] [Escherichia coli O75:K5:H- str. IH11128]	
AI-5395_29_29_assembly.fasta	AI-5395_29_29_1	2536901	2537344	+	afaD	1-444/444	===============	0/0	100.00	93.92	vfdb	CAW30800	(afaD) AfaD [Afimbrial adhesin AFA-I mannose-resistant adhesin (AI010)] [Escherichia coli O25b:H4 str. FV9863]	
AI-5395_29_29_assembly.fasta	AI-5395_29_29_1	2537723	2537896	+	draP	1-174/174	===============	0/0	100.00	98.28	vfdb	AAK16479	(draP) DraP [Dr adhesins (VF0223)] [Escherichia coli O75:K5:H- str. IH11128]	
AI-5395_29_29_assembly.fasta	AI-5395_29_29_1	2876792	2878213	-	espX1	1-1422/1422	===============	0/0	100.00	95.99	vfdb	NP_285716	(espX1) Type III secretion system effector EspX1 [LEE encoded T3SS (SS020)] [Escherichia coli O157:H7 str. EDL933]	
AI-5395_29_29_assembly.fasta	AI-5395_29_29_1	2916900	2917648	+	espY1	1-753/753	========/======	2/4	99.47	95.75	vfdb	NP_285753	(espY1) Type III secretion system effector EspY1 [LEE encoded T3SS (SS020)] [Escherichia coli O157:H7 str. EDL933]	
AI-5395_29_29_assembly.fasta	AI-5395_29_29_1	2934114	2934683	+	espY2	1-570/570	===============	0/0	100.00	94.56	vfdb	NP_285765	(espY2) Type III secretion system effector EspY2 [LEE encoded T3SS (SS020)] [Escherichia coli O157:H7 str. EDL933]	
AI-5395_29_29_assembly.fasta	AI-5395_29_29_1	3164982	3165735	-	yagV/ecpE	1-754/756	===============	0/0	99.74	96.95	vfdb	NP_286006	(yagV/ecpE) E. coli common pilus chaperone EcpE [ECP (VF0404)] [Escherichia coli O157:H7 str. EDL933]	
AI-5395_29_29_assembly.fasta	AI-5395_29_29_1	3165659	3167302	-	yagW/ecpD	1-1644/1644	===============	0/0	100.00	99.15	vfdb	NP_286007	(yagW/ecpD) polymerized tip adhesin of ECP fibers [ECP (VF0404)] [Escherichia coli O157:H7 str. EDL933]	
AI-5395_29_29_assembly.fasta	AI-5395_29_29_1	3167292	3169817	-	yagX/ecpC	1-2526/2526	===============	0/0	100.00	98.02	vfdb	NP_286008	(yagX/ecpC) E. coli common pilus usher EcpC [ECP (VF0404)] [Escherichia coli O157:H7 str. EDL933]	
AI-5395_29_29_assembly.fasta	AI-5395_29_29_1	3169843	3170511	-	yagY/ecpB	1-669/669	===============	0/0	100.00	98.50	vfdb	NP_286009	(yagY/ecpB) E. coli common pilus chaperone EcpB [ECP (VF0404)] [Escherichia coli O157:H7 str. EDL933]	
AI-5395_29_29_assembly.fasta	AI-5395_29_29_1	3170568	3171155	-	yagZ/ecpA	1-588/588	===============	0/0	100.00	98.98	vfdb	NP_286010	(yagZ/ecpA) E. coli common pilus structural subunit EcpA [ECP (VF0404)] [Escherichia coli O157:H7 str. EDL933]	
AI-5395_29_29_assembly.fasta	AI-5395_29_29_1	3171230	3171820	-	ykgK/ecpR	1-591/591	===============	0/0	100.00	98.98	vfdb	NP_286011	(ykgK/ecpR) regulator protein EcpR [ECP (VF0404)] [Escherichia coli O157:H7 str. EDL933]	
AI-5395_29_29_assembly.fasta	AI-5395_29_29_1	3181067	3185317	+	fdeC	1-4251/4251	===============	0/0	100.00	95.15	vfdb	YP_002390132	(fdeC) adhesin FdeC [FdeC (VF0506)] [Escherichia coli O45:K1:H7 str. S88]	
AI-5395_29_29_assembly.fasta	AI-5395_29_29_1	3312900	3314471	-	espY3	1-1572/1572	===============	0/0	100.00	95.48	vfdb	NP_286160	(espY3) Type III secretion system effector EspY3 [LEE encoded T3SS (SS020)] [Escherichia coli O157:H7 str. EDL933]	
AI-5395_29_29_assembly.fasta	AI-5395_29_29_1	3497274	3498044	-	entD	1-771/771	===============	0/0	100.00	92.74	vfdb	NP_752599	(entD) phosphopantetheinyl transferase component of enterobactin synthase multienzyme complex [Enterobactin (VF0228)] [Escherichia coli CFT073]	
AI-5395_29_29_assembly.fasta	AI-5395_29_29_1	3498069	3500309	-	fepA	1-2241/2241	===============	0/0	100.00	96.88	vfdb	NP_752600	(fepA) ferrienterobactin outer membrane transporter [Enterobactin (VF0228)] [Escherichia coli CFT073]	
AI-5395_29_29_assembly.fasta	AI-5395_29_29_1	3500552	3501754	+	fes	1-1203/1203	===============	0/0	100.00	96.59	vfdb	NP_752602	(fes) enterobactin/ferric enterobactin esterase [enterobactin (IA019)] [Escherichia coli CFT073]	
AI-5395_29_29_assembly.fasta	AI-5395_29_29_1	3501972	3505825	+	entF	1-3854/3882	===============	0/0	99.28	95.46	vfdb	NP_752604	(entF) enterobactin synthase multienzyme complex component ATP-dependent [Enterobactin (VF0228)] [Escherichia coli CFT073]	
AI-5395_29_29_assembly.fasta	AI-5395_29_29_1	3507199	3508014	-	fepC	1-816/816	===============	0/0	100.00	96.94	vfdb	NP_752606	(fepC) ferrienterobactin ABC transporter ATPase [Enterobactin (VF0228)] [Escherichia coli CFT073]	
AI-5395_29_29_assembly.fasta	AI-5395_29_29_1	3508011	3509003	-	fepG	1-993/993	===============	0/0	100.00	94.16	vfdb	NP_752607	(fepG) iron-enterobactin ABC transporter permease [Enterobactin (VF0228)] [Escherichia coli CFT073]	
AI-5395_29_29_assembly.fasta	AI-5395_29_29_1	3509000	3510016	-	fepD	1-1017/1017	===============	0/0	100.00	95.97	vfdb	NP_752608	(fepD) ferrienterobactin ABC transporter permease [Enterobactin (VF0228)] [Escherichia coli CFT073]	
AI-5395_29_29_assembly.fasta	AI-5395_29_29_1	3510115	3511365	+	entS	1-1251/1251	===============	0/0	100.00	95.68	vfdb	NP_752609	(entS) enterobactin exporter iron-regulated [enterobactin (IA019)] [Escherichia coli CFT073]	
AI-5395_29_29_assembly.fasta	AI-5395_29_29_1	3511369	3512325	-	fepB	1-957/957	===============	0/0	100.00	97.70	vfdb	NP_752610	(fepB) ferrienterobactin ABC transporter periplasmic binding protein [Enterobactin (VF0228)] [Escherichia coli CFT073]	
AI-5395_29_29_assembly.fasta	AI-5395_29_29_1	3512502	3513689	+	entC	1-1188/1188	===============	0/0	100.00	97.31	vfdb	NP_752611	(entC) isochorismate synthase 1 [Enterobactin (VF0228)] [Escherichia coli CFT073]	
AI-5395_29_29_assembly.fasta	AI-5395_29_29_1	3513699	3515309	+	entE	1-1611/1611	===============	0/0	100.00	96.52	vfdb	NP_752612	(entE) 23-dihydroxybenzoate-AMP ligase component of enterobactin synthase multienzyme complex [Enterobactin (VF0228)] [Escherichia coli CFT073]	
AI-5395_29_29_assembly.fasta	AI-5395_29_29_1	3515323	3516180	+	entB	1-858/858	===============	0/0	100.00	98.83	vfdb	NP_752613	(entB) isochorismatase [Enterobactin (VF0228)] [Escherichia coli CFT073]	
AI-5395_29_29_assembly.fasta	AI-5395_29_29_1	3516180	3516926	+	entA	1-747/747	===============	0/0	100.00	97.32	vfdb	NP_752614	(entA) 23-dihydro-23-dihydroxybenzoate dehydrogenase [Enterobactin (VF0228)] [Escherichia coli CFT073]	
AI-5395_29_29_assembly.fasta	AI-5395_29_29_1	3906170	3907222	-	ompA	1-1041/1041	========/======	1/12	100.00	95.25	vfdb	AAF37887	(ompA) outer membrane protein A [OmpA (VF0236)] [Escherichia coli O18:K1:H7 str. RS218]	
AI-5395_29_29_assembly.fasta	AI-5395_29_29_1	3976795	3977628	-	csgG	1-834/834	===============	0/0	100.00	83.33	vfdb	NP_460110	(csgG) curli production assembly/transport protein CsgG [Agf (VF0103)] [Salmonella enterica subsp. enterica serovar Typhimurium str. LT2]	
AI-5395_29_29_assembly.fasta	AI-5395_29_29_1	3977655	3978071	-	csgF	1-417/417	========/======	3/8	99.04	81.00	vfdb	NP_460111	(csgF) curli production assembly/transport protein CsgF [Agf (VF0103)] [Salmonella enterica subsp. enterica serovar Typhimurium str. LT2]	
AI-5395_29_29_assembly.fasta	AI-5395_29_29_1	3978490	3979140	-	csgD	1-651/651	===============	0/0	100.00	81.41	vfdb	NP_460113	(csgD) DNA-binding transcriptional regulator CsgD [curli fibers/thin aggregative fimbriae (AGF) (AI094)] [Salmonella enterica subsp. enterica serovar Typhimurium str. LT2]	
AI-5395_29_29_assembly.fasta	AI-5395_29_29_1	3979895	3980350	+	csgB	1-456/456	========/======	2/2	99.78	83.59	vfdb	NP_460114	(csgB) minor curlin subunit precursor curli nucleator protein CsgB [Agf (VF0103)] [Salmonella enterica subsp. enterica serovar Typhimurium str. LT2]	
AI-5395_29_29_assembly.fasta	AI-5395_29_29_1	4434676	4435928	-	espR1	1-1253/1260	===============	0/0	99.44	94.33	vfdb	NP_287686	(espR1) Type III secretion system effector espR1 [LEE encoded T3SS (SS020)] [Escherichia coli O157:H7 str. EDL933]	
AI-5395_29_29_assembly.fasta	AI-5395_29_29_1	4695117	4697015	+	espL1	1-1899/1899	===============	0/0	100.00	96.31	vfdb	NP_288154	(espL1) Type III secretion system effector espL1 [LEE encoded T3SS (SS020)] [Escherichia coli O157:H7 str. EDL933]	
AI-5395_29_29_assembly.fasta	AI-5395_29_29_1	4902320	4903428	-	espR4	1-1113/1140	========/======	4/6	97.19	84.65	vfdb	NP_288396	(espR4) Type III secretion system effector espR4 [LEE encoded T3SS (SS020)] [Escherichia coli O157:H7 str. EDL933]	
AI-5395_29_29_assembly.fasta	AI-5395_29_29_1	4936543	4937847	-	ybtS	1-1305/1305	===============	0/0	100.00	99.77	vfdb	NP_405477	(ybtS) salicylate synthase Irp9 [Yersiniabactin (VF0136)] [Yersinia pestis CO92]	
AI-5395_29_29_assembly.fasta	AI-5395_29_29_1	4937875	4939155	-	ybtX	1-1281/1281	===============	0/0	100.00	99.61	vfdb	NP_405476	(ybtX) putative signal transducer [Yersiniabactin (VF0136)] [Yersinia pestis CO92]	
AI-5395_29_29_assembly.fasta	AI-5395_29_29_1	4939148	4940950	-	ybtQ	1-1803/1803	===============	0/0	100.00	99.78	vfdb	NP_405475	(ybtQ) inner membrane ABC-transporter YbtQ [Yersiniabactin (VF0136)] [Yersinia pestis CO92]	
AI-5395_29_29_assembly.fasta	AI-5395_29_29_1	4940937	4942739	-	ybtP	1-1803/1803	===============	0/0	100.00	99.72	vfdb	NP_405474	(ybtP) lipoprotein inner membrane ABC-transporter [Yersiniabactin (VF0136)] [Yersinia pestis CO92]	
AI-5395_29_29_assembly.fasta	AI-5395_29_29_1	4942906	4943865	+	ybtA	1-960/960	===============	0/0	100.00	99.38	vfdb	NP_405473	(ybtA) transcriptional regulator YbtA [Yersiniabactin (VF0136)] [Yersinia pestis CO92]	
AI-5395_29_29_assembly.fasta	AI-5395_29_29_1	4944057	4950164	+	irp2	1-6108/6108	===============	0/0	100.00	99.51	vfdb	NP_405472	(irp2) yersiniabactin biosynthetic protein Irp2 [Yersiniabactin (VF0136)] [Yersinia pestis CO92]	
AI-5395_29_29_assembly.fasta	AI-5395_29_29_1	4950252	4959743	+	irp1	1-9492/9492	===============	0/0	100.00	99.69	vfdb	NP_405471	(irp1) yersiniabactin biosynthetic protein Irp1 [Yersiniabactin (VF0136)] [Yersinia pestis CO92]	
AI-5395_29_29_assembly.fasta	AI-5395_29_29_1	4959740	4960840	+	ybtU	1-1101/1101	===============	0/0	100.00	99.64	vfdb	NP_405470	(ybtU) yersiniabactin biosynthetic protein YbtU [Yersiniabactin (VF0136)] [Yersinia pestis CO92]	
AI-5395_29_29_assembly.fasta	AI-5395_29_29_1	4960837	4961640	+	ybtT	1-804/804	===============	0/0	100.00	99.63	vfdb	NP_405469	(ybtT) yersiniabactin biosynthetic protein YbtT [Yersiniabactin (VF0136)] [Yersinia pestis CO92]	
AI-5395_29_29_assembly.fasta	AI-5395_29_29_1	4961644	4963221	+	ybtE	1-1578/1578	===============	0/0	100.00	99.87	vfdb	NP_405468	(ybtE) yersiniabactin siderophore biosynthetic protein [Yersiniabactin (VF0136)] [Yersinia pestis CO92]	
AI-5395_29_29_assembly.fasta	AI-5395_29_29_1	4963352	4965373	+	fyuA	1-2022/2022	===============	0/0	100.00	99.90	vfdb	NP_405467	(fyuA) pesticin/yersiniabactin receptor protein [Yersiniabactin (VF0136)] [Yersinia pestis CO92]	
AI-5395_29_29_assembly.fasta	AI-5395_29_29_2	104931	107232	-	iutA	1-2280/2280	========/======	3/24	99.96	88.41	vfdb	NP_755498	(iutA) ferric aerobactin receptor precusor IutA [Aerobactin (VF0229)] [Escherichia coli CFT073]	
AI-5395_29_29_assembly.fasta	AI-5395_29_29_2	107170	108491	-	iucD	1-1323/1338	========/======	1/1	98.80	96.30	vfdb	NP_755499	(iucD) L-lysine 6-monooxygenase IucD [Aerobactin (VF0229)] [Escherichia coli CFT073]	
AI-5395_29_29_assembly.fasta	AI-5395_29_29_2	108488	110230	-	iucC	1-1743/1743	===============	0/0	100.00	96.04	vfdb	NP_755500	(iucC) aerobactin siderophore biosynthesis protein IucC [Aerobactin (VF0229)] [Escherichia coli CFT073]	
AI-5395_29_29_assembly.fasta	AI-5395_29_29_2	110230	111177	-	iucB	1-948/948	===============	0/0	100.00	95.57	vfdb	NP_755501	(iucB) aerobactin siderophore biosynthesis protein IucB [Aerobactin (VF0229)] [Escherichia coli CFT073]	
AI-5395_29_29_assembly.fasta	AI-5395_29_29_2	111178	112965	-	iucA	1-1788/1788	===============	0/0	100.00	94.24	vfdb	NP_755502	(iucA) aerobactin siderophore biosynthesis protein IucD [Aerobactin (VF0229)] [Escherichia coli CFT073]	
AI-5395_2_2_assembly.fasta	AI-5395_2_2_1	21857	24034	+	iroN	1-2178/2178	===============	0/0	100.00	99.13	vfdb	NP_753164	(iroN) salmochelin receptor IroN [IroN (VF0230)] [Escherichia coli CFT073]	
AI-5395_2_2_assembly.fasta	AI-5395_2_2_1	24079	25035	-	iroE	1-957/957	===============	0/0	100.00	99.48	vfdb	NP_753165	(iroE) esterase [Salmochelin (IA013)] [Escherichia coli CFT073]	
AI-5395_2_2_assembly.fasta	AI-5395_2_2_1	25120	26349	-	iroD	1-1230/1230	===============	0/0	100.00	98.54	vfdb	NP_753166	(iroD) esterase [Salmochelin (IA013)] [Escherichia coli CFT073]	
AI-5395_2_2_assembly.fasta	AI-5395_2_2_1	26453	30190	-	iroC	1-3738/3738	===============	0/0	100.00	99.14	vfdb	NP_753167	(iroC) ATP binding cassette transporter [Salmochelin (IA013)] [Escherichia coli CFT073]	
AI-5395_2_2_assembly.fasta	AI-5395_2_2_1	30253	31415	-	iroB	1-1163/1164	===============	0/0	99.91	98.37	vfdb	NP_753168	(iroB) glucosyltransferase IroB [Salmochelin (IA013)] [Escherichia coli CFT073]	
AI-5395_2_2_assembly.fasta	AI-5395_2_2_1	68972	70759	+	iucA	1-1788/1788	===============	0/0	100.00	94.30	vfdb	NP_755502	(iucA) aerobactin siderophore biosynthesis protein IucD [Aerobactin (VF0229)] [Escherichia coli CFT073]	
AI-5395_2_2_assembly.fasta	AI-5395_2_2_1	70760	71707	+	iucB	1-948/948	===============	0/0	100.00	95.67	vfdb	NP_755501	(iucB) aerobactin siderophore biosynthesis protein IucB [Aerobactin (VF0229)] [Escherichia coli CFT073]	
AI-5395_2_2_assembly.fasta	AI-5395_2_2_1	71707	73449	+	iucC	1-1743/1743	===============	0/0	100.00	96.04	vfdb	NP_755500	(iucC) aerobactin siderophore biosynthesis protein IucC [Aerobactin (VF0229)] [Escherichia coli CFT073]	
AI-5395_2_2_assembly.fasta	AI-5395_2_2_1	73446	74767	+	iucD	1-1323/1338	========/======	1/1	98.80	96.30	vfdb	NP_755499	(iucD) L-lysine 6-monooxygenase IucD [Aerobactin (VF0229)] [Escherichia coli CFT073]	
AI-5395_2_2_assembly.fasta	AI-5395_2_2_1	74705	77006	+	iutA	1-2280/2280	========/======	3/24	99.96	88.41	vfdb	NP_755498	(iutA) ferric aerobactin receptor precusor IutA [Aerobactin (VF0229)] [Escherichia coli CFT073]	
AI-5395_2_2_assembly.fasta	AI-5395_2_2_2	576394	577224	+	gspC	1-831/831	===============	0/0	100.00	94.70	vfdb	YP_404599	(gspC) general secretion pathway protein C [T2SS (VF0333)] [Shigella dysenteriae Sd197]	
AI-5395_2_2_assembly.fasta	AI-5395_2_2_2	577464	579314	+	gspD	1-1836/1836	========/======	1/15	100.00	96.06	vfdb	YP_404600	(gspD) general secretion pathway protein D [T2SS (VF0333)] [Shigella dysenteriae Sd197]	
AI-5395_2_2_assembly.fasta	AI-5395_2_2_2	579314	580807	+	gspE	1-1494/1494	===============	0/0	100.00	96.92	vfdb	YP_404601	(gspE) general secretion pathway protein E [T2SS (VF0333)] [Shigella dysenteriae Sd197]	
AI-5395_2_2_assembly.fasta	AI-5395_2_2_2	580807	582006	+	gspF	1-1200/1200	===============	0/0	100.00	96.00	vfdb	YP_404602	(gspF) general secretion pathway protein F [T2SS (VF0333)] [Shigella dysenteriae Sd197]	
AI-5395_2_2_assembly.fasta	AI-5395_2_2_2	582047	582502	+	gspG	1-456/456	===============	0/0	100.00	94.96	vfdb	YP_404603	(gspG) general secretion pathway protein G [T2SS (VF0333)] [Shigella dysenteriae Sd197]	
AI-5395_2_2_assembly.fasta	AI-5395_2_2_2	582539	583068	+	gspH	1-531/531	========/======	1/1	99.81	94.92	vfdb	YP_404604	(gspH) general secretion pathway protein H [T2SS (VF0333)] [Shigella dysenteriae Sd197]	
AI-5395_2_2_assembly.fasta	AI-5395_2_2_2	583065	583436	+	gspI	1-372/372	===============	0/0	100.00	95.16	vfdb	YP_404605	(gspI) general secretion pathway protein I [T2SS (VF0333)] [Shigella dysenteriae Sd197]	
AI-5395_2_2_assembly.fasta	AI-5395_2_2_2	583469	584038	+	gspJ	1-570/570	===============	0/0	100.00	96.67	vfdb	YP_404606	(gspJ) general secretion pathway protein J [T2SS (VF0333)] [Shigella dysenteriae Sd197]	
AI-5395_2_2_assembly.fasta	AI-5395_2_2_2	584035	585012	+	gspK	1-978/978	===============	0/0	100.00	97.03	vfdb	YP_404607	(gspK) general secretion pathway protein K [T2SS (VF0333)] [Shigella dysenteriae Sd197]	
AI-5395_2_2_assembly.fasta	AI-5395_2_2_2	585327	586187	+	gspL	1-861/861	===============	0/0	100.00	96.98	vfdb	YP_404608	(gspL) general secretion pathway protein L [T2SS (VF0333)] [Shigella dysenteriae Sd197]	
AI-5395_2_2_assembly.fasta	AI-5395_2_2_2	586303	586725	+	gspM	1-423/423	===============	0/0	100.00	98.34	vfdb	YP_404609	(gspM) general secretion pathway protein M [T2SS (VF0333)] [Shigella dysenteriae Sd197]	
AI-5395_2_2_assembly.fasta	AI-5395_2_2_2	1832515	1834414	-	espL1	1-1899/1899	========/======	1/1	100.00	97.58	vfdb	NP_288154	(espL1) Type III secretion system effector espL1 [LEE encoded T3SS (SS020)] [Escherichia coli O157:H7 str. EDL933]	
AI-5395_2_2_assembly.fasta	AI-5395_2_2_2	2073623	2074676	+	espR1	198-1253/1260	..======/======	2/2	83.65	93.75	vfdb	NP_287686	(espR1) Type III secretion system effector espR1 [LEE encoded T3SS (SS020)] [Escherichia coli O157:H7 str. EDL933]	
AI-5395_2_2_assembly.fasta	AI-5395_2_2_2	2480779	2481234	-	csgB	1-456/456	========/======	2/2	99.78	83.81	vfdb	NP_460114	(csgB) minor curlin subunit precursor curli nucleator protein CsgB [Agf (VF0103)] [Salmonella enterica subsp. enterica serovar Typhimurium str. LT2]	
AI-5395_2_2_assembly.fasta	AI-5395_2_2_2	2481989	2482639	+	csgD	1-651/651	===============	0/0	100.00	81.11	vfdb	NP_460113	(csgD) DNA-binding transcriptional regulator CsgD [curli fibers/thin aggregative fimbriae (AGF) (AI094)] [Salmonella enterica subsp. enterica serovar Typhimurium str. LT2]	
AI-5395_2_2_assembly.fasta	AI-5395_2_2_2	2483058	2483474	+	csgF	1-417/417	========/======	3/8	99.04	81.23	vfdb	NP_460111	(csgF) curli production assembly/transport protein CsgF [Agf (VF0103)] [Salmonella enterica subsp. enterica serovar Typhimurium str. LT2]	
AI-5395_2_2_assembly.fasta	AI-5395_2_2_2	2483501	2484334	+	csgG	1-834/834	===============	0/0	100.00	83.45	vfdb	NP_460110	(csgG) curli production assembly/transport protein CsgG [Agf (VF0103)] [Salmonella enterica subsp. enterica serovar Typhimurium str. LT2]	
AI-5395_2_2_assembly.fasta	AI-5395_2_2_2	2564175	2565215	+	ompA	1-1041/1041	===============	0/0	100.00	98.08	vfdb	AAF37887	(ompA) outer membrane protein A [OmpA (VF0236)] [Escherichia coli O18:K1:H7 str. RS218]	
AI-5395_2_2_assembly.fasta	AI-5395_2_2_2	2954524	2955270	-	entA	1-747/747	===============	0/0	100.00	95.72	vfdb	NP_752614	(entA) 23-dihydro-23-dihydroxybenzoate dehydrogenase [Enterobactin (VF0228)] [Escherichia coli CFT073]	
AI-5395_2_2_assembly.fasta	AI-5395_2_2_2	2955270	2956127	-	entB	1-858/858	===============	0/0	100.00	98.14	vfdb	NP_752613	(entB) isochorismatase [Enterobactin (VF0228)] [Escherichia coli CFT073]	
AI-5395_2_2_assembly.fasta	AI-5395_2_2_2	2956141	2957751	-	entE	1-1611/1611	===============	0/0	100.00	95.47	vfdb	NP_752612	(entE) 23-dihydroxybenzoate-AMP ligase component of enterobactin synthase multienzyme complex [Enterobactin (VF0228)] [Escherichia coli CFT073]	
AI-5395_2_2_assembly.fasta	AI-5395_2_2_2	2957761	2958948	-	entC	1-1188/1188	===============	0/0	100.00	97.90	vfdb	NP_752611	(entC) isochorismate synthase 1 [Enterobactin (VF0228)] [Escherichia coli CFT073]	
AI-5395_2_2_assembly.fasta	AI-5395_2_2_2	2959311	2960267	+	fepB	1-957/957	===============	0/0	100.00	97.49	vfdb	NP_752610	(fepB) ferrienterobactin ABC transporter periplasmic binding protein [Enterobactin (VF0228)] [Escherichia coli CFT073]	
AI-5395_2_2_assembly.fasta	AI-5395_2_2_2	2960271	2961521	-	entS	1-1251/1251	===============	0/0	100.00	95.44	vfdb	NP_752609	(entS) enterobactin exporter iron-regulated [enterobactin (IA019)] [Escherichia coli CFT073]	
AI-5395_2_2_assembly.fasta	AI-5395_2_2_2	2961620	2962636	+	fepD	1-1017/1017	===============	0/0	100.00	96.07	vfdb	NP_752608	(fepD) ferrienterobactin ABC transporter permease [Enterobactin (VF0228)] [Escherichia coli CFT073]	
AI-5395_2_2_assembly.fasta	AI-5395_2_2_2	2962633	2963625	+	fepG	1-993/993	===============	0/0	100.00	94.06	vfdb	NP_752607	(fepG) iron-enterobactin ABC transporter permease [Enterobactin (VF0228)] [Escherichia coli CFT073]	
AI-5395_2_2_assembly.fasta	AI-5395_2_2_2	2963622	2964437	+	fepC	1-816/816	===============	0/0	100.00	97.30	vfdb	NP_752606	(fepC) ferrienterobactin ABC transporter ATPase [Enterobactin (VF0228)] [Escherichia coli CFT073]	
AI-5395_2_2_assembly.fasta	AI-5395_2_2_2	2965811	2969664	-	entF	1-3854/3882	===============	0/0	99.28	95.69	vfdb	NP_752604	(entF) enterobactin synthase multienzyme complex component ATP-dependent [Enterobactin (VF0228)] [Escherichia coli CFT073]	
AI-5395_2_2_assembly.fasta	AI-5395_2_2_2	2969882	2971084	-	fes	1-1203/1203	===============	0/0	100.00	96.67	vfdb	NP_752602	(fes) enterobactin/ferric enterobactin esterase [enterobactin (IA019)] [Escherichia coli CFT073]	
AI-5395_2_2_assembly.fasta	AI-5395_2_2_2	2971327	2973567	+	fepA	1-2241/2241	===============	0/0	100.00	96.74	vfdb	NP_752600	(fepA) ferrienterobactin outer membrane transporter [Enterobactin (VF0228)] [Escherichia coli CFT073]	
AI-5395_2_2_assembly.fasta	AI-5395_2_2_2	2973592	2974362	+	entD	1-771/771	===============	0/0	100.00	95.20	vfdb	NP_752599	(entD) phosphopantetheinyl transferase component of enterobactin synthase multienzyme complex [Enterobactin (VF0228)] [Escherichia coli CFT073]	
AI-5395_2_2_assembly.fasta	AI-5395_2_2_2	3264806	3269054	-	fdeC	1-4246/4251	========/======	1/3	99.88	94.26	vfdb	YP_002390132	(fdeC) adhesin FdeC [FdeC (VF0506)] [Escherichia coli O45:K1:H7 str. S88]	
AI-5395_2_2_assembly.fasta	AI-5395_2_2_2	3273256	3273843	+	yagZ/ecpA	1-588/588	===============	0/0	100.00	99.15	vfdb	NP_286010	(yagZ/ecpA) E. coli common pilus structural subunit EcpA [ECP (VF0404)] [Escherichia coli O157:H7 str. EDL933]	
AI-5395_2_2_assembly.fasta	AI-5395_2_2_2	3273901	3274569	+	yagY/ecpB	1-669/669	===============	0/0	100.00	98.06	vfdb	NP_286009	(yagY/ecpB) E. coli common pilus chaperone EcpB [ECP (VF0404)] [Escherichia coli O157:H7 str. EDL933]	
AI-5395_2_2_assembly.fasta	AI-5395_2_2_2	3274595	3277120	+	yagX/ecpC	1-2526/2526	===============	0/0	100.00	98.77	vfdb	NP_286008	(yagX/ecpC) E. coli common pilus usher EcpC [ECP (VF0404)] [Escherichia coli O157:H7 str. EDL933]	
AI-5395_2_2_assembly.fasta	AI-5395_2_2_2	3277110	3278753	+	yagW/ecpD	1-1644/1644	===============	0/0	100.00	99.09	vfdb	NP_286007	(yagW/ecpD) polymerized tip adhesin of ECP fibers [ECP (VF0404)] [Escherichia coli O157:H7 str. EDL933]	
AI-5395_2_2_assembly.fasta	AI-5395_2_2_2	3278677	3279430	+	yagV/ecpE	1-754/756	===============	0/0	99.74	97.08	vfdb	NP_286006	(yagV/ecpE) E. coli common pilus chaperone EcpE [ECP (VF0404)] [Escherichia coli O157:H7 str. EDL933]	
AI-5395_2_2_assembly.fasta	AI-5395_2_2_2	3536461	3537272	-	espY1	1-753/753	========/======	3/61	99.87	86.96	vfdb	NP_285753	(espY1) Type III secretion system effector EspY1 [LEE encoded T3SS (SS020)] [Escherichia coli O157:H7 str. EDL933]	
AI-5395_2_2_assembly.fasta	AI-5395_2_2_2	3575418	3576839	+	espX1	1-1422/1422	===============	0/0	100.00	93.25	vfdb	NP_285716	(espX1) Type III secretion system effector EspX1 [LEE encoded T3SS (SS020)] [Escherichia coli O157:H7 str. EDL933]	
AI-5395_2_2_assembly.fasta	AI-5395_2_2_2	3720338	3721249	-	fimH	1-912/912	===============	0/0	100.00	97.37	vfdb	NP_757248	(fimH) FimH protein precursor [Type 1 fimbriae (VF0221)] [Escherichia coli CFT073]	
AI-5395_2_2_assembly.fasta	AI-5395_2_2_2	3721260	3721763	-	fimG	1-504/504	===============	0/0	100.00	97.82	vfdb	NP_757247	(fimG) FimG protein precursor [Type 1 fimbriae (VF0221)] [Escherichia coli CFT073]	
AI-5395_2_2_assembly.fasta	AI-5395_2_2_2	3721776	3722309	-	fimF	1-534/534	===============	0/0	100.00	97.94	vfdb	NP_757245	(fimF) FimF protein precursor [Type 1 fimbriae (VF0221)] [Escherichia coli CFT073]	
AI-5395_2_2_assembly.fasta	AI-5395_2_2_2	3722316	3724952	-	fimD	1-2637/2637	===============	0/0	100.00	98.60	vfdb	NP_757244	(fimD) Outer membrane usher protein fimD precursor [Type 1 fimbriae (VF0221)] [Escherichia coli CFT073]	
AI-5395_2_2_assembly.fasta	AI-5395_2_2_2	3725019	3725744	-	fimC	1-726/726	===============	0/0	100.00	98.90	vfdb	NP_757243	(fimC) Chaperone protein fimC precursor [Type 1 fimbriae (VF0221)] [Escherichia coli CFT073]	
AI-5395_2_2_assembly.fasta	AI-5395_2_2_2	3725781	3726320	-	fimI	1-540/540	===============	0/0	100.00	98.70	vfdb	NP_757242	(fimI) Fimbrin-like protein fimI precursor [Type 1 fimbriae (VF0221)] [Escherichia coli CFT073]	
AI-5395_2_2_assembly.fasta	AI-5395_2_2_2	3726385	3726996	-	fimA	1-606/606	========/======	1/6	100.00	88.56	vfdb	NP_757241	(fimA) Type-1 fimbrial protein A chain precursor [Type 1 fimbriae (VF0221)] [Escherichia coli CFT073]	
AI-5395_2_2_assembly.fasta	AI-5395_2_2_2	3727423	3728017	-	fimE	1-595/597	===============	0/0	99.66	99.33	vfdb	NP_757240	(fimE) Type 1 fimbriae Regulatory protein fimE [Type 1 fimbriae (VF0221)] [Escherichia coli CFT073]	
AI-5395_2_2_assembly.fasta	AI-5395_2_2_2	3728494	3729096	-	fimB	1-603/603	===============	0/0	100.00	98.18	vfdb	NP_757239	(fimB) Type 1 fimbriae Regulatory protein fimB [Type 1 fimbriae (VF0221)] [Escherichia coli CFT073]	
AI-5395_2_2_assembly.fasta	AI-5395_2_2_2	3931892	3932008	-	astA	1-117/117	===============	0/0	100.00	98.29	vfdb	BAA94855	(astA) heat-stable enterotoxin 1 [EAST1 (VF0216)] [Escherichia coli O44:H18 042]	
AI-5395_2_2_assembly.fasta	AI-5395_2_2_2	4017900	4019192	+	espX5	1-1293/1293	===============	0/0	100.00	97.14	vfdb	NP_290699	(espX5) Type III secretion system effector EspX5 [LEE encoded T3SS (SS020)] [Escherichia coli O157:H7 str. EDL933]	
AI-5395_2_2_assembly.fasta	AI-5395_2_2_2	4068050	4069630	-	espX4	1-1581/1581	========/======	2/2	99.94	93.24	vfdb	NP_290672	(espX4) Type III secretion system effector EspX4 [LEE encoded T3SS (SS020)] [Escherichia coli O157:H7 str. EDL933]	
AI-5395_2_2_assembly.fasta	AI-5395_2_2_2	4097846	4100032	+	espL4	1-2187/2187	===============	0/0	100.00	97.26	vfdb	NP_290644	(espL4) Type III secretion system effector EspL4 [LEE encoded T3SS (SS020)] [Escherichia coli O157:H7 str. EDL933]	
AI-5395_2_2_assembly.fasta	AI-5395_2_2_2	4334239	4335667	+	aslA	1-1428/1428	========/======	1/1	100.00	93.56	vfdb	AAG10151	(aslA) putative arylsulfatase [AslA (VF0238)] [Escherichia coli O18:K1:H7 str. RS218]	
AI-5395_30_30_assembly.fasta	AI-5395_30_30_1	111903	112667	-	faeI	1-765/765	===============	0/0	100.00	87.84	vfdb	YP_002295990	(faeI) fimbrial protein FaeI [K88 pili/F4 fimbriae (AI040)] [Escherichia coli SE11]	
AI-5395_30_30_assembly.fasta	AI-5395_30_30_1	112698	113495	-	faeH	1-798/798	===============	0/0	100.00	82.96	vfdb	YP_002295989	(faeH) fimbrial protein FaeH [K88 pili/F4 fimbriae (AI040)] [Escherichia coli SE11]	
AI-5395_30_30_assembly.fasta	AI-5395_30_30_1	115658	116149	-	faeF	1-492/492	========/======	3/4	99.59	84.82	vfdb	YP_002295987	(faeF) fimbrial protein FaeF [K88 pili/F4 fimbriae (AI040)] [Escherichia coli SE11]	
AI-5395_30_30_assembly.fasta	AI-5395_30_30_1	116185	116961	-	faeE	1-777/777	========/======	2/4	99.74	88.32	vfdb	YP_002295986	(faeE) fimbrial chaperone FaeE [K88 pili/F4 fimbriae (AI040)] [Escherichia coli SE11]	
AI-5395_30_30_assembly.fasta	AI-5395_30_30_1	116954	119392	-	faeD	1-2439/2439	========/======	5/10	99.79	85.52	vfdb	YP_002295985	(faeD) fimbrial usher protein FaeD [K88 pili/F4 fimbriae (AI040)] [Escherichia coli SE11]	
AI-5395_30_30_assembly.fasta	AI-5395_30_30_1	119404	119949	-	faeC	1-546/546	===============	0/0	100.00	99.63	vfdb	AAL47165	(faeC) FaeC [K88 pili/F4 fimbriae (AI040)] [Escherichia coli]	
AI-5395_30_30_assembly.fasta	AI-5395_30_30_2	243690	247915	-	fdeC	1-4229/4251	========/======	1/3	99.41	91.39	vfdb	YP_002390132	(fdeC) adhesin FdeC [FdeC (VF0506)] [Escherichia coli O45:K1:H7 str. S88]	
AI-5395_30_30_assembly.fasta	AI-5395_30_30_2	250935	251525	+	ykgK/ecpR	1-591/591	===============	0/0	100.00	97.63	vfdb	NP_286011	(ykgK/ecpR) regulator protein EcpR [ECP (VF0404)] [Escherichia coli O157:H7 str. EDL933]	
AI-5395_30_30_assembly.fasta	AI-5395_30_30_2	251600	252187	+	yagZ/ecpA	1-588/588	===============	0/0	100.00	99.15	vfdb	NP_286010	(yagZ/ecpA) E. coli common pilus structural subunit EcpA [ECP (VF0404)] [Escherichia coli O157:H7 str. EDL933]	
AI-5395_30_30_assembly.fasta	AI-5395_30_30_2	252245	252913	+	yagY/ecpB	1-669/669	===============	0/0	100.00	98.21	vfdb	NP_286009	(yagY/ecpB) E. coli common pilus chaperone EcpB [ECP (VF0404)] [Escherichia coli O157:H7 str. EDL933]	
AI-5395_30_30_assembly.fasta	AI-5395_30_30_2	252939	255464	+	yagX/ecpC	1-2526/2526	===============	0/0	100.00	98.61	vfdb	NP_286008	(yagX/ecpC) E. coli common pilus usher EcpC [ECP (VF0404)] [Escherichia coli O157:H7 str. EDL933]	
AI-5395_30_30_assembly.fasta	AI-5395_30_30_2	255454	257097	+	yagW/ecpD	1-1644/1644	===============	0/0	100.00	98.66	vfdb	NP_286007	(yagW/ecpD) polymerized tip adhesin of ECP fibers [ECP (VF0404)] [Escherichia coli O157:H7 str. EDL933]	
AI-5395_30_30_assembly.fasta	AI-5395_30_30_2	257021	257774	+	yagV/ecpE	1-754/756	===============	0/0	99.74	96.82	vfdb	NP_286006	(yagV/ecpE) E. coli common pilus chaperone EcpE [ECP (VF0404)] [Escherichia coli O157:H7 str. EDL933]	
AI-5395_30_30_assembly.fasta	AI-5395_30_30_2	577460	578882	+	espX1	1-1422/1422	========/======	1/1	100.00	94.66	vfdb	NP_285716	(espX1) Type III secretion system effector EspX1 [LEE encoded T3SS (SS020)] [Escherichia coli O157:H7 str. EDL933]	
AI-5395_30_30_assembly.fasta	AI-5395_30_30_2	691104	692015	-	fimH	1-912/912	===============	0/0	100.00	97.81	vfdb	NP_757248	(fimH) FimH protein precursor [Type 1 fimbriae (VF0221)] [Escherichia coli CFT073]	
AI-5395_30_30_assembly.fasta	AI-5395_30_30_2	692026	692529	-	fimG	1-504/504	===============	0/0	100.00	97.62	vfdb	NP_757247	(fimG) FimG protein precursor [Type 1 fimbriae (VF0221)] [Escherichia coli CFT073]	
AI-5395_30_30_assembly.fasta	AI-5395_30_30_2	692542	693075	-	fimF	1-534/534	===============	0/0	100.00	96.44	vfdb	NP_757245	(fimF) FimF protein precursor [Type 1 fimbriae (VF0221)] [Escherichia coli CFT073]	
AI-5395_30_30_assembly.fasta	AI-5395_30_30_2	693082	695718	-	fimD	1-2637/2637	===============	0/0	100.00	98.71	vfdb	NP_757244	(fimD) Outer membrane usher protein fimD precursor [Type 1 fimbriae (VF0221)] [Escherichia coli CFT073]	
AI-5395_30_30_assembly.fasta	AI-5395_30_30_2	695785	696510	-	fimC	1-726/726	===============	0/0	100.00	98.21	vfdb	NP_757243	(fimC) Chaperone protein fimC precursor [Type 1 fimbriae (VF0221)] [Escherichia coli CFT073]	
AI-5395_30_30_assembly.fasta	AI-5395_30_30_2	696547	697086	-	fimI	1-540/540	===============	0/0	100.00	98.52	vfdb	NP_757242	(fimI) Fimbrin-like protein fimI precursor [Type 1 fimbriae (VF0221)] [Escherichia coli CFT073]	
AI-5395_30_30_assembly.fasta	AI-5395_30_30_2	697151	697756	-	fimA	1-606/606	===============	0/0	100.00	90.76	vfdb	NP_757241	(fimA) Type-1 fimbrial protein A chain precursor [Type 1 fimbriae (VF0221)] [Escherichia coli CFT073]	
AI-5395_30_30_assembly.fasta	AI-5395_30_30_2	698180	698776	-	fimE	1-597/597	===============	0/0	100.00	99.16	vfdb	NP_757240	(fimE) Type 1 fimbriae Regulatory protein fimE [Type 1 fimbriae (VF0221)] [Escherichia coli CFT073]	
AI-5395_30_30_assembly.fasta	AI-5395_30_30_2	699254	699856	-	fimB	1-603/603	===============	0/0	100.00	97.84	vfdb	NP_757239	(fimB) Type 1 fimbriae Regulatory protein fimB [Type 1 fimbriae (VF0221)] [Escherichia coli CFT073]	
AI-5395_30_30_assembly.fasta	AI-5395_30_30_2	940231	941523	+	espX5	1-1293/1293	===============	0/0	100.00	95.67	vfdb	NP_290699	(espX5) Type III secretion system effector EspX5 [LEE encoded T3SS (SS020)] [Escherichia coli O157:H7 str. EDL933]	
AI-5395_30_30_assembly.fasta	AI-5395_30_30_2	971049	972629	-	espX4	1-1581/1581	========/======	2/2	99.94	92.92	vfdb	NP_290672	(espX4) Type III secretion system effector EspX4 [LEE encoded T3SS (SS020)] [Escherichia coli O157:H7 str. EDL933]	
AI-5395_30_30_assembly.fasta	AI-5395_30_30_2	2177897	2178727	+	gspC	1-831/831	===============	0/0	100.00	94.58	vfdb	YP_404599	(gspC) general secretion pathway protein C [T2SS (VF0333)] [Shigella dysenteriae Sd197]	
AI-5395_30_30_assembly.fasta	AI-5395_30_30_2	2178967	2180817	+	gspD	1-1836/1836	========/======	1/15	100.00	97.41	vfdb	YP_404600	(gspD) general secretion pathway protein D [T2SS (VF0333)] [Shigella dysenteriae Sd197]	
AI-5395_30_30_assembly.fasta	AI-5395_30_30_2	2180817	2182310	+	gspE	1-1494/1494	===============	0/0	100.00	95.92	vfdb	YP_404601	(gspE) general secretion pathway protein E [T2SS (VF0333)] [Shigella dysenteriae Sd197]	
AI-5395_30_30_assembly.fasta	AI-5395_30_30_2	2182310	2183509	+	gspF	1-1200/1200	===============	0/0	100.00	96.17	vfdb	YP_404602	(gspF) general secretion pathway protein F [T2SS (VF0333)] [Shigella dysenteriae Sd197]	
AI-5395_30_30_assembly.fasta	AI-5395_30_30_2	2183550	2184005	+	gspG	1-456/456	===============	0/0	100.00	95.61	vfdb	YP_404603	(gspG) general secretion pathway protein G [T2SS (VF0333)] [Shigella dysenteriae Sd197]	
AI-5395_30_30_assembly.fasta	AI-5395_30_30_2	2184042	2184572	+	gspH	1-531/531	===============	0/0	100.00	96.05	vfdb	YP_404604	(gspH) general secretion pathway protein H [T2SS (VF0333)] [Shigella dysenteriae Sd197]	
AI-5395_30_30_assembly.fasta	AI-5395_30_30_2	2184569	2184940	+	gspI	1-372/372	===============	0/0	100.00	95.16	vfdb	YP_404605	(gspI) general secretion pathway protein I [T2SS (VF0333)] [Shigella dysenteriae Sd197]	
AI-5395_30_30_assembly.fasta	AI-5395_30_30_2	2184973	2185542	+	gspJ	1-570/570	===============	0/0	100.00	97.19	vfdb	YP_404606	(gspJ) general secretion pathway protein J [T2SS (VF0333)] [Shigella dysenteriae Sd197]	
AI-5395_30_30_assembly.fasta	AI-5395_30_30_2	2185539	2186516	+	gspK	1-978/978	===============	0/0	100.00	96.11	vfdb	YP_404607	(gspK) general secretion pathway protein K [T2SS (VF0333)] [Shigella dysenteriae Sd197]	
AI-5395_30_30_assembly.fasta	AI-5395_30_30_2	2186831	2187691	+	gspL	1-861/861	===============	0/0	100.00	97.56	vfdb	YP_404608	(gspL) general secretion pathway protein L [T2SS (VF0333)] [Shigella dysenteriae Sd197]	
AI-5395_30_30_assembly.fasta	AI-5395_30_30_2	2187807	2188229	+	gspM	1-423/423	===============	0/0	100.00	93.85	vfdb	YP_404609	(gspM) general secretion pathway protein M [T2SS (VF0333)] [Shigella dysenteriae Sd197]	
AI-5395_30_30_assembly.fasta	AI-5395_30_30_2	3585291	3587189	-	espL1	1-1899/1899	===============	0/0	100.00	94.79	vfdb	NP_288154	(espL1) Type III secretion system effector espL1 [LEE encoded T3SS (SS020)] [Escherichia coli O157:H7 str. EDL933]	
AI-5395_30_30_assembly.fasta	AI-5395_30_30_2	3834028	3835083	+	espR1	198-1253/1260	..=============	0/0	83.81	94.13	vfdb	NP_287686	(espR1) Type III secretion system effector espR1 [LEE encoded T3SS (SS020)] [Escherichia coli O157:H7 str. EDL933]	
AI-5395_30_30_assembly.fasta	AI-5395_30_30_2	4289917	4290372	-	csgB	1-456/456	========/======	2/2	99.78	83.81	vfdb	NP_460114	(csgB) minor curlin subunit precursor curli nucleator protein CsgB [Agf (VF0103)] [Salmonella enterica subsp. enterica serovar Typhimurium str. LT2]	
AI-5395_30_30_assembly.fasta	AI-5395_30_30_2	4291126	4291776	+	csgD	1-651/651	===============	0/0	100.00	81.11	vfdb	NP_460113	(csgD) DNA-binding transcriptional regulator CsgD [curli fibers/thin aggregative fimbriae (AGF) (AI094)] [Salmonella enterica subsp. enterica serovar Typhimurium str. LT2]	
AI-5395_30_30_assembly.fasta	AI-5395_30_30_2	4291781	4292170	+	csgE	1-396/396	========/======	1/6	98.48	80.05	vfdb	NP_460112	(csgE) curli production assembly/transport protein CsgE [Agf (VF0103)] [Salmonella enterica subsp. enterica serovar Typhimurium str. LT2]	
AI-5395_30_30_assembly.fasta	AI-5395_30_30_2	4292195	4292611	+	csgF	1-417/417	========/======	3/8	99.04	81.23	vfdb	NP_460111	(csgF) curli production assembly/transport protein CsgF [Agf (VF0103)] [Salmonella enterica subsp. enterica serovar Typhimurium str. LT2]	
AI-5395_30_30_assembly.fasta	AI-5395_30_30_2	4292638	4293471	+	csgG	1-834/834	===============	0/0	100.00	83.09	vfdb	NP_460110	(csgG) curli production assembly/transport protein CsgG [Agf (VF0103)] [Salmonella enterica subsp. enterica serovar Typhimurium str. LT2]	
AI-5395_30_30_assembly.fasta	AI-5395_30_30_2	4373740	4374780	+	ompA	1-1041/1041	===============	0/0	100.00	98.08	vfdb	AAF37887	(ompA) outer membrane protein A [OmpA (VF0236)] [Escherichia coli O18:K1:H7 str. RS218]	
AI-5395_30_30_assembly.fasta	AI-5395_30_30_2	4761859	4762605	-	entA	1-747/747	===============	0/0	100.00	95.98	vfdb	NP_752614	(entA) 23-dihydro-23-dihydroxybenzoate dehydrogenase [Enterobactin (VF0228)] [Escherichia coli CFT073]	
AI-5395_30_30_assembly.fasta	AI-5395_30_30_2	4762605	4763462	-	entB	1-858/858	===============	0/0	100.00	97.90	vfdb	NP_752613	(entB) isochorismatase [Enterobactin (VF0228)] [Escherichia coli CFT073]	
AI-5395_30_30_assembly.fasta	AI-5395_30_30_2	4763476	4765086	-	entE	1-1611/1611	===============	0/0	100.00	95.78	vfdb	NP_752612	(entE) 23-dihydroxybenzoate-AMP ligase component of enterobactin synthase multienzyme complex [Enterobactin (VF0228)] [Escherichia coli CFT073]	
AI-5395_30_30_assembly.fasta	AI-5395_30_30_2	4765096	4766283	-	entC	1-1188/1188	===============	0/0	100.00	97.47	vfdb	NP_752611	(entC) isochorismate synthase 1 [Enterobactin (VF0228)] [Escherichia coli CFT073]	
AI-5395_30_30_assembly.fasta	AI-5395_30_30_2	4766646	4767602	+	fepB	1-957/957	===============	0/0	100.00	97.28	vfdb	NP_752610	(fepB) ferrienterobactin ABC transporter periplasmic binding protein [Enterobactin (VF0228)] [Escherichia coli CFT073]	
AI-5395_30_30_assembly.fasta	AI-5395_30_30_2	4767606	4768856	-	entS	1-1251/1251	===============	0/0	100.00	95.68	vfdb	NP_752609	(entS) enterobactin exporter iron-regulated [enterobactin (IA019)] [Escherichia coli CFT073]	
AI-5395_30_30_assembly.fasta	AI-5395_30_30_2	4768955	4769971	+	fepD	1-1017/1017	===============	0/0	100.00	96.17	vfdb	NP_752608	(fepD) ferrienterobactin ABC transporter permease [Enterobactin (VF0228)] [Escherichia coli CFT073]	
AI-5395_30_30_assembly.fasta	AI-5395_30_30_2	4769968	4770960	+	fepG	1-993/993	===============	0/0	100.00	94.66	vfdb	NP_752607	(fepG) iron-enterobactin ABC transporter permease [Enterobactin (VF0228)] [Escherichia coli CFT073]	
AI-5395_30_30_assembly.fasta	AI-5395_30_30_2	4770957	4771772	+	fepC	1-816/816	===============	0/0	100.00	96.94	vfdb	NP_752606	(fepC) ferrienterobactin ABC transporter ATPase [Enterobactin (VF0228)] [Escherichia coli CFT073]	
AI-5395_30_30_assembly.fasta	AI-5395_30_30_2	4773146	4776999	-	entF	1-3854/3882	===============	0/0	99.28	95.69	vfdb	NP_752604	(entF) enterobactin synthase multienzyme complex component ATP-dependent [Enterobactin (VF0228)] [Escherichia coli CFT073]	
AI-5395_30_30_assembly.fasta	AI-5395_30_30_2	4777217	4778419	-	fes	1-1203/1203	===============	0/0	100.00	96.76	vfdb	NP_752602	(fes) enterobactin/ferric enterobactin esterase [enterobactin (IA019)] [Escherichia coli CFT073]	
AI-5395_30_30_assembly.fasta	AI-5395_30_30_2	4778662	4780902	+	fepA	1-2241/2241	===============	0/0	100.00	97.37	vfdb	NP_752600	(fepA) ferrienterobactin outer membrane transporter [Enterobactin (VF0228)] [Escherichia coli CFT073]	
AI-5395_30_30_assembly.fasta	AI-5395_30_30_2	4780927	4781697	+	entD	1-771/771	===============	0/0	100.00	93.26	vfdb	NP_752599	(entD) phosphopantetheinyl transferase component of enterobactin synthase multienzyme complex [Enterobactin (VF0228)] [Escherichia coli CFT073]	
AI-5395_31_31_assembly.fasta	AI-5395_31_31_1	494454	495706	-	espR1	1-1253/1260	===============	0/0	99.44	97.13	vfdb	NP_287686	(espR1) Type III secretion system effector espR1 [LEE encoded T3SS (SS020)] [Escherichia coli O157:H7 str. EDL933]	
AI-5395_31_31_assembly.fasta	AI-5395_31_31_1	774643	776541	+	espL1	1-1899/1899	===============	0/0	100.00	97.95	vfdb	NP_288154	(espL1) Type III secretion system effector espL1 [LEE encoded T3SS (SS020)] [Escherichia coli O157:H7 str. EDL933]	
AI-5395_31_31_assembly.fasta	AI-5395_31_31_1	983095	984220	-	espR4	1-1139/1140	========/======	8/19	98.51	82.92	vfdb	NP_288396	(espR4) Type III secretion system effector espR4 [LEE encoded T3SS (SS020)] [Escherichia coli O157:H7 str. EDL933]	
AI-5395_31_31_assembly.fasta	AI-5395_31_31_1	2091172	2091594	-	gspM	1-423/423	===============	0/0	100.00	96.22	vfdb	YP_404609	(gspM) general secretion pathway protein M [T2SS (VF0333)] [Shigella dysenteriae Sd197]	
AI-5395_31_31_assembly.fasta	AI-5395_31_31_1	2091710	2092570	-	gspL	1-861/861	===============	0/0	100.00	96.98	vfdb	YP_404608	(gspL) general secretion pathway protein L [T2SS (VF0333)] [Shigella dysenteriae Sd197]	
AI-5395_31_31_assembly.fasta	AI-5395_31_31_1	2092885	2093862	-	gspK	1-978/978	===============	0/0	100.00	97.65	vfdb	YP_404607	(gspK) general secretion pathway protein K [T2SS (VF0333)] [Shigella dysenteriae Sd197]	
AI-5395_31_31_assembly.fasta	AI-5395_31_31_1	2093859	2094428	-	gspJ	1-570/570	===============	0/0	100.00	97.02	vfdb	YP_404606	(gspJ) general secretion pathway protein J [T2SS (VF0333)] [Shigella dysenteriae Sd197]	
AI-5395_31_31_assembly.fasta	AI-5395_31_31_1	2094461	2094832	-	gspI	1-372/372	===============	0/0	100.00	95.97	vfdb	YP_404605	(gspI) general secretion pathway protein I [T2SS (VF0333)] [Shigella dysenteriae Sd197]	
AI-5395_31_31_assembly.fasta	AI-5395_31_31_1	2094829	2095359	-	gspH	1-531/531	===============	0/0	100.00	98.12	vfdb	YP_404604	(gspH) general secretion pathway protein H [T2SS (VF0333)] [Shigella dysenteriae Sd197]	
AI-5395_31_31_assembly.fasta	AI-5395_31_31_1	2095396	2095851	-	gspG	1-456/456	===============	0/0	100.00	97.15	vfdb	YP_404603	(gspG) general secretion pathway protein G [T2SS (VF0333)] [Shigella dysenteriae Sd197]	
AI-5395_31_31_assembly.fasta	AI-5395_31_31_1	2095892	2097091	-	gspF	1-1200/1200	===============	0/0	100.00	96.33	vfdb	YP_404602	(gspF) general secretion pathway protein F [T2SS (VF0333)] [Shigella dysenteriae Sd197]	
AI-5395_31_31_assembly.fasta	AI-5395_31_31_1	2097091	2098584	-	gspE	1-1494/1494	===============	0/0	100.00	97.86	vfdb	YP_404601	(gspE) general secretion pathway protein E [T2SS (VF0333)] [Shigella dysenteriae Sd197]	
AI-5395_31_31_assembly.fasta	AI-5395_31_31_1	2098584	2100434	-	gspD	1-1836/1836	========/======	1/15	100.00	97.62	vfdb	YP_404600	(gspD) general secretion pathway protein D [T2SS (VF0333)] [Shigella dysenteriae Sd197]	
AI-5395_31_31_assembly.fasta	AI-5395_31_31_1	2100674	2101504	-	gspC	1-831/831	===============	0/0	100.00	96.87	vfdb	YP_404599	(gspC) general secretion pathway protein C [T2SS (VF0333)] [Shigella dysenteriae Sd197]	
AI-5395_31_31_assembly.fasta	AI-5395_31_31_1	2624558	2625586	-	shuS	1-1029/1029	===============	0/0	100.00	98.93	vfdb	YP_405020	(shuS) heme/hemoglobin transport protein ShuS [Shu (VF0256)] [Shigella dysenteriae Sd197]	
AI-5395_31_31_assembly.fasta	AI-5395_31_31_1	2625635	2627617	-	shuA	1-1983/1983	===============	0/0	100.00	99.44	vfdb	YP_405019	(shuA) outer membrane heme/hemoglobin receptor ShuA [Shu (VF0256)] [Shigella dysenteriae Sd197]	
AI-5395_31_31_assembly.fasta	AI-5395_31_31_1	2628221	2629213	+	shuT	1-993/993	===============	0/0	100.00	97.58	vfdb	YP_405017	(shuT) periplasmic binding protein ShuT [Shu (VF0256)] [Shigella dysenteriae Sd197]	
AI-5395_31_31_assembly.fasta	AI-5395_31_31_1	2629233	2630570	+	chuW	1-1338/1338	===============	0/0	100.00	96.26	vfdb	NP_756176	(chuW) Putative oxygen independent coproporphyrinogen III oxidase [Chu (VF0227)] [Escherichia coli CFT073]	
AI-5395_31_31_assembly.fasta	AI-5395_31_31_1	2630583	2631077	+	shuX	1-495/495	===============	0/0	100.00	98.18	vfdb	YP_405016	(shuX) shu locus protein ShuX [Shu (VF0256)] [Shigella dysenteriae Sd197]	
AI-5395_31_31_assembly.fasta	AI-5395_31_31_1	2631077	2631696	+	shuY	1-620/624	===============	0/0	99.36	98.87	vfdb	YP_405015	(shuY) shu locus protein ShuY [Shu (VF0256)] [Shigella dysenteriae Sd197]	
AI-5395_31_31_assembly.fasta	AI-5395_31_31_1	2631749	2632741	+	chuU	1-993/993	===============	0/0	100.00	98.59	vfdb	NP_756179	(chuU) heme permease protein ChuU [Chu (VF0227)] [Escherichia coli CFT073]	
AI-5395_31_31_assembly.fasta	AI-5395_31_31_1	2632708	2633508	+	chuV	1-801/801	===============	0/0	100.00	98.00	vfdb	NP_756180	(chuV) ATP-binding hydrophilic protein ChuV [Chu (VF0227)] [Escherichia coli CFT073]	
AI-5395_31_31_assembly.fasta	AI-5395_31_31_1	2900310	2902718	-	espY4	1-2409/2409	===============	0/0	100.00	96.26	vfdb	NP_290352	(espY4) Type III secretion system effector EspY4 [LEE encoded T3SS (SS020)] [Escherichia coli O157:H7 str. EDL933]	
AI-5395_31_31_assembly.fasta	AI-5395_31_31_1	2990421	2991849	-	aslA	1-1428/1428	========/======	1/1	100.00	94.05	vfdb	AAG10151	(aslA) putative arylsulfatase [AslA (VF0238)] [Escherichia coli O18:K1:H7 str. RS218]	
AI-5395_31_31_assembly.fasta	AI-5395_31_31_1	3271360	3273546	-	espL4	1-2187/2187	===============	0/0	100.00	98.58	vfdb	NP_290644	(espL4) Type III secretion system effector EspL4 [LEE encoded T3SS (SS020)] [Escherichia coli O157:H7 str. EDL933]	
AI-5395_31_31_assembly.fasta	AI-5395_31_31_1	3307860	3309440	+	espX4	1-1581/1581	===============	0/0	100.00	96.46	vfdb	NP_290672	(espX4) Type III secretion system effector EspX4 [LEE encoded T3SS (SS020)] [Escherichia coli O157:H7 str. EDL933]	
AI-5395_31_31_assembly.fasta	AI-5395_31_31_1	3339002	3340294	-	espX5	1-1293/1293	===============	0/0	100.00	97.06	vfdb	NP_290699	(espX5) Type III secretion system effector EspX5 [LEE encoded T3SS (SS020)] [Escherichia coli O157:H7 str. EDL933]	
AI-5395_31_31_assembly.fasta	AI-5395_31_31_1	3620732	3621265	+	fimF	1-534/534	===============	0/0	100.00	97.75	vfdb	NP_757245	(fimF) FimF protein precursor [Type 1 fimbriae (VF0221)] [Escherichia coli CFT073]	
AI-5395_31_31_assembly.fasta	AI-5395_31_31_1	3621278	3621781	+	fimG	1-504/504	===============	0/0	100.00	98.02	vfdb	NP_757247	(fimG) FimG protein precursor [Type 1 fimbriae (VF0221)] [Escherichia coli CFT073]	
AI-5395_31_31_assembly.fasta	AI-5395_31_31_1	3621792	3622703	+	fimH	1-912/912	===============	0/0	100.00	97.26	vfdb	NP_757248	(fimH) FimH protein precursor [Type 1 fimbriae (VF0221)] [Escherichia coli CFT073]	
AI-5395_31_31_assembly.fasta	AI-5395_31_31_1	3720326	3721747	-	espX1	1-1422/1422	===============	0/0	100.00	95.71	vfdb	NP_285716	(espX1) Type III secretion system effector EspX1 [LEE encoded T3SS (SS020)] [Escherichia coli O157:H7 str. EDL933]	
AI-5395_31_31_assembly.fasta	AI-5395_31_31_1	3775777	3776346	+	espY2	1-570/570	===============	0/0	100.00	95.97	vfdb	NP_285765	(espY2) Type III secretion system effector EspY2 [LEE encoded T3SS (SS020)] [Escherichia coli O157:H7 str. EDL933]	
AI-5395_31_31_assembly.fasta	AI-5395_31_31_1	3993377	3994130	-	yagV/ecpE	1-754/756	===============	0/0	99.74	98.28	vfdb	NP_286006	(yagV/ecpE) E. coli common pilus chaperone EcpE [ECP (VF0404)] [Escherichia coli O157:H7 str. EDL933]	
AI-5395_31_31_assembly.fasta	AI-5395_31_31_1	3994054	3995697	-	yagW/ecpD	1-1644/1644	===============	0/0	100.00	99.03	vfdb	NP_286007	(yagW/ecpD) polymerized tip adhesin of ECP fibers [ECP (VF0404)] [Escherichia coli O157:H7 str. EDL933]	
AI-5395_31_31_assembly.fasta	AI-5395_31_31_1	3995687	3998212	-	yagX/ecpC	1-2526/2526	===============	0/0	100.00	98.93	vfdb	NP_286008	(yagX/ecpC) E. coli common pilus usher EcpC [ECP (VF0404)] [Escherichia coli O157:H7 str. EDL933]	
AI-5395_31_31_assembly.fasta	AI-5395_31_31_1	3998238	3998906	-	yagY/ecpB	1-669/669	===============	0/0	100.00	98.21	vfdb	NP_286009	(yagY/ecpB) E. coli common pilus chaperone EcpB [ECP (VF0404)] [Escherichia coli O157:H7 str. EDL933]	
AI-5395_31_31_assembly.fasta	AI-5395_31_31_1	3998964	3999551	-	yagZ/ecpA	1-588/588	===============	0/0	100.00	99.32	vfdb	NP_286010	(yagZ/ecpA) E. coli common pilus structural subunit EcpA [ECP (VF0404)] [Escherichia coli O157:H7 str. EDL933]	
AI-5395_31_31_assembly.fasta	AI-5395_31_31_1	3999626	4000216	-	ykgK/ecpR	1-591/591	===============	0/0	100.00	97.63	vfdb	NP_286011	(ykgK/ecpR) regulator protein EcpR [ECP (VF0404)] [Escherichia coli O157:H7 str. EDL933]	
AI-5395_31_31_assembly.fasta	AI-5395_31_31_1	4009533	4013746	+	fdeC	1-4217/4251	========/======	1/3	99.13	91.94	vfdb	YP_002390132	(fdeC) adhesin FdeC [FdeC (VF0506)] [Escherichia coli O45:K1:H7 str. S88]	
AI-5395_31_31_assembly.fasta	AI-5395_31_31_1	4146248	4147819	-	espY3	1-1572/1572	===============	0/0	100.00	98.22	vfdb	NP_286160	(espY3) Type III secretion system effector EspY3 [LEE encoded T3SS (SS020)] [Escherichia coli O157:H7 str. EDL933]	
AI-5395_31_31_assembly.fasta	AI-5395_31_31_1	4335744	4336514	-	entD	1-771/771	===============	0/0	100.00	94.03	vfdb	NP_752599	(entD) phosphopantetheinyl transferase component of enterobactin synthase multienzyme complex [Enterobactin (VF0228)] [Escherichia coli CFT073]	
AI-5395_31_31_assembly.fasta	AI-5395_31_31_1	4336539	4338779	-	fepA	1-2241/2241	===============	0/0	100.00	97.19	vfdb	NP_752600	(fepA) ferrienterobactin outer membrane transporter [Enterobactin (VF0228)] [Escherichia coli CFT073]	
AI-5395_31_31_assembly.fasta	AI-5395_31_31_1	4339022	4340224	+	fes	1-1203/1203	===============	0/0	100.00	96.67	vfdb	NP_752602	(fes) enterobactin/ferric enterobactin esterase [enterobactin (IA019)] [Escherichia coli CFT073]	
AI-5395_31_31_assembly.fasta	AI-5395_31_31_1	4340442	4344295	+	entF	1-3854/3882	===============	0/0	99.28	95.51	vfdb	NP_752604	(entF) enterobactin synthase multienzyme complex component ATP-dependent [Enterobactin (VF0228)] [Escherichia coli CFT073]	
AI-5395_31_31_assembly.fasta	AI-5395_31_31_1	4345669	4346484	-	fepC	1-816/816	===============	0/0	100.00	96.45	vfdb	NP_752606	(fepC) ferrienterobactin ABC transporter ATPase [Enterobactin (VF0228)] [Escherichia coli CFT073]	
AI-5395_31_31_assembly.fasta	AI-5395_31_31_1	4346481	4347473	-	fepG	1-993/993	===============	0/0	100.00	94.16	vfdb	NP_752607	(fepG) iron-enterobactin ABC transporter permease [Enterobactin (VF0228)] [Escherichia coli CFT073]	
AI-5395_31_31_assembly.fasta	AI-5395_31_31_1	4347470	4348486	-	fepD	1-1017/1017	===============	0/0	100.00	96.17	vfdb	NP_752608	(fepD) ferrienterobactin ABC transporter permease [Enterobactin (VF0228)] [Escherichia coli CFT073]	
AI-5395_31_31_assembly.fasta	AI-5395_31_31_1	4348585	4349835	+	entS	1-1251/1251	===============	0/0	100.00	95.84	vfdb	NP_752609	(entS) enterobactin exporter iron-regulated [enterobactin (IA019)] [Escherichia coli CFT073]	
AI-5395_31_31_assembly.fasta	AI-5395_31_31_1	4349839	4350795	-	fepB	1-957/957	===============	0/0	100.00	96.97	vfdb	NP_752610	(fepB) ferrienterobactin ABC transporter periplasmic binding protein [Enterobactin (VF0228)] [Escherichia coli CFT073]	
AI-5395_31_31_assembly.fasta	AI-5395_31_31_1	4350972	4352159	+	entC	1-1188/1188	===============	0/0	100.00	97.90	vfdb	NP_752611	(entC) isochorismate synthase 1 [Enterobactin (VF0228)] [Escherichia coli CFT073]	
AI-5395_31_31_assembly.fasta	AI-5395_31_31_1	4352169	4353779	+	entE	1-1611/1611	===============	0/0	100.00	95.90	vfdb	NP_752612	(entE) 23-dihydroxybenzoate-AMP ligase component of enterobactin synthase multienzyme complex [Enterobactin (VF0228)] [Escherichia coli CFT073]	
AI-5395_31_31_assembly.fasta	AI-5395_31_31_1	4353793	4354650	+	entB	1-858/858	===============	0/0	100.00	98.02	vfdb	NP_752613	(entB) isochorismatase [Enterobactin (VF0228)] [Escherichia coli CFT073]	
AI-5395_31_31_assembly.fasta	AI-5395_31_31_1	4354650	4355396	+	entA	1-747/747	===============	0/0	100.00	96.25	vfdb	NP_752614	(entA) 23-dihydro-23-dihydroxybenzoate dehydrogenase [Enterobactin (VF0228)] [Escherichia coli CFT073]	
AI-5395_31_31_assembly.fasta	AI-5395_31_31_1	4584452	4586464	+	espX2	1-2013/2013	===============	0/0	100.00	97.52	vfdb	NP_286562	(espX2) Type III secretion system effector EspX2 [LEE encoded T3SS (SS020)] [Escherichia coli O157:H7 str. EDL933]	
AI-5395_31_31_assembly.fasta	AI-5395_31_31_1	4787611	4788663	-	ompA	1-1041/1041	========/======	1/12	100.00	94.02	vfdb	AAF37887	(ompA) outer membrane protein A [OmpA (VF0236)] [Escherichia coli O18:K1:H7 str. RS218]	
AI-5395_31_31_assembly.fasta	AI-5395_31_31_1	4860622	4861455	-	csgG	1-834/834	===============	0/0	100.00	83.21	vfdb	NP_460110	(csgG) curli production assembly/transport protein CsgG [Agf (VF0103)] [Salmonella enterica subsp. enterica serovar Typhimurium str. LT2]	
AI-5395_31_31_assembly.fasta	AI-5395_31_31_1	4861482	4861898	-	csgF	1-417/417	========/======	3/8	99.04	81.23	vfdb	NP_460111	(csgF) curli production assembly/transport protein CsgF [Agf (VF0103)] [Salmonella enterica subsp. enterica serovar Typhimurium str. LT2]	
AI-5395_31_31_assembly.fasta	AI-5395_31_31_1	4862317	4862967	-	csgD	1-651/651	===============	0/0	100.00	81.41	vfdb	NP_460113	(csgD) DNA-binding transcriptional regulator CsgD [curli fibers/thin aggregative fimbriae (AGF) (AI094)] [Salmonella enterica subsp. enterica serovar Typhimurium str. LT2]	
AI-5395_31_31_assembly.fasta	AI-5395_31_31_1	4863721	4864176	+	csgB	1-456/456	========/======	2/2	99.78	83.59	vfdb	NP_460114	(csgB) minor curlin subunit precursor curli nucleator protein CsgB [Agf (VF0103)] [Salmonella enterica subsp. enterica serovar Typhimurium str. LT2]	
AI-5395_32_32_assembly.fasta	AI-5395_32_32_2	340529	342428	-	espL1	1-1899/1899	========/======	1/1	100.00	97.47	vfdb	NP_288154	(espL1) Type III secretion system effector espL1 [LEE encoded T3SS (SS020)] [Escherichia coli O157:H7 str. EDL933]	
AI-5395_32_32_assembly.fasta	AI-5395_32_32_2	1010036	1010491	-	csgB	1-456/456	========/======	2/2	99.78	83.81	vfdb	NP_460114	(csgB) minor curlin subunit precursor curli nucleator protein CsgB [Agf (VF0103)] [Salmonella enterica subsp. enterica serovar Typhimurium str. LT2]	
AI-5395_32_32_assembly.fasta	AI-5395_32_32_2	1011245	1011895	+	csgD	1-651/651	===============	0/0	100.00	81.11	vfdb	NP_460113	(csgD) DNA-binding transcriptional regulator CsgD [curli fibers/thin aggregative fimbriae (AGF) (AI094)] [Salmonella enterica subsp. enterica serovar Typhimurium str. LT2]	
AI-5395_32_32_assembly.fasta	AI-5395_32_32_2	1012314	1012730	+	csgF	1-417/417	========/======	3/8	99.04	81.23	vfdb	NP_460111	(csgF) curli production assembly/transport protein CsgF [Agf (VF0103)] [Salmonella enterica subsp. enterica serovar Typhimurium str. LT2]	
AI-5395_32_32_assembly.fasta	AI-5395_32_32_2	1012757	1013590	+	csgG	1-834/834	===============	0/0	100.00	83.09	vfdb	NP_460110	(csgG) curli production assembly/transport protein CsgG [Agf (VF0103)] [Salmonella enterica subsp. enterica serovar Typhimurium str. LT2]	
AI-5395_32_32_assembly.fasta	AI-5395_32_32_2	1083765	1084817	+	ompA	1-1041/1041	========/======	1/12	100.00	94.11	vfdb	AAF37887	(ompA) outer membrane protein A [OmpA (VF0236)] [Escherichia coli O18:K1:H7 str. RS218]	
AI-5395_32_32_assembly.fasta	AI-5395_32_32_2	1484937	1485683	-	entA	1-747/747	===============	0/0	100.00	95.72	vfdb	NP_752614	(entA) 23-dihydro-23-dihydroxybenzoate dehydrogenase [Enterobactin (VF0228)] [Escherichia coli CFT073]	
AI-5395_32_32_assembly.fasta	AI-5395_32_32_2	1485683	1486540	-	entB	1-858/858	===============	0/0	100.00	98.14	vfdb	NP_752613	(entB) isochorismatase [Enterobactin (VF0228)] [Escherichia coli CFT073]	
AI-5395_32_32_assembly.fasta	AI-5395_32_32_2	1486554	1488164	-	entE	1-1611/1611	===============	0/0	100.00	95.47	vfdb	NP_752612	(entE) 23-dihydroxybenzoate-AMP ligase component of enterobactin synthase multienzyme complex [Enterobactin (VF0228)] [Escherichia coli CFT073]	
AI-5395_32_32_assembly.fasta	AI-5395_32_32_2	1488174	1489361	-	entC	1-1188/1188	===============	0/0	100.00	97.90	vfdb	NP_752611	(entC) isochorismate synthase 1 [Enterobactin (VF0228)] [Escherichia coli CFT073]	
AI-5395_32_32_assembly.fasta	AI-5395_32_32_2	1489724	1490680	+	fepB	1-957/957	===============	0/0	100.00	97.49	vfdb	NP_752610	(fepB) ferrienterobactin ABC transporter periplasmic binding protein [Enterobactin (VF0228)] [Escherichia coli CFT073]	
AI-5395_32_32_assembly.fasta	AI-5395_32_32_2	1490684	1491934	-	entS	1-1251/1251	===============	0/0	100.00	95.44	vfdb	NP_752609	(entS) enterobactin exporter iron-regulated [enterobactin (IA019)] [Escherichia coli CFT073]	
AI-5395_32_32_assembly.fasta	AI-5395_32_32_2	1492033	1493049	+	fepD	1-1017/1017	===============	0/0	100.00	96.07	vfdb	NP_752608	(fepD) ferrienterobactin ABC transporter permease [Enterobactin (VF0228)] [Escherichia coli CFT073]	
AI-5395_32_32_assembly.fasta	AI-5395_32_32_2	1493046	1494038	+	fepG	1-993/993	===============	0/0	100.00	94.06	vfdb	NP_752607	(fepG) iron-enterobactin ABC transporter permease [Enterobactin (VF0228)] [Escherichia coli CFT073]	
AI-5395_32_32_assembly.fasta	AI-5395_32_32_2	1494035	1494850	+	fepC	1-816/816	===============	0/0	100.00	97.30	vfdb	NP_752606	(fepC) ferrienterobactin ABC transporter ATPase [Enterobactin (VF0228)] [Escherichia coli CFT073]	
AI-5395_32_32_assembly.fasta	AI-5395_32_32_2	1496224	1500077	-	entF	1-3854/3882	===============	0/0	99.28	95.69	vfdb	NP_752604	(entF) enterobactin synthase multienzyme complex component ATP-dependent [Enterobactin (VF0228)] [Escherichia coli CFT073]	
AI-5395_32_32_assembly.fasta	AI-5395_32_32_2	1500295	1501497	-	fes	1-1203/1203	===============	0/0	100.00	96.67	vfdb	NP_752602	(fes) enterobactin/ferric enterobactin esterase [enterobactin (IA019)] [Escherichia coli CFT073]	
AI-5395_32_32_assembly.fasta	AI-5395_32_32_2	1501740	1503980	+	fepA	1-2241/2241	===============	0/0	100.00	96.74	vfdb	NP_752600	(fepA) ferrienterobactin outer membrane transporter [Enterobactin (VF0228)] [Escherichia coli CFT073]	
AI-5395_32_32_assembly.fasta	AI-5395_32_32_2	1504005	1504775	+	entD	1-771/771	===============	0/0	100.00	95.20	vfdb	NP_752599	(entD) phosphopantetheinyl transferase component of enterobactin synthase multienzyme complex [Enterobactin (VF0228)] [Escherichia coli CFT073]	
AI-5395_32_32_assembly.fasta	AI-5395_32_32_2	1971145	1971955	-	espY1	1-753/753	========/======	4/60	99.87	86.82	vfdb	NP_285753	(espY1) Type III secretion system effector EspY1 [LEE encoded T3SS (SS020)] [Escherichia coli O157:H7 str. EDL933]	
AI-5395_32_32_assembly.fasta	AI-5395_32_32_2	2010220	2011640	+	espX1	1-1422/1422	========/======	1/1	99.93	95.29	vfdb	NP_285716	(espX1) Type III secretion system effector EspX1 [LEE encoded T3SS (SS020)] [Escherichia coli O157:H7 str. EDL933]	
AI-5395_32_32_assembly.fasta	AI-5395_32_32_2	2337792	2338104	-	papB	1-313/315	===============	0/0	99.37	99.04	vfdb		(papB) regulatory protein PapB [P fimbriae (VF0220)] [Escherichia coli CFT073]	
AI-5395_32_32_assembly.fasta	AI-5395_32_32_2	2338527	2338747	+	papI	1-221/234	===============	0/0	94.44	98.64	vfdb	NP_755468	(papI) regulatory protein PapI [P fimbriae (VF0220)] [Escherichia coli CFT073]	
AI-5395_32_32_assembly.fasta	AI-5395_32_32_2	2447048	2448340	+	espX5	1-1293/1293	===============	0/0	100.00	97.14	vfdb	NP_290699	(espX5) Type III secretion system effector EspX5 [LEE encoded T3SS (SS020)] [Escherichia coli O157:H7 str. EDL933]	
AI-5395_32_32_assembly.fasta	AI-5395_32_32_2	2477839	2479419	-	espX4	1-1581/1581	========/======	2/2	99.94	93.36	vfdb	NP_290672	(espX4) Type III secretion system effector EspX4 [LEE encoded T3SS (SS020)] [Escherichia coli O157:H7 str. EDL933]	
AI-5395_32_32_assembly.fasta	AI-5395_32_32_2	2507635	2509821	+	espL4	1-2187/2187	===============	0/0	100.00	97.30	vfdb	NP_290644	(espL4) Type III secretion system effector EspL4 [LEE encoded T3SS (SS020)] [Escherichia coli O157:H7 str. EDL933]	
AI-5395_32_32_assembly.fasta	AI-5395_32_32_2	2745310	2746738	+	aslA	1-1428/1428	========/======	1/1	100.00	93.56	vfdb	AAG10151	(aslA) putative arylsulfatase [AslA (VF0238)] [Escherichia coli O18:K1:H7 str. RS218]	
AI-5395_32_32_assembly.fasta	AI-5395_32_32_2	3620593	3621015	+	gspM	1-423/423	===============	0/0	100.00	98.34	vfdb	YP_404609	(gspM) general secretion pathway protein M [T2SS (VF0333)] [Shigella dysenteriae Sd197]	
AI-5395_32_32_assembly.fasta	AI-5395_32_32_3	702	1864	+	iroB	1-1163/1164	===============	0/0	99.91	98.37	vfdb	NP_753168	(iroB) glucosyltransferase IroB [Salmochelin (IA013)] [Escherichia coli CFT073]	
AI-5395_32_32_assembly.fasta	AI-5395_32_32_3	1927	5664	+	iroC	1-3738/3738	===============	0/0	100.00	99.14	vfdb	NP_753167	(iroC) ATP binding cassette transporter [Salmochelin (IA013)] [Escherichia coli CFT073]	
AI-5395_32_32_assembly.fasta	AI-5395_32_32_3	5768	6997	+	iroD	1-1230/1230	===============	0/0	100.00	98.54	vfdb	NP_753166	(iroD) esterase [Salmochelin (IA013)] [Escherichia coli CFT073]	
AI-5395_32_32_assembly.fasta	AI-5395_32_32_3	7082	8038	+	iroE	1-957/957	===============	0/0	100.00	99.48	vfdb	NP_753165	(iroE) esterase [Salmochelin (IA013)] [Escherichia coli CFT073]	
AI-5395_32_32_assembly.fasta	AI-5395_32_32_3	8083	10260	-	iroN	1-2178/2178	===============	0/0	100.00	99.13	vfdb	NP_753164	(iroN) salmochelin receptor IroN [IroN (VF0230)] [Escherichia coli CFT073]	
AI-5395_32_32_assembly.fasta	AI-5395_32_32_3	124179	126480	-	iutA	1-2280/2280	========/======	3/24	99.96	88.41	vfdb	NP_755498	(iutA) ferric aerobactin receptor precusor IutA [Aerobactin (VF0229)] [Escherichia coli CFT073]	
AI-5395_32_32_assembly.fasta	AI-5395_32_32_3	126418	127739	-	iucD	1-1323/1338	========/======	1/1	98.80	96.30	vfdb	NP_755499	(iucD) L-lysine 6-monooxygenase IucD [Aerobactin (VF0229)] [Escherichia coli CFT073]	
AI-5395_32_32_assembly.fasta	AI-5395_32_32_3	127736	129478	-	iucC	1-1743/1743	===============	0/0	100.00	96.04	vfdb	NP_755500	(iucC) aerobactin siderophore biosynthesis protein IucC [Aerobactin (VF0229)] [Escherichia coli CFT073]	
AI-5395_32_32_assembly.fasta	AI-5395_32_32_3	129478	130425	-	iucB	1-948/948	===============	0/0	100.00	95.67	vfdb	NP_755501	(iucB) aerobactin siderophore biosynthesis protein IucB [Aerobactin (VF0229)] [Escherichia coli CFT073]	
AI-5395_32_32_assembly.fasta	AI-5395_32_32_3	130426	132213	-	iucA	1-1788/1788	===============	0/0	100.00	94.30	vfdb	NP_755502	(iucA) aerobactin siderophore biosynthesis protein IucD [Aerobactin (VF0229)] [Escherichia coli CFT073]	
AI-5395_33_33_assembly.fasta	AI-5395_33_33_1	416070	417968	-	espL1	1-1899/1899	===============	0/0	100.00	94.94	vfdb	NP_288154	(espL1) Type III secretion system effector espL1 [LEE encoded T3SS (SS020)] [Escherichia coli O157:H7 str. EDL933]	
AI-5395_33_33_assembly.fasta	AI-5395_33_33_1	707422	708477	+	espR1	198-1253/1260	..=============	0/0	83.81	94.41	vfdb	NP_287686	(espR1) Type III secretion system effector espR1 [LEE encoded T3SS (SS020)] [Escherichia coli O157:H7 str. EDL933]	
AI-5395_33_33_assembly.fasta	AI-5395_33_33_1	1194529	1194984	-	csgB	1-456/456	========/======	2/2	99.78	83.81	vfdb	NP_460114	(csgB) minor curlin subunit precursor curli nucleator protein CsgB [Agf (VF0103)] [Salmonella enterica subsp. enterica serovar Typhimurium str. LT2]	
AI-5395_33_33_assembly.fasta	AI-5395_33_33_1	1195738	1196388	+	csgD	1-651/651	===============	0/0	100.00	81.11	vfdb	NP_460113	(csgD) DNA-binding transcriptional regulator CsgD [curli fibers/thin aggregative fimbriae (AGF) (AI094)] [Salmonella enterica subsp. enterica serovar Typhimurium str. LT2]	
AI-5395_33_33_assembly.fasta	AI-5395_33_33_1	1196807	1197223	+	csgF	1-417/417	========/======	3/8	99.04	81.23	vfdb	NP_460111	(csgF) curli production assembly/transport protein CsgF [Agf (VF0103)] [Salmonella enterica subsp. enterica serovar Typhimurium str. LT2]	
AI-5395_33_33_assembly.fasta	AI-5395_33_33_1	1197250	1198083	+	csgG	1-834/834	===============	0/0	100.00	82.97	vfdb	NP_460110	(csgG) curli production assembly/transport protein CsgG [Agf (VF0103)] [Salmonella enterica subsp. enterica serovar Typhimurium str. LT2]	
AI-5395_33_33_assembly.fasta	AI-5395_33_33_1	1278765	1279805	+	ompA	1-1041/1041	===============	0/0	100.00	98.08	vfdb	AAF37887	(ompA) outer membrane protein A [OmpA (VF0236)] [Escherichia coli O18:K1:H7 str. RS218]	
AI-5395_33_33_assembly.fasta	AI-5395_33_33_1	1667379	1668125	-	entA	1-747/747	===============	0/0	100.00	95.05	vfdb	NP_752614	(entA) 23-dihydro-23-dihydroxybenzoate dehydrogenase [Enterobactin (VF0228)] [Escherichia coli CFT073]	
AI-5395_33_33_assembly.fasta	AI-5395_33_33_1	1668125	1668982	-	entB	1-858/858	===============	0/0	100.00	97.79	vfdb	NP_752613	(entB) isochorismatase [Enterobactin (VF0228)] [Escherichia coli CFT073]	
AI-5395_33_33_assembly.fasta	AI-5395_33_33_1	1668996	1670606	-	entE	1-1611/1611	===============	0/0	100.00	96.03	vfdb	NP_752612	(entE) 23-dihydroxybenzoate-AMP ligase component of enterobactin synthase multienzyme complex [Enterobactin (VF0228)] [Escherichia coli CFT073]	
AI-5395_33_33_assembly.fasta	AI-5395_33_33_1	1670616	1671803	-	entC	1-1188/1188	===============	0/0	100.00	97.56	vfdb	NP_752611	(entC) isochorismate synthase 1 [Enterobactin (VF0228)] [Escherichia coli CFT073]	
AI-5395_33_33_assembly.fasta	AI-5395_33_33_1	1672166	1673122	+	fepB	1-957/957	===============	0/0	100.00	97.39	vfdb	NP_752610	(fepB) ferrienterobactin ABC transporter periplasmic binding protein [Enterobactin (VF0228)] [Escherichia coli CFT073]	
AI-5395_33_33_assembly.fasta	AI-5395_33_33_1	1673126	1674376	-	entS	1-1251/1251	===============	0/0	100.00	95.60	vfdb	NP_752609	(entS) enterobactin exporter iron-regulated [enterobactin (IA019)] [Escherichia coli CFT073]	
AI-5395_33_33_assembly.fasta	AI-5395_33_33_1	1674475	1675491	+	fepD	1-1017/1017	===============	0/0	100.00	95.77	vfdb	NP_752608	(fepD) ferrienterobactin ABC transporter permease [Enterobactin (VF0228)] [Escherichia coli CFT073]	
AI-5395_33_33_assembly.fasta	AI-5395_33_33_1	1675488	1676480	+	fepG	1-993/993	===============	0/0	100.00	94.76	vfdb	NP_752607	(fepG) iron-enterobactin ABC transporter permease [Enterobactin (VF0228)] [Escherichia coli CFT073]	
AI-5395_33_33_assembly.fasta	AI-5395_33_33_1	1676477	1677292	+	fepC	1-816/816	===============	0/0	100.00	97.06	vfdb	NP_752606	(fepC) ferrienterobactin ABC transporter ATPase [Enterobactin (VF0228)] [Escherichia coli CFT073]	
AI-5395_33_33_assembly.fasta	AI-5395_33_33_1	1678666	1682519	-	entF	1-3854/3882	===============	0/0	99.28	95.48	vfdb	NP_752604	(entF) enterobactin synthase multienzyme complex component ATP-dependent [Enterobactin (VF0228)] [Escherichia coli CFT073]	
AI-5395_33_33_assembly.fasta	AI-5395_33_33_1	1682737	1683939	-	fes	1-1203/1203	===============	0/0	100.00	96.76	vfdb	NP_752602	(fes) enterobactin/ferric enterobactin esterase [enterobactin (IA019)] [Escherichia coli CFT073]	
AI-5395_33_33_assembly.fasta	AI-5395_33_33_1	1684182	1686422	+	fepA	1-2241/2241	===============	0/0	100.00	96.74	vfdb	NP_752600	(fepA) ferrienterobactin outer membrane transporter [Enterobactin (VF0228)] [Escherichia coli CFT073]	
AI-5395_33_33_assembly.fasta	AI-5395_33_33_1	1686447	1687217	+	entD	1-771/771	===============	0/0	100.00	94.03	vfdb	NP_752599	(entD) phosphopantetheinyl transferase component of enterobactin synthase multienzyme complex [Enterobactin (VF0228)] [Escherichia coli CFT073]	
AI-5395_33_33_assembly.fasta	AI-5395_33_33_1	2023888	2028113	-	fdeC	1-4229/4251	========/======	1/3	99.41	90.73	vfdb	YP_002390132	(fdeC) adhesin FdeC [FdeC (VF0506)] [Escherichia coli O45:K1:H7 str. S88]	
AI-5395_33_33_assembly.fasta	AI-5395_33_33_1	2031133	2031723	+	ykgK/ecpR	1-591/591	===============	0/0	100.00	97.29	vfdb	NP_286011	(ykgK/ecpR) regulator protein EcpR [ECP (VF0404)] [Escherichia coli O157:H7 str. EDL933]	
AI-5395_33_33_assembly.fasta	AI-5395_33_33_1	2031798	2032385	+	yagZ/ecpA	1-588/588	===============	0/0	100.00	99.15	vfdb	NP_286010	(yagZ/ecpA) E. coli common pilus structural subunit EcpA [ECP (VF0404)] [Escherichia coli O157:H7 str. EDL933]	
AI-5395_33_33_assembly.fasta	AI-5395_33_33_1	2032443	2033111	+	yagY/ecpB	1-669/669	===============	0/0	100.00	98.36	vfdb	NP_286009	(yagY/ecpB) E. coli common pilus chaperone EcpB [ECP (VF0404)] [Escherichia coli O157:H7 str. EDL933]	
AI-5395_33_33_assembly.fasta	AI-5395_33_33_1	2033137	2035662	+	yagX/ecpC	1-2526/2526	===============	0/0	100.00	98.77	vfdb	NP_286008	(yagX/ecpC) E. coli common pilus usher EcpC [ECP (VF0404)] [Escherichia coli O157:H7 str. EDL933]	
AI-5395_33_33_assembly.fasta	AI-5395_33_33_1	2035652	2037295	+	yagW/ecpD	1-1644/1644	===============	0/0	100.00	98.48	vfdb	NP_286007	(yagW/ecpD) polymerized tip adhesin of ECP fibers [ECP (VF0404)] [Escherichia coli O157:H7 str. EDL933]	
AI-5395_33_33_assembly.fasta	AI-5395_33_33_1	2037219	2037972	+	yagV/ecpE	1-754/756	===============	0/0	99.74	97.35	vfdb	NP_286006	(yagV/ecpE) E. coli common pilus chaperone EcpE [ECP (VF0404)] [Escherichia coli O157:H7 str. EDL933]	
AI-5395_33_33_assembly.fasta	AI-5395_33_33_1	2333459	2334880	+	espX1	1-1422/1422	===============	0/0	100.00	95.15	vfdb	NP_285716	(espX1) Type III secretion system effector EspX1 [LEE encoded T3SS (SS020)] [Escherichia coli O157:H7 str. EDL933]	
AI-5395_33_33_assembly.fasta	AI-5395_33_33_1	2445847	2446758	-	fimH	1-912/912	===============	0/0	100.00	97.81	vfdb	NP_757248	(fimH) FimH protein precursor [Type 1 fimbriae (VF0221)] [Escherichia coli CFT073]	
AI-5395_33_33_assembly.fasta	AI-5395_33_33_1	2446769	2447272	-	fimG	1-504/504	===============	0/0	100.00	98.21	vfdb	NP_757247	(fimG) FimG protein precursor [Type 1 fimbriae (VF0221)] [Escherichia coli CFT073]	
AI-5395_33_33_assembly.fasta	AI-5395_33_33_1	2447285	2447818	-	fimF	1-534/534	===============	0/0	100.00	97.75	vfdb	NP_757245	(fimF) FimF protein precursor [Type 1 fimbriae (VF0221)] [Escherichia coli CFT073]	
AI-5395_33_33_assembly.fasta	AI-5395_33_33_1	2447825	2450461	-	fimD	1-2637/2637	===============	0/0	100.00	98.75	vfdb	NP_757244	(fimD) Outer membrane usher protein fimD precursor [Type 1 fimbriae (VF0221)] [Escherichia coli CFT073]	
AI-5395_33_33_assembly.fasta	AI-5395_33_33_1	2450528	2451253	-	fimC	1-726/726	===============	0/0	100.00	98.62	vfdb	NP_757243	(fimC) Chaperone protein fimC precursor [Type 1 fimbriae (VF0221)] [Escherichia coli CFT073]	
AI-5395_33_33_assembly.fasta	AI-5395_33_33_1	2451290	2451829	-	fimI	1-540/540	===============	0/0	100.00	99.07	vfdb	NP_757242	(fimI) Fimbrin-like protein fimI precursor [Type 1 fimbriae (VF0221)] [Escherichia coli CFT073]	
AI-5395_33_33_assembly.fasta	AI-5395_33_33_1	2451894	2452498	-	fimA	1-606/606	========/======	1/1	99.83	90.59	vfdb	NP_757241	(fimA) Type-1 fimbrial protein A chain precursor [Type 1 fimbriae (VF0221)] [Escherichia coli CFT073]	
AI-5395_33_33_assembly.fasta	AI-5395_33_33_1	2452922	2453518	-	fimE	1-597/597	===============	0/0	100.00	99.16	vfdb	NP_757240	(fimE) Type 1 fimbriae Regulatory protein fimE [Type 1 fimbriae (VF0221)] [Escherichia coli CFT073]	
AI-5395_33_33_assembly.fasta	AI-5395_33_33_1	2453996	2454598	-	fimB	1-603/603	===============	0/0	100.00	98.18	vfdb	NP_757239	(fimB) Type 1 fimbriae Regulatory protein fimB [Type 1 fimbriae (VF0221)] [Escherichia coli CFT073]	
AI-5395_33_33_assembly.fasta	AI-5395_33_33_1	2700879	2702171	+	espX5	1-1293/1293	===============	0/0	100.00	95.67	vfdb	NP_290699	(espX5) Type III secretion system effector EspX5 [LEE encoded T3SS (SS020)] [Escherichia coli O157:H7 str. EDL933]	
AI-5395_33_33_assembly.fasta	AI-5395_33_33_1	2731697	2733277	-	espX4	1-1581/1581	========/======	2/2	99.94	92.98	vfdb	NP_290672	(espX4) Type III secretion system effector EspX4 [LEE encoded T3SS (SS020)] [Escherichia coli O157:H7 str. EDL933]	
AI-5395_33_33_assembly.fasta	AI-5395_33_33_1	2908750	2909526	+	cdtA	1-777/777	===============	0/0	100.00	100.00	vfdb	CAD48849	(cdtA) cytolethal distending toxin A [CDT (VF0185)] [Escherichia coli O157:H str. 493/89]	
AI-5395_33_33_assembly.fasta	AI-5395_33_33_1	2909523	2910332	+	cdtB	1-810/810	===============	0/0	100.00	99.63	vfdb	CAD48850	(cdtB) cytolethal distending toxin B [CDT (VF0185)] [Escherichia coli O157:H str. 493/89]	
AI-5395_33_33_assembly.fasta	AI-5395_33_33_1	2910347	2910892	+	cdtC	1-546/546	===============	0/0	100.00	99.27	vfdb	CAD48851	(cdtC) cytolethal distending toxin C [CDT (VF0185)] [Escherichia coli O157:H str. 493/89]	
AI-5395_33_33_assembly.fasta	AI-5395_33_33_1	3926021	3926851	+	gspC	1-831/831	===============	0/0	100.00	94.95	vfdb	YP_404599	(gspC) general secretion pathway protein C [T2SS (VF0333)] [Shigella dysenteriae Sd197]	
AI-5395_33_33_assembly.fasta	AI-5395_33_33_1	3927091	3928941	+	gspD	1-1836/1836	========/======	1/15	100.00	97.08	vfdb	YP_404600	(gspD) general secretion pathway protein D [T2SS (VF0333)] [Shigella dysenteriae Sd197]	
AI-5395_33_33_assembly.fasta	AI-5395_33_33_1	3928941	3930434	+	gspE	1-1494/1494	===============	0/0	100.00	96.05	vfdb	YP_404601	(gspE) general secretion pathway protein E [T2SS (VF0333)] [Shigella dysenteriae Sd197]	
AI-5395_33_33_assembly.fasta	AI-5395_33_33_1	3930434	3931633	+	gspF	1-1200/1200	===============	0/0	100.00	96.25	vfdb	YP_404602	(gspF) general secretion pathway protein F [T2SS (VF0333)] [Shigella dysenteriae Sd197]	
AI-5395_33_33_assembly.fasta	AI-5395_33_33_1	3931674	3932129	+	gspG	1-456/456	===============	0/0	100.00	95.61	vfdb	YP_404603	(gspG) general secretion pathway protein G [T2SS (VF0333)] [Shigella dysenteriae Sd197]	
AI-5395_33_33_assembly.fasta	AI-5395_33_33_1	3932166	3932696	+	gspH	1-531/531	===============	0/0	100.00	96.05	vfdb	YP_404604	(gspH) general secretion pathway protein H [T2SS (VF0333)] [Shigella dysenteriae Sd197]	
AI-5395_33_33_assembly.fasta	AI-5395_33_33_1	3932693	3933064	+	gspI	1-372/372	===============	0/0	100.00	95.16	vfdb	YP_404605	(gspI) general secretion pathway protein I [T2SS (VF0333)] [Shigella dysenteriae Sd197]	
AI-5395_33_33_assembly.fasta	AI-5395_33_33_1	3933097	3933666	+	gspJ	1-570/570	===============	0/0	100.00	97.19	vfdb	YP_404606	(gspJ) general secretion pathway protein J [T2SS (VF0333)] [Shigella dysenteriae Sd197]	
AI-5395_33_33_assembly.fasta	AI-5395_33_33_1	3933663	3934640	+	gspK	1-978/978	===============	0/0	100.00	97.85	vfdb	YP_404607	(gspK) general secretion pathway protein K [T2SS (VF0333)] [Shigella dysenteriae Sd197]	
AI-5395_33_33_assembly.fasta	AI-5395_33_33_1	3934955	3935815	+	gspL	1-861/861	===============	0/0	100.00	97.10	vfdb	YP_404608	(gspL) general secretion pathway protein L [T2SS (VF0333)] [Shigella dysenteriae Sd197]	
AI-5395_33_33_assembly.fasta	AI-5395_33_33_1	3935931	3936353	+	gspM	1-423/423	===============	0/0	100.00	94.09	vfdb	YP_404609	(gspM) general secretion pathway protein M [T2SS (VF0333)] [Shigella dysenteriae Sd197]	
AI-5395_34_34_assembly.fasta	AI-5395_34_34_13	71732	73024	+	espX5	1-1293/1293	===============	0/0	100.00	95.59	vfdb	NP_290699	(espX5) Type III secretion system effector EspX5 [LEE encoded T3SS (SS020)] [Escherichia coli O157:H7 str. EDL933]	
AI-5395_34_34_assembly.fasta	AI-5395_34_34_13	102549	104129	-	espX4	1-1581/1581	========/======	2/2	99.94	92.98	vfdb	NP_290672	(espX4) Type III secretion system effector EspX4 [LEE encoded T3SS (SS020)] [Escherichia coli O157:H7 str. EDL933]	
AI-5395_34_34_assembly.fasta	AI-5395_34_34_13	1316967	1317797	+	gspC	1-831/831	===============	0/0	100.00	95.07	vfdb	YP_404599	(gspC) general secretion pathway protein C [T2SS (VF0333)] [Shigella dysenteriae Sd197]	
AI-5395_34_34_assembly.fasta	AI-5395_34_34_13	1318037	1319887	+	gspD	1-1836/1836	========/======	1/15	100.00	97.35	vfdb	YP_404600	(gspD) general secretion pathway protein D [T2SS (VF0333)] [Shigella dysenteriae Sd197]	
AI-5395_34_34_assembly.fasta	AI-5395_34_34_13	1319887	1321380	+	gspE	1-1494/1494	===============	0/0	100.00	96.39	vfdb	YP_404601	(gspE) general secretion pathway protein E [T2SS (VF0333)] [Shigella dysenteriae Sd197]	
AI-5395_34_34_assembly.fasta	AI-5395_34_34_13	1321380	1322579	+	gspF	1-1200/1200	===============	0/0	100.00	96.33	vfdb	YP_404602	(gspF) general secretion pathway protein F [T2SS (VF0333)] [Shigella dysenteriae Sd197]	
AI-5395_34_34_assembly.fasta	AI-5395_34_34_13	1322620	1323075	+	gspG	1-456/456	===============	0/0	100.00	95.61	vfdb	YP_404603	(gspG) general secretion pathway protein G [T2SS (VF0333)] [Shigella dysenteriae Sd197]	
AI-5395_34_34_assembly.fasta	AI-5395_34_34_13	1323112	1323642	+	gspH	1-531/531	===============	0/0	100.00	95.86	vfdb	YP_404604	(gspH) general secretion pathway protein H [T2SS (VF0333)] [Shigella dysenteriae Sd197]	
AI-5395_34_34_assembly.fasta	AI-5395_34_34_13	1323639	1324010	+	gspI	1-372/372	===============	0/0	100.00	95.16	vfdb	YP_404605	(gspI) general secretion pathway protein I [T2SS (VF0333)] [Shigella dysenteriae Sd197]	
AI-5395_34_34_assembly.fasta	AI-5395_34_34_13	1324043	1324612	+	gspJ	1-570/570	===============	0/0	100.00	96.49	vfdb	YP_404606	(gspJ) general secretion pathway protein J [T2SS (VF0333)] [Shigella dysenteriae Sd197]	
AI-5395_34_34_assembly.fasta	AI-5395_34_34_13	1324609	1325586	+	gspK	1-978/978	===============	0/0	100.00	96.11	vfdb	YP_404607	(gspK) general secretion pathway protein K [T2SS (VF0333)] [Shigella dysenteriae Sd197]	
AI-5395_34_34_assembly.fasta	AI-5395_34_34_13	1325901	1326761	+	gspL	1-861/861	===============	0/0	100.00	97.56	vfdb	YP_404608	(gspL) general secretion pathway protein L [T2SS (VF0333)] [Shigella dysenteriae Sd197]	
AI-5395_34_34_assembly.fasta	AI-5395_34_34_13	1326877	1327299	+	gspM	1-423/423	===============	0/0	100.00	94.09	vfdb	YP_404609	(gspM) general secretion pathway protein M [T2SS (VF0333)] [Shigella dysenteriae Sd197]	
AI-5395_34_34_assembly.fasta	AI-5395_34_34_15	74155	76456	-	iutA	1-2280/2280	========/======	3/24	99.96	88.41	vfdb	NP_755498	(iutA) ferric aerobactin receptor precusor IutA [Aerobactin (VF0229)] [Escherichia coli CFT073]	
AI-5395_34_34_assembly.fasta	AI-5395_34_34_15	76394	77715	-	iucD	1-1323/1338	========/======	1/1	98.80	96.30	vfdb	NP_755499	(iucD) L-lysine 6-monooxygenase IucD [Aerobactin (VF0229)] [Escherichia coli CFT073]	
AI-5395_34_34_assembly.fasta	AI-5395_34_34_15	77712	79454	-	iucC	1-1743/1743	===============	0/0	100.00	96.04	vfdb	NP_755500	(iucC) aerobactin siderophore biosynthesis protein IucC [Aerobactin (VF0229)] [Escherichia coli CFT073]	
AI-5395_34_34_assembly.fasta	AI-5395_34_34_15	79454	80401	-	iucB	1-948/948	===============	0/0	100.00	95.67	vfdb	NP_755501	(iucB) aerobactin siderophore biosynthesis protein IucB [Aerobactin (VF0229)] [Escherichia coli CFT073]	
AI-5395_34_34_assembly.fasta	AI-5395_34_34_15	80402	82189	-	iucA	1-1788/1788	===============	0/0	100.00	94.30	vfdb	NP_755502	(iucA) aerobactin siderophore biosynthesis protein IucD [Aerobactin (VF0229)] [Escherichia coli CFT073]	
AI-5395_34_34_assembly.fasta	AI-5395_34_34_15	119745	120907	+	iroB	1-1163/1164	===============	0/0	99.91	98.37	vfdb	NP_753168	(iroB) glucosyltransferase IroB [Salmochelin (IA013)] [Escherichia coli CFT073]	
AI-5395_34_34_assembly.fasta	AI-5395_34_34_15	120970	124707	+	iroC	1-3738/3738	===============	0/0	100.00	99.14	vfdb	NP_753167	(iroC) ATP binding cassette transporter [Salmochelin (IA013)] [Escherichia coli CFT073]	
AI-5395_34_34_assembly.fasta	AI-5395_34_34_15	124811	126040	+	iroD	1-1230/1230	===============	0/0	100.00	98.62	vfdb	NP_753166	(iroD) esterase [Salmochelin (IA013)] [Escherichia coli CFT073]	
AI-5395_34_34_assembly.fasta	AI-5395_34_34_15	126125	127081	+	iroE	1-957/957	===============	0/0	100.00	99.48	vfdb	NP_753165	(iroE) esterase [Salmochelin (IA013)] [Escherichia coli CFT073]	
AI-5395_34_34_assembly.fasta	AI-5395_34_34_15	127126	129303	-	iroN	1-2178/2178	===============	0/0	100.00	99.08	vfdb	NP_753164	(iroN) salmochelin receptor IroN [IroN (VF0230)] [Escherichia coli CFT073]	
AI-5395_34_34_assembly.fasta	AI-5395_34_34_21	301293	303191	-	espL1	1-1899/1899	===============	0/0	100.00	94.79	vfdb	NP_288154	(espL1) Type III secretion system effector espL1 [LEE encoded T3SS (SS020)] [Escherichia coli O157:H7 str. EDL933]	
AI-5395_34_34_assembly.fasta	AI-5395_34_34_21	593610	594665	+	espR1	198-1253/1260	..=============	0/0	83.81	94.13	vfdb	NP_287686	(espR1) Type III secretion system effector espR1 [LEE encoded T3SS (SS020)] [Escherichia coli O157:H7 str. EDL933]	
AI-5395_34_34_assembly.fasta	AI-5395_34_34_21	1024725	1025180	-	csgB	1-456/456	========/======	2/2	99.78	83.81	vfdb	NP_460114	(csgB) minor curlin subunit precursor curli nucleator protein CsgB [Agf (VF0103)] [Salmonella enterica subsp. enterica serovar Typhimurium str. LT2]	
AI-5395_34_34_assembly.fasta	AI-5395_34_34_21	1025934	1026584	+	csgD	1-651/651	===============	0/0	100.00	81.11	vfdb	NP_460113	(csgD) DNA-binding transcriptional regulator CsgD [curli fibers/thin aggregative fimbriae (AGF) (AI094)] [Salmonella enterica subsp. enterica serovar Typhimurium str. LT2]	
AI-5395_34_34_assembly.fasta	AI-5395_34_34_21	1027003	1027419	+	csgF	1-417/417	========/======	3/8	99.04	81.23	vfdb	NP_460111	(csgF) curli production assembly/transport protein CsgF [Agf (VF0103)] [Salmonella enterica subsp. enterica serovar Typhimurium str. LT2]	
AI-5395_34_34_assembly.fasta	AI-5395_34_34_21	1027446	1028279	+	csgG	1-834/834	===============	0/0	100.00	83.09	vfdb	NP_460110	(csgG) curli production assembly/transport protein CsgG [Agf (VF0103)] [Salmonella enterica subsp. enterica serovar Typhimurium str. LT2]	
AI-5395_34_34_assembly.fasta	AI-5395_34_34_21	1107504	1108556	+	ompA	1-1041/1041	========/======	1/12	100.00	94.30	vfdb	AAF37887	(ompA) outer membrane protein A [OmpA (VF0236)] [Escherichia coli O18:K1:H7 str. RS218]	
AI-5395_34_34_assembly.fasta	AI-5395_34_34_21	1615791	1616537	-	entA	1-747/747	===============	0/0	100.00	95.98	vfdb	NP_752614	(entA) 23-dihydro-23-dihydroxybenzoate dehydrogenase [Enterobactin (VF0228)] [Escherichia coli CFT073]	
AI-5395_34_34_assembly.fasta	AI-5395_34_34_21	1616537	1617394	-	entB	1-858/858	===============	0/0	100.00	97.44	vfdb	NP_752613	(entB) isochorismatase [Enterobactin (VF0228)] [Escherichia coli CFT073]	
AI-5395_34_34_assembly.fasta	AI-5395_34_34_21	1617408	1619018	-	entE	1-1611/1611	===============	0/0	100.00	95.90	vfdb	NP_752612	(entE) 23-dihydroxybenzoate-AMP ligase component of enterobactin synthase multienzyme complex [Enterobactin (VF0228)] [Escherichia coli CFT073]	
AI-5395_34_34_assembly.fasta	AI-5395_34_34_21	1619028	1620215	-	entC	1-1188/1188	===============	0/0	100.00	97.56	vfdb	NP_752611	(entC) isochorismate synthase 1 [Enterobactin (VF0228)] [Escherichia coli CFT073]	
AI-5395_34_34_assembly.fasta	AI-5395_34_34_21	1620578	1621534	+	fepB	1-957/957	===============	0/0	100.00	97.28	vfdb	NP_752610	(fepB) ferrienterobactin ABC transporter periplasmic binding protein [Enterobactin (VF0228)] [Escherichia coli CFT073]	
AI-5395_34_34_assembly.fasta	AI-5395_34_34_21	1621538	1622788	-	entS	1-1251/1251	===============	0/0	100.00	95.52	vfdb	NP_752609	(entS) enterobactin exporter iron-regulated [enterobactin (IA019)] [Escherichia coli CFT073]	
AI-5395_34_34_assembly.fasta	AI-5395_34_34_21	1622887	1623903	+	fepD	1-1017/1017	===============	0/0	100.00	95.67	vfdb	NP_752608	(fepD) ferrienterobactin ABC transporter permease [Enterobactin (VF0228)] [Escherichia coli CFT073]	
AI-5395_34_34_assembly.fasta	AI-5395_34_34_21	1623900	1624892	+	fepG	1-993/993	===============	0/0	100.00	94.56	vfdb	NP_752607	(fepG) iron-enterobactin ABC transporter permease [Enterobactin (VF0228)] [Escherichia coli CFT073]	
AI-5395_34_34_assembly.fasta	AI-5395_34_34_21	1624889	1625704	+	fepC	1-816/816	===============	0/0	100.00	96.94	vfdb	NP_752606	(fepC) ferrienterobactin ABC transporter ATPase [Enterobactin (VF0228)] [Escherichia coli CFT073]	
AI-5395_34_34_assembly.fasta	AI-5395_34_34_21	1627078	1630931	-	entF	1-3854/3882	===============	0/0	99.28	95.61	vfdb	NP_752604	(entF) enterobactin synthase multienzyme complex component ATP-dependent [Enterobactin (VF0228)] [Escherichia coli CFT073]	
AI-5395_34_34_assembly.fasta	AI-5395_34_34_21	1631149	1632351	-	fes	1-1203/1203	===============	0/0	100.00	96.76	vfdb	NP_752602	(fes) enterobactin/ferric enterobactin esterase [enterobactin (IA019)] [Escherichia coli CFT073]	
AI-5395_34_34_assembly.fasta	AI-5395_34_34_21	1632594	1634834	+	fepA	1-2241/2241	===============	0/0	100.00	96.79	vfdb	NP_752600	(fepA) ferrienterobactin outer membrane transporter [Enterobactin (VF0228)] [Escherichia coli CFT073]	
AI-5395_34_34_assembly.fasta	AI-5395_34_34_21	1634859	1635629	+	entD	1-771/771	===============	0/0	100.00	94.03	vfdb	NP_752599	(entD) phosphopantetheinyl transferase component of enterobactin synthase multienzyme complex [Enterobactin (VF0228)] [Escherichia coli CFT073]	
AI-5395_34_34_assembly.fasta	AI-5395_34_34_21	1957038	1961279	-	fdeC	1-4245/4251	========/======	3/5	99.76	92.32	vfdb	YP_002390132	(fdeC) adhesin FdeC [FdeC (VF0506)] [Escherichia coli O45:K1:H7 str. S88]	
AI-5395_34_34_assembly.fasta	AI-5395_34_34_21	1964299	1964889	+	ykgK/ecpR	1-591/591	===============	0/0	100.00	97.63	vfdb	NP_286011	(ykgK/ecpR) regulator protein EcpR [ECP (VF0404)] [Escherichia coli O157:H7 str. EDL933]	
AI-5395_34_34_assembly.fasta	AI-5395_34_34_21	1964964	1965551	+	yagZ/ecpA	1-588/588	===============	0/0	100.00	99.32	vfdb	NP_286010	(yagZ/ecpA) E. coli common pilus structural subunit EcpA [ECP (VF0404)] [Escherichia coli O157:H7 str. EDL933]	
AI-5395_34_34_assembly.fasta	AI-5395_34_34_21	1965609	1966277	+	yagY/ecpB	1-669/669	===============	0/0	100.00	98.66	vfdb	NP_286009	(yagY/ecpB) E. coli common pilus chaperone EcpB [ECP (VF0404)] [Escherichia coli O157:H7 str. EDL933]	
AI-5395_34_34_assembly.fasta	AI-5395_34_34_21	1966303	1968828	+	yagX/ecpC	1-2526/2526	===============	0/0	100.00	98.65	vfdb	NP_286008	(yagX/ecpC) E. coli common pilus usher EcpC [ECP (VF0404)] [Escherichia coli O157:H7 str. EDL933]	
AI-5395_34_34_assembly.fasta	AI-5395_34_34_21	1968818	1970461	+	yagW/ecpD	1-1644/1644	===============	0/0	100.00	98.60	vfdb	NP_286007	(yagW/ecpD) polymerized tip adhesin of ECP fibers [ECP (VF0404)] [Escherichia coli O157:H7 str. EDL933]	
AI-5395_34_34_assembly.fasta	AI-5395_34_34_21	1970385	1971138	+	yagV/ecpE	1-754/756	===============	0/0	99.74	96.68	vfdb	NP_286006	(yagV/ecpE) E. coli common pilus chaperone EcpE [ECP (VF0404)] [Escherichia coli O157:H7 str. EDL933]	
AI-5395_34_34_assembly.fasta	AI-5395_34_34_21	2251001	2252421	+	espX1	1-1422/1422	========/======	1/1	99.93	94.37	vfdb	NP_285716	(espX1) Type III secretion system effector EspX1 [LEE encoded T3SS (SS020)] [Escherichia coli O157:H7 str. EDL933]	
AI-5395_34_34_assembly.fasta	AI-5395_34_34_21	2364197	2365108	-	fimH	1-912/912	===============	0/0	100.00	97.70	vfdb	NP_757248	(fimH) FimH protein precursor [Type 1 fimbriae (VF0221)] [Escherichia coli CFT073]	
AI-5395_34_34_assembly.fasta	AI-5395_34_34_21	2365119	2365622	-	fimG	1-504/504	===============	0/0	100.00	98.41	vfdb	NP_757247	(fimG) FimG protein precursor [Type 1 fimbriae (VF0221)] [Escherichia coli CFT073]	
AI-5395_34_34_assembly.fasta	AI-5395_34_34_21	2365635	2366168	-	fimF	1-534/534	===============	0/0	100.00	97.75	vfdb	NP_757245	(fimF) FimF protein precursor [Type 1 fimbriae (VF0221)] [Escherichia coli CFT073]	
AI-5395_34_34_assembly.fasta	AI-5395_34_34_21	2366176	2368812	-	fimD	1-2637/2637	===============	0/0	100.00	98.71	vfdb	NP_757244	(fimD) Outer membrane usher protein fimD precursor [Type 1 fimbriae (VF0221)] [Escherichia coli CFT073]	
AI-5395_34_34_assembly.fasta	AI-5395_34_34_21	2368879	2369604	-	fimC	1-726/726	===============	0/0	100.00	98.21	vfdb	NP_757243	(fimC) Chaperone protein fimC precursor [Type 1 fimbriae (VF0221)] [Escherichia coli CFT073]	
AI-5395_34_34_assembly.fasta	AI-5395_34_34_21	2369641	2370180	-	fimI	1-540/540	===============	0/0	100.00	98.89	vfdb	NP_757242	(fimI) Fimbrin-like protein fimI precursor [Type 1 fimbriae (VF0221)] [Escherichia coli CFT073]	
AI-5395_34_34_assembly.fasta	AI-5395_34_34_21	2370245	2370849	-	fimA	1-606/606	========/======	1/1	99.83	91.09	vfdb	NP_757241	(fimA) Type-1 fimbrial protein A chain precursor [Type 1 fimbriae (VF0221)] [Escherichia coli CFT073]	
AI-5395_34_34_assembly.fasta	AI-5395_34_34_21	2371273	2371869	-	fimE	1-597/597	===============	0/0	100.00	98.49	vfdb	NP_757240	(fimE) Type 1 fimbriae Regulatory protein fimE [Type 1 fimbriae (VF0221)] [Escherichia coli CFT073]	
AI-5395_34_34_assembly.fasta	AI-5395_34_34_21	2372347	2372949	-	fimB	1-603/603	===============	0/0	100.00	98.18	vfdb	NP_757239	(fimB) Type 1 fimbriae Regulatory protein fimB [Type 1 fimbriae (VF0221)] [Escherichia coli CFT073]	
AI-5395_34_34_assembly.fasta	AI-5395_34_34_22	3518	5539	-	fyuA	1-2022/2022	===============	0/0	100.00	99.90	vfdb	NP_405467	(fyuA) pesticin/yersiniabactin receptor protein [Yersiniabactin (VF0136)] [Yersinia pestis CO92]	
AI-5395_34_34_assembly.fasta	AI-5395_34_34_22	5670	7247	-	ybtE	1-1578/1578	===============	0/0	100.00	99.87	vfdb	NP_405468	(ybtE) yersiniabactin siderophore biosynthetic protein [Yersiniabactin (VF0136)] [Yersinia pestis CO92]	
AI-5395_34_34_assembly.fasta	AI-5395_34_34_22	7251	8054	-	ybtT	1-804/804	===============	0/0	100.00	99.88	vfdb	NP_405469	(ybtT) yersiniabactin biosynthetic protein YbtT [Yersiniabactin (VF0136)] [Yersinia pestis CO92]	
AI-5395_34_34_assembly.fasta	AI-5395_34_34_22	8051	9151	-	ybtU	1-1101/1101	===============	0/0	100.00	99.82	vfdb	NP_405470	(ybtU) yersiniabactin biosynthetic protein YbtU [Yersiniabactin (VF0136)] [Yersinia pestis CO92]	
AI-5395_34_34_assembly.fasta	AI-5395_34_34_22	9148	18639	-	irp1	1-9492/9492	===============	0/0	100.00	99.72	vfdb	NP_405471	(irp1) yersiniabactin biosynthetic protein Irp1 [Yersiniabactin (VF0136)] [Yersinia pestis CO92]	
AI-5395_34_34_assembly.fasta	AI-5395_34_34_22	18727	24834	-	irp2	1-6108/6108	===============	0/0	100.00	99.72	vfdb	NP_405472	(irp2) yersiniabactin biosynthetic protein Irp2 [Yersiniabactin (VF0136)] [Yersinia pestis CO92]	
AI-5395_34_34_assembly.fasta	AI-5395_34_34_22	25025	25984	-	ybtA	1-960/960	===============	0/0	100.00	99.58	vfdb	NP_405473	(ybtA) transcriptional regulator YbtA [Yersiniabactin (VF0136)] [Yersinia pestis CO92]	
AI-5395_34_34_assembly.fasta	AI-5395_34_34_22	26151	27953	+	ybtP	1-1803/1803	===============	0/0	100.00	99.50	vfdb	NP_405474	(ybtP) lipoprotein inner membrane ABC-transporter [Yersiniabactin (VF0136)] [Yersinia pestis CO92]	
AI-5395_34_34_assembly.fasta	AI-5395_34_34_22	27940	29742	+	ybtQ	1-1803/1803	===============	0/0	100.00	99.78	vfdb	NP_405475	(ybtQ) inner membrane ABC-transporter YbtQ [Yersiniabactin (VF0136)] [Yersinia pestis CO92]	
AI-5395_34_34_assembly.fasta	AI-5395_34_34_22	29735	31015	+	ybtX	1-1281/1281	===============	0/0	100.00	99.45	vfdb	NP_405476	(ybtX) putative signal transducer [Yersiniabactin (VF0136)] [Yersinia pestis CO92]	
AI-5395_34_34_assembly.fasta	AI-5395_34_34_22	31043	32347	+	ybtS	1-1305/1305	===============	0/0	100.00	99.54	vfdb	NP_405477	(ybtS) salicylate synthase Irp9 [Yersiniabactin (VF0136)] [Yersinia pestis CO92]	
AI-5395_34_34_assembly.fasta	AI-5395_34_34_5	40081	40197	-	astA	1-117/117	===============	0/0	100.00	98.29	vfdb	BAA94855	(astA) heat-stable enterotoxin 1 [EAST1 (VF0216)] [Escherichia coli O44:H18 042]	
AI-5395_35_35_assembly.fasta	AI-5395_35_35_1	330653	332233	+	espX4	1-1581/1581	========/======	2/2	99.94	93.11	vfdb	NP_290672	(espX4) Type III secretion system effector EspX4 [LEE encoded T3SS (SS020)] [Escherichia coli O157:H7 str. EDL933]	
AI-5395_35_35_assembly.fasta	AI-5395_35_35_1	361764	363056	-	espX5	1-1293/1293	===============	0/0	100.00	95.67	vfdb	NP_290699	(espX5) Type III secretion system effector EspX5 [LEE encoded T3SS (SS020)] [Escherichia coli O157:H7 str. EDL933]	
AI-5395_35_35_assembly.fasta	AI-5395_35_35_1	669139	669741	+	fimB	1-603/603	===============	0/0	100.00	97.84	vfdb	NP_757239	(fimB) Type 1 fimbriae Regulatory protein fimB [Type 1 fimbriae (VF0221)] [Escherichia coli CFT073]	
AI-5395_35_35_assembly.fasta	AI-5395_35_35_1	670219	670815	+	fimE	1-597/597	===============	0/0	100.00	99.16	vfdb	NP_757240	(fimE) Type 1 fimbriae Regulatory protein fimE [Type 1 fimbriae (VF0221)] [Escherichia coli CFT073]	
AI-5395_35_35_assembly.fasta	AI-5395_35_35_1	671239	671843	+	fimA	1-606/606	========/======	1/1	99.83	91.09	vfdb	NP_757241	(fimA) Type-1 fimbrial protein A chain precursor [Type 1 fimbriae (VF0221)] [Escherichia coli CFT073]	
AI-5395_35_35_assembly.fasta	AI-5395_35_35_1	671908	672447	+	fimI	1-540/540	===============	0/0	100.00	98.70	vfdb	NP_757242	(fimI) Fimbrin-like protein fimI precursor [Type 1 fimbriae (VF0221)] [Escherichia coli CFT073]	
AI-5395_35_35_assembly.fasta	AI-5395_35_35_1	672484	673209	+	fimC	1-726/726	===============	0/0	100.00	98.62	vfdb	NP_757243	(fimC) Chaperone protein fimC precursor [Type 1 fimbriae (VF0221)] [Escherichia coli CFT073]	
AI-5395_35_35_assembly.fasta	AI-5395_35_35_1	673276	675912	+	fimD	1-2637/2637	===============	0/0	100.00	98.79	vfdb	NP_757244	(fimD) Outer membrane usher protein fimD precursor [Type 1 fimbriae (VF0221)] [Escherichia coli CFT073]	
AI-5395_35_35_assembly.fasta	AI-5395_35_35_1	675919	676452	+	fimF	1-534/534	===============	0/0	100.00	98.13	vfdb	NP_757245	(fimF) FimF protein precursor [Type 1 fimbriae (VF0221)] [Escherichia coli CFT073]	
AI-5395_35_35_assembly.fasta	AI-5395_35_35_1	676465	676968	+	fimG	1-504/504	===============	0/0	100.00	97.82	vfdb	NP_757247	(fimG) FimG protein precursor [Type 1 fimbriae (VF0221)] [Escherichia coli CFT073]	
AI-5395_35_35_assembly.fasta	AI-5395_35_35_1	676979	677890	+	fimH	1-912/912	===============	0/0	100.00	97.37	vfdb	NP_757248	(fimH) FimH protein precursor [Type 1 fimbriae (VF0221)] [Escherichia coli CFT073]	
AI-5395_35_35_assembly.fasta	AI-5395_35_35_1	787644	789065	-	espX1	1-1422/1422	===============	0/0	100.00	95.22	vfdb	NP_285716	(espX1) Type III secretion system effector EspX1 [LEE encoded T3SS (SS020)] [Escherichia coli O157:H7 str. EDL933]	
AI-5395_35_35_assembly.fasta	AI-5395_35_35_1	2250625	2252523	-	espL1	1-1899/1899	===============	0/0	100.00	94.94	vfdb	NP_288154	(espL1) Type III secretion system effector espL1 [LEE encoded T3SS (SS020)] [Escherichia coli O157:H7 str. EDL933]	
AI-5395_35_35_assembly.fasta	AI-5395_35_35_1	2575744	2576799	+	espR1	198-1253/1260	..=============	0/0	83.81	94.03	vfdb	NP_287686	(espR1) Type III secretion system effector espR1 [LEE encoded T3SS (SS020)] [Escherichia coli O157:H7 str. EDL933]	
AI-5395_35_35_assembly.fasta	AI-5395_35_35_1	2991902	2992357	-	csgB	1-456/456	========/======	2/2	99.78	83.81	vfdb	NP_460114	(csgB) minor curlin subunit precursor curli nucleator protein CsgB [Agf (VF0103)] [Salmonella enterica subsp. enterica serovar Typhimurium str. LT2]	
AI-5395_35_35_assembly.fasta	AI-5395_35_35_1	2993111	2993761	+	csgD	1-651/651	===============	0/0	100.00	81.11	vfdb	NP_460113	(csgD) DNA-binding transcriptional regulator CsgD [curli fibers/thin aggregative fimbriae (AGF) (AI094)] [Salmonella enterica subsp. enterica serovar Typhimurium str. LT2]	
AI-5395_35_35_assembly.fasta	AI-5395_35_35_1	2994180	2994596	+	csgF	1-417/417	========/======	3/8	99.04	81.23	vfdb	NP_460111	(csgF) curli production assembly/transport protein CsgF [Agf (VF0103)] [Salmonella enterica subsp. enterica serovar Typhimurium str. LT2]	
AI-5395_35_35_assembly.fasta	AI-5395_35_35_1	2994623	2995456	+	csgG	1-834/834	===============	0/0	100.00	83.09	vfdb	NP_460110	(csgG) curli production assembly/transport protein CsgG [Agf (VF0103)] [Salmonella enterica subsp. enterica serovar Typhimurium str. LT2]	
AI-5395_35_35_assembly.fasta	AI-5395_35_35_1	3075006	3076046	+	ompA	1-1041/1041	===============	0/0	100.00	98.08	vfdb	AAF37887	(ompA) outer membrane protein A [OmpA (VF0236)] [Escherichia coli O18:K1:H7 str. RS218]	
AI-5395_35_35_assembly.fasta	AI-5395_35_35_1	3469002	3469748	-	entA	1-747/747	===============	0/0	100.00	95.05	vfdb	NP_752614	(entA) 23-dihydro-23-dihydroxybenzoate dehydrogenase [Enterobactin (VF0228)] [Escherichia coli CFT073]	
AI-5395_35_35_assembly.fasta	AI-5395_35_35_1	3469748	3470605	-	entB	1-858/858	===============	0/0	100.00	97.79	vfdb	NP_752613	(entB) isochorismatase [Enterobactin (VF0228)] [Escherichia coli CFT073]	
AI-5395_35_35_assembly.fasta	AI-5395_35_35_1	3470619	3472229	-	entE	1-1611/1611	===============	0/0	100.00	95.90	vfdb	NP_752612	(entE) 23-dihydroxybenzoate-AMP ligase component of enterobactin synthase multienzyme complex [Enterobactin (VF0228)] [Escherichia coli CFT073]	
AI-5395_35_35_assembly.fasta	AI-5395_35_35_1	3472239	3473426	-	entC	1-1188/1188	===============	0/0	100.00	97.90	vfdb	NP_752611	(entC) isochorismate synthase 1 [Enterobactin (VF0228)] [Escherichia coli CFT073]	
AI-5395_35_35_assembly.fasta	AI-5395_35_35_1	3473603	3474559	+	fepB	1-957/957	===============	0/0	100.00	97.39	vfdb	NP_752610	(fepB) ferrienterobactin ABC transporter periplasmic binding protein [Enterobactin (VF0228)] [Escherichia coli CFT073]	
AI-5395_35_35_assembly.fasta	AI-5395_35_35_1	3474563	3475813	-	entS	1-1251/1251	===============	0/0	100.00	95.60	vfdb	NP_752609	(entS) enterobactin exporter iron-regulated [enterobactin (IA019)] [Escherichia coli CFT073]	
AI-5395_35_35_assembly.fasta	AI-5395_35_35_1	3475912	3476928	+	fepD	1-1017/1017	===============	0/0	100.00	95.67	vfdb	NP_752608	(fepD) ferrienterobactin ABC transporter permease [Enterobactin (VF0228)] [Escherichia coli CFT073]	
AI-5395_35_35_assembly.fasta	AI-5395_35_35_1	3476925	3477917	+	fepG	1-993/993	===============	0/0	100.00	94.46	vfdb	NP_752607	(fepG) iron-enterobactin ABC transporter permease [Enterobactin (VF0228)] [Escherichia coli CFT073]	
AI-5395_35_35_assembly.fasta	AI-5395_35_35_1	3477914	3478729	+	fepC	1-816/816	===============	0/0	100.00	97.06	vfdb	NP_752606	(fepC) ferrienterobactin ABC transporter ATPase [Enterobactin (VF0228)] [Escherichia coli CFT073]	
AI-5395_35_35_assembly.fasta	AI-5395_35_35_1	3480103	3483956	-	entF	1-3854/3882	===============	0/0	99.28	95.51	vfdb	NP_752604	(entF) enterobactin synthase multienzyme complex component ATP-dependent [Enterobactin (VF0228)] [Escherichia coli CFT073]	
AI-5395_35_35_assembly.fasta	AI-5395_35_35_1	3484174	3485376	-	fes	1-1203/1203	===============	0/0	100.00	96.76	vfdb	NP_752602	(fes) enterobactin/ferric enterobactin esterase [enterobactin (IA019)] [Escherichia coli CFT073]	
AI-5395_35_35_assembly.fasta	AI-5395_35_35_1	3485619	3487859	+	fepA	1-2241/2241	===============	0/0	100.00	97.06	vfdb	NP_752600	(fepA) ferrienterobactin outer membrane transporter [Enterobactin (VF0228)] [Escherichia coli CFT073]	
AI-5395_35_35_assembly.fasta	AI-5395_35_35_1	3487884	3488654	+	entD	1-771/771	===============	0/0	100.00	94.03	vfdb	NP_752599	(entD) phosphopantetheinyl transferase component of enterobactin synthase multienzyme complex [Enterobactin (VF0228)] [Escherichia coli CFT073]	
AI-5395_35_35_assembly.fasta	AI-5395_35_35_1	3781058	3785283	-	fdeC	1-4229/4251	========/======	1/3	99.41	91.65	vfdb	YP_002390132	(fdeC) adhesin FdeC [FdeC (VF0506)] [Escherichia coli O45:K1:H7 str. S88]	
AI-5395_35_35_assembly.fasta	AI-5395_35_35_1	3790168	3790755	+	yagZ/ecpA	1-588/588	===============	0/0	100.00	99.32	vfdb	NP_286010	(yagZ/ecpA) E. coli common pilus structural subunit EcpA [ECP (VF0404)] [Escherichia coli O157:H7 str. EDL933]	
AI-5395_35_35_assembly.fasta	AI-5395_35_35_1	3790813	3791481	+	yagY/ecpB	1-669/669	===============	0/0	100.00	98.50	vfdb	NP_286009	(yagY/ecpB) E. coli common pilus chaperone EcpB [ECP (VF0404)] [Escherichia coli O157:H7 str. EDL933]	
AI-5395_35_35_assembly.fasta	AI-5395_35_35_1	3791507	3794032	+	yagX/ecpC	1-2526/2526	===============	0/0	100.00	98.73	vfdb	NP_286008	(yagX/ecpC) E. coli common pilus usher EcpC [ECP (VF0404)] [Escherichia coli O157:H7 str. EDL933]	
AI-5395_35_35_assembly.fasta	AI-5395_35_35_1	3794022	3795665	+	yagW/ecpD	1-1644/1644	===============	0/0	100.00	99.03	vfdb	NP_286007	(yagW/ecpD) polymerized tip adhesin of ECP fibers [ECP (VF0404)] [Escherichia coli O157:H7 str. EDL933]	
AI-5395_35_35_assembly.fasta	AI-5395_35_35_1	3795589	3796342	+	yagV/ecpE	1-754/756	===============	0/0	99.74	96.68	vfdb	NP_286006	(yagV/ecpE) E. coli common pilus chaperone EcpE [ECP (VF0404)] [Escherichia coli O157:H7 str. EDL933]	
AI-5395_35_35_assembly.fasta	AI-5395_35_35_1	4037119	4039420	-	iutA	1-2280/2280	========/======	3/24	99.96	87.97	vfdb	NP_755498	(iutA) ferric aerobactin receptor precusor IutA [Aerobactin (VF0229)] [Escherichia coli CFT073]	
AI-5395_35_35_assembly.fasta	AI-5395_35_35_1	4039358	4040679	-	iucD	1-1323/1338	========/======	1/1	98.80	95.99	vfdb	NP_709457	(iucD) aerobactin synthesis protein IucC lysine 6-monooxygenase [Aerobactin (VF0123)] [Shigella flexneri 2a str. 301]	
AI-5395_35_35_assembly.fasta	AI-5395_35_35_1	4040676	4042418	-	iucC	1-1743/1743	===============	0/0	100.00	95.81	vfdb	NP_755500	(iucC) aerobactin siderophore biosynthesis protein IucC [Aerobactin (VF0229)] [Escherichia coli CFT073]	
AI-5395_35_35_assembly.fasta	AI-5395_35_35_1	4042418	4043365	-	iucB	1-948/948	===============	0/0	100.00	95.57	vfdb	NP_755501	(iucB) aerobactin siderophore biosynthesis protein IucB [Aerobactin (VF0229)] [Escherichia coli CFT073]	
AI-5395_35_35_assembly.fasta	AI-5395_35_35_1	4043366	4045153	-	iucA	1-1788/1788	===============	0/0	100.00	94.02	vfdb	NP_755502	(iucA) aerobactin siderophore biosynthesis protein IucD [Aerobactin (VF0229)] [Escherichia coli CFT073]	
AI-5395_35_35_assembly.fasta	AI-5395_35_35_1	4072491	4072913	-	gspM	1-423/423	===============	0/0	100.00	97.16	vfdb	YP_404609	(gspM) general secretion pathway protein M [T2SS (VF0333)] [Shigella dysenteriae Sd197]	
AI-5395_35_35_assembly.fasta	AI-5395_35_35_1	4073029	4073889	-	gspL	1-861/861	===============	0/0	100.00	97.33	vfdb	YP_404608	(gspL) general secretion pathway protein L [T2SS (VF0333)] [Shigella dysenteriae Sd197]	
AI-5395_35_35_assembly.fasta	AI-5395_35_35_1	4074204	4075181	-	gspK	1-978/978	===============	0/0	100.00	97.55	vfdb	YP_404607	(gspK) general secretion pathway protein K [T2SS (VF0333)] [Shigella dysenteriae Sd197]	
AI-5395_35_35_assembly.fasta	AI-5395_35_35_1	4075178	4075747	-	gspJ	1-570/570	===============	0/0	100.00	97.19	vfdb	YP_404606	(gspJ) general secretion pathway protein J [T2SS (VF0333)] [Shigella dysenteriae Sd197]	
AI-5395_35_35_assembly.fasta	AI-5395_35_35_1	4075780	4076151	-	gspI	1-372/372	===============	0/0	100.00	94.09	vfdb	YP_404605	(gspI) general secretion pathway protein I [T2SS (VF0333)] [Shigella dysenteriae Sd197]	
AI-5395_35_35_assembly.fasta	AI-5395_35_35_1	4076148	4076678	-	gspH	1-531/531	===============	0/0	100.00	96.05	vfdb	YP_404604	(gspH) general secretion pathway protein H [T2SS (VF0333)] [Shigella dysenteriae Sd197]	
AI-5395_35_35_assembly.fasta	AI-5395_35_35_1	4076715	4077170	-	gspG	1-456/456	===============	0/0	100.00	95.61	vfdb	YP_404603	(gspG) general secretion pathway protein G [T2SS (VF0333)] [Shigella dysenteriae Sd197]	
AI-5395_35_35_assembly.fasta	AI-5395_35_35_1	4077211	4078410	-	gspF	1-1200/1200	===============	0/0	100.00	96.25	vfdb	YP_404602	(gspF) general secretion pathway protein F [T2SS (VF0333)] [Shigella dysenteriae Sd197]	
AI-5395_35_35_assembly.fasta	AI-5395_35_35_1	4078410	4079903	-	gspE	1-1494/1494	===============	0/0	100.00	96.25	vfdb	YP_404601	(gspE) general secretion pathway protein E [T2SS (VF0333)] [Shigella dysenteriae Sd197]	
AI-5395_35_35_assembly.fasta	AI-5395_35_35_1	4079903	4081753	-	gspD	1-1836/1836	========/======	1/15	100.00	97.25	vfdb	YP_404600	(gspD) general secretion pathway protein D [T2SS (VF0333)] [Shigella dysenteriae Sd197]	
AI-5395_35_35_assembly.fasta	AI-5395_35_35_1	4081993	4082823	-	gspC	1-831/831	===============	0/0	100.00	94.95	vfdb	YP_404599	(gspC) general secretion pathway protein C [T2SS (VF0333)] [Shigella dysenteriae Sd197]	
AI-5395_36_36_assembly.fasta	AI-5395_36_36_1	939818	940648	+	gspC	1-831/831	===============	0/0	100.00	95.07	vfdb	YP_404599	(gspC) general secretion pathway protein C [T2SS (VF0333)] [Shigella dysenteriae Sd197]	
AI-5395_36_36_assembly.fasta	AI-5395_36_36_1	940888	942738	+	gspD	1-1836/1836	========/======	1/15	100.00	97.08	vfdb	YP_404600	(gspD) general secretion pathway protein D [T2SS (VF0333)] [Shigella dysenteriae Sd197]	
AI-5395_36_36_assembly.fasta	AI-5395_36_36_1	942738	944231	+	gspE	1-1494/1494	===============	0/0	100.00	96.39	vfdb	YP_404601	(gspE) general secretion pathway protein E [T2SS (VF0333)] [Shigella dysenteriae Sd197]	
AI-5395_36_36_assembly.fasta	AI-5395_36_36_1	944231	945430	+	gspF	1-1200/1200	===============	0/0	100.00	96.25	vfdb	YP_404602	(gspF) general secretion pathway protein F [T2SS (VF0333)] [Shigella dysenteriae Sd197]	
AI-5395_36_36_assembly.fasta	AI-5395_36_36_1	945471	945926	+	gspG	1-456/456	===============	0/0	100.00	95.61	vfdb	YP_404603	(gspG) general secretion pathway protein G [T2SS (VF0333)] [Shigella dysenteriae Sd197]	
AI-5395_36_36_assembly.fasta	AI-5395_36_36_1	945963	946493	+	gspH	1-531/531	===============	0/0	100.00	96.05	vfdb	YP_404604	(gspH) general secretion pathway protein H [T2SS (VF0333)] [Shigella dysenteriae Sd197]	
AI-5395_36_36_assembly.fasta	AI-5395_36_36_1	946490	946861	+	gspI	1-372/372	===============	0/0	100.00	95.16	vfdb	YP_404605	(gspI) general secretion pathway protein I [T2SS (VF0333)] [Shigella dysenteriae Sd197]	
AI-5395_36_36_assembly.fasta	AI-5395_36_36_1	946894	947463	+	gspJ	1-570/570	===============	0/0	100.00	97.19	vfdb	YP_404606	(gspJ) general secretion pathway protein J [T2SS (VF0333)] [Shigella dysenteriae Sd197]	
AI-5395_36_36_assembly.fasta	AI-5395_36_36_1	947460	948437	+	gspK	1-978/978	===============	0/0	100.00	97.75	vfdb	YP_404607	(gspK) general secretion pathway protein K [T2SS (VF0333)] [Shigella dysenteriae Sd197]	
AI-5395_36_36_assembly.fasta	AI-5395_36_36_1	948752	949612	+	gspL	1-861/861	===============	0/0	100.00	97.10	vfdb	YP_404608	(gspL) general secretion pathway protein L [T2SS (VF0333)] [Shigella dysenteriae Sd197]	
AI-5395_36_36_assembly.fasta	AI-5395_36_36_1	949728	950150	+	gspM	1-423/423	===============	0/0	100.00	94.09	vfdb	YP_404609	(gspM) general secretion pathway protein M [T2SS (VF0333)] [Shigella dysenteriae Sd197]	
AI-5395_36_36_assembly.fasta	AI-5395_36_36_1	2362259	2364157	-	espL1	1-1899/1899	===============	0/0	100.00	94.89	vfdb	NP_288154	(espL1) Type III secretion system effector espL1 [LEE encoded T3SS (SS020)] [Escherichia coli O157:H7 str. EDL933]	
AI-5395_36_36_assembly.fasta	AI-5395_36_36_1	2610726	2611781	+	espR1	198-1253/1260	..=============	0/0	83.81	93.75	vfdb	NP_287686	(espR1) Type III secretion system effector espR1 [LEE encoded T3SS (SS020)] [Escherichia coli O157:H7 str. EDL933]	
AI-5395_36_36_assembly.fasta	AI-5395_36_36_1	3067571	3068026	-	csgB	1-456/456	========/======	2/2	99.78	83.81	vfdb	NP_460114	(csgB) minor curlin subunit precursor curli nucleator protein CsgB [Agf (VF0103)] [Salmonella enterica subsp. enterica serovar Typhimurium str. LT2]	
AI-5395_36_36_assembly.fasta	AI-5395_36_36_1	3068780	3069430	+	csgD	1-651/651	===============	0/0	100.00	81.11	vfdb	NP_460113	(csgD) DNA-binding transcriptional regulator CsgD [curli fibers/thin aggregative fimbriae (AGF) (AI094)] [Salmonella enterica subsp. enterica serovar Typhimurium str. LT2]	
AI-5395_36_36_assembly.fasta	AI-5395_36_36_1	3069849	3070265	+	csgF	1-417/417	========/======	3/8	99.04	81.23	vfdb	NP_460111	(csgF) curli production assembly/transport protein CsgF [Agf (VF0103)] [Salmonella enterica subsp. enterica serovar Typhimurium str. LT2]	
AI-5395_36_36_assembly.fasta	AI-5395_36_36_1	3070292	3071125	+	csgG	1-834/834	===============	0/0	100.00	83.09	vfdb	NP_460110	(csgG) curli production assembly/transport protein CsgG [Agf (VF0103)] [Salmonella enterica subsp. enterica serovar Typhimurium str. LT2]	
AI-5395_36_36_assembly.fasta	AI-5395_36_36_1	3150912	3151952	+	ompA	1-1041/1041	===============	0/0	100.00	98.08	vfdb	AAF37887	(ompA) outer membrane protein A [OmpA (VF0236)] [Escherichia coli O18:K1:H7 str. RS218]	
AI-5395_36_36_assembly.fasta	AI-5395_36_36_1	3540765	3541511	-	entA	1-747/747	===============	0/0	100.00	94.78	vfdb	NP_752614	(entA) 23-dihydro-23-dihydroxybenzoate dehydrogenase [Enterobactin (VF0228)] [Escherichia coli CFT073]	
AI-5395_36_36_assembly.fasta	AI-5395_36_36_1	3541511	3542368	-	entB	1-858/858	===============	0/0	100.00	97.32	vfdb	NP_752613	(entB) isochorismatase [Enterobactin (VF0228)] [Escherichia coli CFT073]	
AI-5395_36_36_assembly.fasta	AI-5395_36_36_1	3542382	3543992	-	entE	1-1611/1611	===============	0/0	100.00	95.78	vfdb	NP_752612	(entE) 23-dihydroxybenzoate-AMP ligase component of enterobactin synthase multienzyme complex [Enterobactin (VF0228)] [Escherichia coli CFT073]	
AI-5395_36_36_assembly.fasta	AI-5395_36_36_1	3544002	3545189	-	entC	1-1188/1188	===============	0/0	100.00	97.47	vfdb	NP_752611	(entC) isochorismate synthase 1 [Enterobactin (VF0228)] [Escherichia coli CFT073]	
AI-5395_36_36_assembly.fasta	AI-5395_36_36_1	3545552	3546508	+	fepB	1-957/957	===============	0/0	100.00	97.39	vfdb	NP_752610	(fepB) ferrienterobactin ABC transporter periplasmic binding protein [Enterobactin (VF0228)] [Escherichia coli CFT073]	
AI-5395_36_36_assembly.fasta	AI-5395_36_36_1	3546512	3547762	-	entS	1-1251/1251	===============	0/0	100.00	95.60	vfdb	NP_752609	(entS) enterobactin exporter iron-regulated [enterobactin (IA019)] [Escherichia coli CFT073]	
AI-5395_36_36_assembly.fasta	AI-5395_36_36_1	3547861	3548877	+	fepD	1-1017/1017	===============	0/0	100.00	95.97	vfdb	NP_752608	(fepD) ferrienterobactin ABC transporter permease [Enterobactin (VF0228)] [Escherichia coli CFT073]	
AI-5395_36_36_assembly.fasta	AI-5395_36_36_1	3548874	3549866	+	fepG	1-993/993	===============	0/0	100.00	93.96	vfdb	NP_752607	(fepG) iron-enterobactin ABC transporter permease [Enterobactin (VF0228)] [Escherichia coli CFT073]	
AI-5395_36_36_assembly.fasta	AI-5395_36_36_1	3549863	3550678	+	fepC	1-816/816	===============	0/0	100.00	97.30	vfdb	NP_752606	(fepC) ferrienterobactin ABC transporter ATPase [Enterobactin (VF0228)] [Escherichia coli CFT073]	
AI-5395_36_36_assembly.fasta	AI-5395_36_36_1	3552076	3555905	-	entF	1-3830/3882	===============	0/0	98.66	95.41	vfdb	NP_752604	(entF) enterobactin synthase multienzyme complex component ATP-dependent [Enterobactin (VF0228)] [Escherichia coli CFT073]	
AI-5395_36_36_assembly.fasta	AI-5395_36_36_1	3556123	3557325	-	fes	1-1203/1203	===============	0/0	100.00	96.76	vfdb	NP_752602	(fes) enterobactin/ferric enterobactin esterase [enterobactin (IA019)] [Escherichia coli CFT073]	
AI-5395_36_36_assembly.fasta	AI-5395_36_36_1	3557568	3559808	+	fepA	1-2241/2241	===============	0/0	100.00	96.79	vfdb	NP_752600	(fepA) ferrienterobactin outer membrane transporter [Enterobactin (VF0228)] [Escherichia coli CFT073]	
AI-5395_36_36_assembly.fasta	AI-5395_36_36_1	3559833	3560603	+	entD	1-771/771	===============	0/0	100.00	93.90	vfdb	NP_752599	(entD) phosphopantetheinyl transferase component of enterobactin synthase multienzyme complex [Enterobactin (VF0228)] [Escherichia coli CFT073]	
AI-5395_36_36_assembly.fasta	AI-5395_36_36_1	3893863	3898088	-	fdeC	1-4229/4251	========/======	1/3	99.41	92.50	vfdb	YP_002390132	(fdeC) adhesin FdeC [FdeC (VF0506)] [Escherichia coli O45:K1:H7 str. S88]	
AI-5395_36_36_assembly.fasta	AI-5395_36_36_1	3901108	3901698	+	ykgK/ecpR	1-591/591	===============	0/0	100.00	97.63	vfdb	NP_286011	(ykgK/ecpR) regulator protein EcpR [ECP (VF0404)] [Escherichia coli O157:H7 str. EDL933]	
AI-5395_36_36_assembly.fasta	AI-5395_36_36_1	3901773	3902360	+	yagZ/ecpA	1-588/588	===============	0/0	100.00	99.32	vfdb	NP_286010	(yagZ/ecpA) E. coli common pilus structural subunit EcpA [ECP (VF0404)] [Escherichia coli O157:H7 str. EDL933]	
AI-5395_36_36_assembly.fasta	AI-5395_36_36_1	3902418	3903086	+	yagY/ecpB	1-669/669	===============	0/0	100.00	98.66	vfdb	NP_286009	(yagY/ecpB) E. coli common pilus chaperone EcpB [ECP (VF0404)] [Escherichia coli O157:H7 str. EDL933]	
AI-5395_36_36_assembly.fasta	AI-5395_36_36_1	3903112	3905637	+	yagX/ecpC	1-2526/2526	===============	0/0	100.00	98.69	vfdb	NP_286008	(yagX/ecpC) E. coli common pilus usher EcpC [ECP (VF0404)] [Escherichia coli O157:H7 str. EDL933]	
AI-5395_36_36_assembly.fasta	AI-5395_36_36_1	3905627	3907270	+	yagW/ecpD	1-1644/1644	===============	0/0	100.00	98.30	vfdb	NP_286007	(yagW/ecpD) polymerized tip adhesin of ECP fibers [ECP (VF0404)] [Escherichia coli O157:H7 str. EDL933]	
AI-5395_36_36_assembly.fasta	AI-5395_36_36_1	3907194	3907947	+	yagV/ecpE	1-754/756	===============	0/0	99.74	97.22	vfdb	NP_286006	(yagV/ecpE) E. coli common pilus chaperone EcpE [ECP (VF0404)] [Escherichia coli O157:H7 str. EDL933]	
AI-5395_36_36_assembly.fasta	AI-5395_36_36_1	4233432	4234853	+	espX1	1-1422/1422	===============	0/0	100.00	94.73	vfdb	NP_285716	(espX1) Type III secretion system effector EspX1 [LEE encoded T3SS (SS020)] [Escherichia coli O157:H7 str. EDL933]	
AI-5395_36_36_assembly.fasta	AI-5395_36_36_1	4388935	4389846	-	fimH	1-912/912	===============	0/0	100.00	97.48	vfdb	NP_757248	(fimH) FimH protein precursor [Type 1 fimbriae (VF0221)] [Escherichia coli CFT073]	
AI-5395_36_36_assembly.fasta	AI-5395_36_36_1	4389857	4390360	-	fimG	1-504/504	===============	0/0	100.00	97.82	vfdb	NP_757247	(fimG) FimG protein precursor [Type 1 fimbriae (VF0221)] [Escherichia coli CFT073]	
AI-5395_36_36_assembly.fasta	AI-5395_36_36_1	4390373	4390906	-	fimF	1-534/534	===============	0/0	100.00	96.63	vfdb	NP_757245	(fimF) FimF protein precursor [Type 1 fimbriae (VF0221)] [Escherichia coli CFT073]	
AI-5395_36_36_assembly.fasta	AI-5395_36_36_1	4390913	4393549	-	fimD	1-2637/2637	===============	0/0	100.00	98.75	vfdb	NP_757244	(fimD) Outer membrane usher protein fimD precursor [Type 1 fimbriae (VF0221)] [Escherichia coli CFT073]	
AI-5395_36_36_assembly.fasta	AI-5395_36_36_1	4393616	4394341	-	fimC	1-726/726	===============	0/0	100.00	98.21	vfdb	NP_757243	(fimC) Chaperone protein fimC precursor [Type 1 fimbriae (VF0221)] [Escherichia coli CFT073]	
AI-5395_36_36_assembly.fasta	AI-5395_36_36_1	4394378	4394917	-	fimI	1-540/540	===============	0/0	100.00	99.07	vfdb	NP_757242	(fimI) Fimbrin-like protein fimI precursor [Type 1 fimbriae (VF0221)] [Escherichia coli CFT073]	
AI-5395_36_36_assembly.fasta	AI-5395_36_36_1	4394982	4395587	-	fimA	1-606/606	===============	0/0	100.00	92.90	vfdb	NP_757241	(fimA) Type-1 fimbrial protein A chain precursor [Type 1 fimbriae (VF0221)] [Escherichia coli CFT073]	
AI-5395_36_36_assembly.fasta	AI-5395_36_36_1	4396011	4396607	-	fimE	1-597/597	===============	0/0	100.00	99.16	vfdb	NP_757240	(fimE) Type 1 fimbriae Regulatory protein fimE [Type 1 fimbriae (VF0221)] [Escherichia coli CFT073]	
AI-5395_36_36_assembly.fasta	AI-5395_36_36_1	4397085	4397687	-	fimB	1-603/603	===============	0/0	100.00	97.84	vfdb	NP_757239	(fimB) Type 1 fimbriae Regulatory protein fimB [Type 1 fimbriae (VF0221)] [Escherichia coli CFT073]	
AI-5395_36_36_assembly.fasta	AI-5395_36_36_1	4623074	4624366	+	espX5	1-1293/1293	===============	0/0	100.00	95.67	vfdb	NP_290699	(espX5) Type III secretion system effector EspX5 [LEE encoded T3SS (SS020)] [Escherichia coli O157:H7 str. EDL933]	
AI-5395_36_36_assembly.fasta	AI-5395_36_36_1	4653923	4655503	-	espX4	1-1581/1581	========/======	2/2	99.94	92.98	vfdb	NP_290672	(espX4) Type III secretion system effector EspX4 [LEE encoded T3SS (SS020)] [Escherichia coli O157:H7 str. EDL933]	
AI-5395_36_36_assembly.fasta	AI-5395_36_36_2	20322	20867	+	faeC	1-546/546	===============	0/0	100.00	99.63	vfdb	AAL47165	(faeC) FaeC [K88 pili/F4 fimbriae (AI040)] [Escherichia coli]	
AI-5395_36_36_assembly.fasta	AI-5395_36_36_2	20879	23317	+	faeD	1-2439/2439	========/======	5/10	99.79	85.52	vfdb	YP_002295985	(faeD) fimbrial usher protein FaeD [K88 pili/F4 fimbriae (AI040)] [Escherichia coli SE11]	
AI-5395_36_36_assembly.fasta	AI-5395_36_36_2	23310	24086	+	faeE	1-777/777	========/======	2/4	99.74	88.32	vfdb	YP_002295986	(faeE) fimbrial chaperone FaeE [K88 pili/F4 fimbriae (AI040)] [Escherichia coli SE11]	
AI-5395_36_36_assembly.fasta	AI-5395_36_36_2	24122	24613	+	faeF	1-492/492	========/======	3/4	99.59	84.82	vfdb	YP_002295987	(faeF) fimbrial protein FaeF [K88 pili/F4 fimbriae (AI040)] [Escherichia coli SE11]	
AI-5395_36_36_assembly.fasta	AI-5395_36_36_2	26776	27573	+	faeH	1-798/798	===============	0/0	100.00	82.96	vfdb	YP_002295989	(faeH) fimbrial protein FaeH [K88 pili/F4 fimbriae (AI040)] [Escherichia coli SE11]	
AI-5395_36_36_assembly.fasta	AI-5395_36_36_2	27604	28368	+	faeI	1-765/765	===============	0/0	100.00	87.84	vfdb	YP_002295990	(faeI) fimbrial protein FaeI [K88 pili/F4 fimbriae (AI040)] [Escherichia coli SE11]	
AI-5395_37_37_assembly.fasta	AI-5395_37_37_1	981039	982619	+	espX4	1-1581/1581	========/======	2/2	99.94	92.98	vfdb	NP_290672	(espX4) Type III secretion system effector EspX4 [LEE encoded T3SS (SS020)] [Escherichia coli O157:H7 str. EDL933]	
AI-5395_37_37_assembly.fasta	AI-5395_37_37_1	1012144	1013436	-	espX5	1-1293/1293	===============	0/0	100.00	95.59	vfdb	NP_290699	(espX5) Type III secretion system effector EspX5 [LEE encoded T3SS (SS020)] [Escherichia coli O157:H7 str. EDL933]	
AI-5395_37_37_assembly.fasta	AI-5395_37_37_1	1244935	1245531	+	fimE	1-597/597	===============	0/0	100.00	99.33	vfdb	NP_757240	(fimE) Type 1 fimbriae Regulatory protein fimE [Type 1 fimbriae (VF0221)] [Escherichia coli CFT073]	
AI-5395_37_37_assembly.fasta	AI-5395_37_37_1	1245955	1246560	+	fimA	1-606/606	===============	0/0	100.00	90.10	vfdb	NP_757241	(fimA) Type-1 fimbrial protein A chain precursor [Type 1 fimbriae (VF0221)] [Escherichia coli CFT073]	
AI-5395_37_37_assembly.fasta	AI-5395_37_37_1	1246625	1247164	+	fimI	1-540/540	===============	0/0	100.00	98.70	vfdb	NP_757242	(fimI) Fimbrin-like protein fimI precursor [Type 1 fimbriae (VF0221)] [Escherichia coli CFT073]	
AI-5395_37_37_assembly.fasta	AI-5395_37_37_1	1247201	1247926	+	fimC	1-726/726	===============	0/0	100.00	98.35	vfdb	NP_757243	(fimC) Chaperone protein fimC precursor [Type 1 fimbriae (VF0221)] [Escherichia coli CFT073]	
AI-5395_37_37_assembly.fasta	AI-5395_37_37_1	1247993	1250629	+	fimD	1-2637/2637	===============	0/0	100.00	98.29	vfdb	NP_757244	(fimD) Outer membrane usher protein fimD precursor [Type 1 fimbriae (VF0221)] [Escherichia coli CFT073]	
AI-5395_37_37_assembly.fasta	AI-5395_37_37_1	1250636	1251169	+	fimF	1-534/534	===============	0/0	100.00	97.38	vfdb	NP_757245	(fimF) FimF protein precursor [Type 1 fimbriae (VF0221)] [Escherichia coli CFT073]	
AI-5395_37_37_assembly.fasta	AI-5395_37_37_1	1251182	1251685	+	fimG	1-504/504	===============	0/0	100.00	97.82	vfdb	NP_757247	(fimG) FimG protein precursor [Type 1 fimbriae (VF0221)] [Escherichia coli CFT073]	
AI-5395_37_37_assembly.fasta	AI-5395_37_37_1	1251696	1252607	+	fimH	1-912/912	===============	0/0	100.00	97.59	vfdb	NP_757248	(fimH) FimH protein precursor [Type 1 fimbriae (VF0221)] [Escherichia coli CFT073]	
AI-5395_37_37_assembly.fasta	AI-5395_37_37_1	1637704	1638457	-	yagV/ecpE	1-754/756	===============	0/0	99.74	96.55	vfdb	NP_286006	(yagV/ecpE) E. coli common pilus chaperone EcpE [ECP (VF0404)] [Escherichia coli O157:H7 str. EDL933]	
AI-5395_37_37_assembly.fasta	AI-5395_37_37_1	1638381	1640024	-	yagW/ecpD	1-1644/1644	===============	0/0	100.00	98.54	vfdb	NP_286007	(yagW/ecpD) polymerized tip adhesin of ECP fibers [ECP (VF0404)] [Escherichia coli O157:H7 str. EDL933]	
AI-5395_37_37_assembly.fasta	AI-5395_37_37_1	1640014	1642539	-	yagX/ecpC	1-2526/2526	===============	0/0	100.00	98.65	vfdb	NP_286008	(yagX/ecpC) E. coli common pilus usher EcpC [ECP (VF0404)] [Escherichia coli O157:H7 str. EDL933]	
AI-5395_37_37_assembly.fasta	AI-5395_37_37_1	1642565	1643233	-	yagY/ecpB	1-669/669	===============	0/0	100.00	98.66	vfdb	NP_286009	(yagY/ecpB) E. coli common pilus chaperone EcpB [ECP (VF0404)] [Escherichia coli O157:H7 str. EDL933]	
AI-5395_37_37_assembly.fasta	AI-5395_37_37_1	1643291	1643878	-	yagZ/ecpA	1-588/588	===============	0/0	100.00	99.32	vfdb	NP_286010	(yagZ/ecpA) E. coli common pilus structural subunit EcpA [ECP (VF0404)] [Escherichia coli O157:H7 str. EDL933]	
AI-5395_37_37_assembly.fasta	AI-5395_37_37_1	1643953	1644543	-	ykgK/ecpR	1-591/591	===============	0/0	100.00	97.63	vfdb	NP_286011	(ykgK/ecpR) regulator protein EcpR [ECP (VF0404)] [Escherichia coli O157:H7 str. EDL933]	
AI-5395_37_37_assembly.fasta	AI-5395_37_37_1	1647563	1651804	+	fdeC	1-4245/4251	========/======	3/5	99.76	92.35	vfdb	YP_002390132	(fdeC) adhesin FdeC [FdeC (VF0506)] [Escherichia coli O45:K1:H7 str. S88]	
AI-5395_37_37_assembly.fasta	AI-5395_37_37_1	1944840	1945610	-	entD	1-771/771	===============	0/0	100.00	94.03	vfdb	NP_752599	(entD) phosphopantetheinyl transferase component of enterobactin synthase multienzyme complex [Enterobactin (VF0228)] [Escherichia coli CFT073]	
AI-5395_37_37_assembly.fasta	AI-5395_37_37_1	1945635	1947875	-	fepA	1-2241/2241	===============	0/0	100.00	96.79	vfdb	NP_752600	(fepA) ferrienterobactin outer membrane transporter [Enterobactin (VF0228)] [Escherichia coli CFT073]	
AI-5395_37_37_assembly.fasta	AI-5395_37_37_1	1948118	1949320	+	fes	1-1203/1203	===============	0/0	100.00	96.76	vfdb	NP_752602	(fes) enterobactin/ferric enterobactin esterase [enterobactin (IA019)] [Escherichia coli CFT073]	
AI-5395_37_37_assembly.fasta	AI-5395_37_37_1	1949538	1953391	+	entF	1-3854/3882	===============	0/0	99.28	95.61	vfdb	NP_752604	(entF) enterobactin synthase multienzyme complex component ATP-dependent [Enterobactin (VF0228)] [Escherichia coli CFT073]	
AI-5395_37_37_assembly.fasta	AI-5395_37_37_1	1954765	1955580	-	fepC	1-816/816	===============	0/0	100.00	96.94	vfdb	NP_752606	(fepC) ferrienterobactin ABC transporter ATPase [Enterobactin (VF0228)] [Escherichia coli CFT073]	
AI-5395_37_37_assembly.fasta	AI-5395_37_37_1	1955577	1956569	-	fepG	1-993/993	===============	0/0	100.00	94.56	vfdb	NP_752607	(fepG) iron-enterobactin ABC transporter permease [Enterobactin (VF0228)] [Escherichia coli CFT073]	
AI-5395_37_37_assembly.fasta	AI-5395_37_37_1	1956566	1957582	-	fepD	1-1017/1017	===============	0/0	100.00	95.67	vfdb	NP_752608	(fepD) ferrienterobactin ABC transporter permease [Enterobactin (VF0228)] [Escherichia coli CFT073]	
AI-5395_37_37_assembly.fasta	AI-5395_37_37_1	1957681	1958931	+	entS	1-1251/1251	===============	0/0	100.00	95.44	vfdb	NP_752609	(entS) enterobactin exporter iron-regulated [enterobactin (IA019)] [Escherichia coli CFT073]	
AI-5395_37_37_assembly.fasta	AI-5395_37_37_1	1958935	1959891	-	fepB	1-957/957	===============	0/0	100.00	97.28	vfdb	NP_752610	(fepB) ferrienterobactin ABC transporter periplasmic binding protein [Enterobactin (VF0228)] [Escherichia coli CFT073]	
AI-5395_37_37_assembly.fasta	AI-5395_37_37_1	1960254	1961441	+	entC	1-1188/1188	===============	0/0	100.00	97.56	vfdb	NP_752611	(entC) isochorismate synthase 1 [Enterobactin (VF0228)] [Escherichia coli CFT073]	
AI-5395_37_37_assembly.fasta	AI-5395_37_37_1	1961451	1963061	+	entE	1-1611/1611	===============	0/0	100.00	95.90	vfdb	NP_752612	(entE) 23-dihydroxybenzoate-AMP ligase component of enterobactin synthase multienzyme complex [Enterobactin (VF0228)] [Escherichia coli CFT073]	
AI-5395_37_37_assembly.fasta	AI-5395_37_37_1	1963075	1963932	+	entB	1-858/858	===============	0/0	100.00	97.44	vfdb	NP_752613	(entB) isochorismatase [Enterobactin (VF0228)] [Escherichia coli CFT073]	
AI-5395_37_37_assembly.fasta	AI-5395_37_37_1	1963932	1964678	+	entA	1-747/747	===============	0/0	100.00	95.98	vfdb	NP_752614	(entA) 23-dihydro-23-dihydroxybenzoate dehydrogenase [Enterobactin (VF0228)] [Escherichia coli CFT073]	
AI-5395_37_37_assembly.fasta	AI-5395_37_37_1	2390287	2391339	-	ompA	1-1041/1041	========/======	1/12	100.00	94.30	vfdb	AAF37887	(ompA) outer membrane protein A [OmpA (VF0236)] [Escherichia coli O18:K1:H7 str. RS218]	
AI-5395_37_37_assembly.fasta	AI-5395_37_37_1	2470579	2471412	-	csgG	1-834/834	===============	0/0	100.00	83.09	vfdb	NP_460110	(csgG) curli production assembly/transport protein CsgG [Agf (VF0103)] [Salmonella enterica subsp. enterica serovar Typhimurium str. LT2]	
AI-5395_37_37_assembly.fasta	AI-5395_37_37_1	2471439	2471855	-	csgF	1-417/417	========/======	3/8	99.04	81.23	vfdb	NP_460111	(csgF) curli production assembly/transport protein CsgF [Agf (VF0103)] [Salmonella enterica subsp. enterica serovar Typhimurium str. LT2]	
AI-5395_37_37_assembly.fasta	AI-5395_37_37_1	2472274	2472924	-	csgD	1-651/651	===============	0/0	100.00	81.11	vfdb	NP_460113	(csgD) DNA-binding transcriptional regulator CsgD [curli fibers/thin aggregative fimbriae (AGF) (AI094)] [Salmonella enterica subsp. enterica serovar Typhimurium str. LT2]	
AI-5395_37_37_assembly.fasta	AI-5395_37_37_1	2473678	2474133	+	csgB	1-456/456	========/======	2/2	99.78	83.81	vfdb	NP_460114	(csgB) minor curlin subunit precursor curli nucleator protein CsgB [Agf (VF0103)] [Salmonella enterica subsp. enterica serovar Typhimurium str. LT2]	
AI-5395_37_37_assembly.fasta	AI-5395_37_37_1	2920881	2921936	-	espR1	198-1253/1260	..=============	0/0	83.81	94.13	vfdb	NP_287686	(espR1) Type III secretion system effector espR1 [LEE encoded T3SS (SS020)] [Escherichia coli O157:H7 str. EDL933]	
AI-5395_37_37_assembly.fasta	AI-5395_37_37_1	3169998	3171896	+	espL1	1-1899/1899	===============	0/0	100.00	94.79	vfdb	NP_288154	(espL1) Type III secretion system effector espL1 [LEE encoded T3SS (SS020)] [Escherichia coli O157:H7 str. EDL933]	
AI-5395_37_37_assembly.fasta	AI-5395_37_37_1	4511092	4511514	-	gspM	1-423/423	===============	0/0	100.00	94.09	vfdb	YP_404609	(gspM) general secretion pathway protein M [T2SS (VF0333)] [Shigella dysenteriae Sd197]	
AI-5395_37_37_assembly.fasta	AI-5395_37_37_1	4511630	4512490	-	gspL	1-861/861	===============	0/0	100.00	97.56	vfdb	YP_404608	(gspL) general secretion pathway protein L [T2SS (VF0333)] [Shigella dysenteriae Sd197]	
AI-5395_37_37_assembly.fasta	AI-5395_37_37_1	4512805	4513782	-	gspK	1-978/978	===============	0/0	100.00	96.11	vfdb	YP_404607	(gspK) general secretion pathway protein K [T2SS (VF0333)] [Shigella dysenteriae Sd197]	
AI-5395_37_37_assembly.fasta	AI-5395_37_37_1	4513779	4514348	-	gspJ	1-570/570	===============	0/0	100.00	96.49	vfdb	YP_404606	(gspJ) general secretion pathway protein J [T2SS (VF0333)] [Shigella dysenteriae Sd197]	
AI-5395_37_37_assembly.fasta	AI-5395_37_37_1	4514381	4514752	-	gspI	1-372/372	===============	0/0	100.00	95.16	vfdb	YP_404605	(gspI) general secretion pathway protein I [T2SS (VF0333)] [Shigella dysenteriae Sd197]	
AI-5395_37_37_assembly.fasta	AI-5395_37_37_1	4514749	4515279	-	gspH	1-531/531	===============	0/0	100.00	95.86	vfdb	YP_404604	(gspH) general secretion pathway protein H [T2SS (VF0333)] [Shigella dysenteriae Sd197]	
AI-5395_37_37_assembly.fasta	AI-5395_37_37_1	4515316	4515771	-	gspG	1-456/456	===============	0/0	100.00	95.61	vfdb	YP_404603	(gspG) general secretion pathway protein G [T2SS (VF0333)] [Shigella dysenteriae Sd197]	
AI-5395_37_37_assembly.fasta	AI-5395_37_37_1	4515812	4517011	-	gspF	1-1200/1200	===============	0/0	100.00	96.33	vfdb	YP_404602	(gspF) general secretion pathway protein F [T2SS (VF0333)] [Shigella dysenteriae Sd197]	
AI-5395_37_37_assembly.fasta	AI-5395_37_37_1	4517011	4518504	-	gspE	1-1494/1494	===============	0/0	100.00	96.25	vfdb	YP_404601	(gspE) general secretion pathway protein E [T2SS (VF0333)] [Shigella dysenteriae Sd197]	
AI-5395_37_37_assembly.fasta	AI-5395_37_37_1	4518504	4520354	-	gspD	1-1836/1836	========/======	1/15	100.00	97.30	vfdb	YP_404600	(gspD) general secretion pathway protein D [T2SS (VF0333)] [Shigella dysenteriae Sd197]	
AI-5395_37_37_assembly.fasta	AI-5395_37_37_1	4520594	4521424	-	gspC	1-831/831	===============	0/0	100.00	95.07	vfdb	YP_404599	(gspC) general secretion pathway protein C [T2SS (VF0333)] [Shigella dysenteriae Sd197]	
AI-5395_38_38_assembly.fasta	AI-5395_38_38_2	107729	108784	-	espR1	198-1253/1260	..=============	0/0	83.81	94.13	vfdb	NP_287686	(espR1) Type III secretion system effector espR1 [LEE encoded T3SS (SS020)] [Escherichia coli O157:H7 str. EDL933]	
AI-5395_38_38_assembly.fasta	AI-5395_38_38_2	363407	365303	+	espL1	1-1899/1899	========/======	1/2	99.89	94.79	vfdb	NP_288154	(espL1) Type III secretion system effector espL1 [LEE encoded T3SS (SS020)] [Escherichia coli O157:H7 str. EDL933]	
AI-5395_38_38_assembly.fasta	AI-5395_38_38_2	627383	628687	-	ybtS	1-1305/1305	===============	0/0	100.00	99.77	vfdb	NP_405477	(ybtS) salicylate synthase Irp9 [Yersiniabactin (VF0136)] [Yersinia pestis CO92]	
AI-5395_38_38_assembly.fasta	AI-5395_38_38_2	628715	629995	-	ybtX	1-1281/1281	===============	0/0	100.00	99.61	vfdb	NP_405476	(ybtX) putative signal transducer [Yersiniabactin (VF0136)] [Yersinia pestis CO92]	
AI-5395_38_38_assembly.fasta	AI-5395_38_38_2	629988	631790	-	ybtQ	1-1803/1803	===============	0/0	100.00	99.78	vfdb	NP_405475	(ybtQ) inner membrane ABC-transporter YbtQ [Yersiniabactin (VF0136)] [Yersinia pestis CO92]	
AI-5395_38_38_assembly.fasta	AI-5395_38_38_2	631777	633579	-	ybtP	1-1803/1803	===============	0/0	100.00	99.67	vfdb	NP_405474	(ybtP) lipoprotein inner membrane ABC-transporter [Yersiniabactin (VF0136)] [Yersinia pestis CO92]	
AI-5395_38_38_assembly.fasta	AI-5395_38_38_2	633746	634705	+	ybtA	1-960/960	===============	0/0	100.00	99.48	vfdb	NP_405473	(ybtA) transcriptional regulator YbtA [Yersiniabactin (VF0136)] [Yersinia pestis CO92]	
AI-5395_38_38_assembly.fasta	AI-5395_38_38_2	634896	641003	+	irp2	1-6108/6108	===============	0/0	100.00	99.51	vfdb	NP_405472	(irp2) yersiniabactin biosynthetic protein Irp2 [Yersiniabactin (VF0136)] [Yersinia pestis CO92]	
AI-5395_38_38_assembly.fasta	AI-5395_38_38_2	641091	650582	+	irp1	1-9492/9492	===============	0/0	100.00	99.70	vfdb	NP_405471	(irp1) yersiniabactin biosynthetic protein Irp1 [Yersiniabactin (VF0136)] [Yersinia pestis CO92]	
AI-5395_38_38_assembly.fasta	AI-5395_38_38_2	650579	651679	+	ybtU	1-1101/1101	===============	0/0	100.00	99.64	vfdb	NP_405470	(ybtU) yersiniabactin biosynthetic protein YbtU [Yersiniabactin (VF0136)] [Yersinia pestis CO92]	
AI-5395_38_38_assembly.fasta	AI-5395_38_38_2	651676	652479	+	ybtT	1-804/804	===============	0/0	100.00	99.75	vfdb	NP_405469	(ybtT) yersiniabactin biosynthetic protein YbtT [Yersiniabactin (VF0136)] [Yersinia pestis CO92]	
AI-5395_38_38_assembly.fasta	AI-5395_38_38_2	652483	654060	+	ybtE	1-1578/1578	===============	0/0	100.00	99.87	vfdb	NP_405468	(ybtE) yersiniabactin siderophore biosynthetic protein [Yersiniabactin (VF0136)] [Yersinia pestis CO92]	
AI-5395_38_38_assembly.fasta	AI-5395_38_38_2	654191	656212	+	fyuA	1-2022/2022	===============	0/0	100.00	99.85	vfdb	NP_405467	(fyuA) pesticin/yersiniabactin receptor protein [Yersiniabactin (VF0136)] [Yersinia pestis CO92]	
AI-5395_38_38_assembly.fasta	AI-5395_38_38_2	683444	683806	+	gtrA	1-363/363	===============	0/0	100.00	90.91	vfdb	NP_706257	(gtrA) bactoprenol-linked glucose translocase/flippase [LPS (VF0124)] [Shigella flexneri 2a str. 301]	
AI-5395_38_38_assembly.fasta	AI-5395_38_38_2	683803	684701	+	gtrB	1-899/930	========/======	2/2	96.56	82.11	vfdb	NP_706258	(gtrB) bactoprenol glucosyl transferase [LPS (VF0124)] [Shigella flexneri 2a str. 301]	
AI-5395_38_38_assembly.fasta	AI-5395_38_38_2	1783341	1785017	+	kpsD	1-1677/1677	===============	0/0	100.00	97.85	vfdb	AAA21682	(kpsD) KpsD [K1 capsule (VF0239)] [Escherichia coli O18:K1:H7 str. RS218]	
AI-5395_38_38_assembly.fasta	AI-5395_38_38_2	1795656	1796077	-	gspM	1-422/423	===============	0/0	99.76	93.36	vfdb	YP_404609	(gspM) general secretion pathway protein M [T2SS (VF0333)] [Shigella dysenteriae Sd197]	
AI-5395_38_38_assembly.fasta	AI-5395_38_38_2	1796193	1797053	-	gspL	1-861/861	===============	0/0	100.00	95.70	vfdb	YP_404608	(gspL) general secretion pathway protein L [T2SS (VF0333)] [Shigella dysenteriae Sd197]	
AI-5395_38_38_assembly.fasta	AI-5395_38_38_2	1797368	1798345	-	gspK	1-978/978	===============	0/0	100.00	96.52	vfdb	YP_404607	(gspK) general secretion pathway protein K [T2SS (VF0333)] [Shigella dysenteriae Sd197]	
AI-5395_38_38_assembly.fasta	AI-5395_38_38_2	1798342	1798911	-	gspJ	1-570/570	===============	0/0	100.00	94.56	vfdb	YP_404606	(gspJ) general secretion pathway protein J [T2SS (VF0333)] [Shigella dysenteriae Sd197]	
AI-5395_38_38_assembly.fasta	AI-5395_38_38_2	1798944	1799315	-	gspI	1-372/372	===============	0/0	100.00	92.20	vfdb	YP_404605	(gspI) general secretion pathway protein I [T2SS (VF0333)] [Shigella dysenteriae Sd197]	
AI-5395_38_38_assembly.fasta	AI-5395_38_38_2	1799312	1799842	-	gspH	1-531/531	===============	0/0	100.00	94.35	vfdb	YP_404604	(gspH) general secretion pathway protein H [T2SS (VF0333)] [Shigella dysenteriae Sd197]	
AI-5395_38_38_assembly.fasta	AI-5395_38_38_2	1799879	1800334	-	gspG	1-456/456	===============	0/0	100.00	96.27	vfdb	YP_404603	(gspG) general secretion pathway protein G [T2SS (VF0333)] [Shigella dysenteriae Sd197]	
AI-5395_38_38_assembly.fasta	AI-5395_38_38_2	1800375	1801574	-	gspF	1-1200/1200	===============	0/0	100.00	94.67	vfdb	YP_404602	(gspF) general secretion pathway protein F [T2SS (VF0333)] [Shigella dysenteriae Sd197]	
AI-5395_38_38_assembly.fasta	AI-5395_38_38_2	1801574	1803066	-	gspE	1-1494/1494	========/======	1/1	99.93	94.04	vfdb	YP_404601	(gspE) general secretion pathway protein E [T2SS (VF0333)] [Shigella dysenteriae Sd197]	
AI-5395_38_38_assembly.fasta	AI-5395_38_38_2	1803066	1804916	-	gspD	1-1836/1836	========/======	1/15	100.00	95.95	vfdb	YP_404600	(gspD) general secretion pathway protein D [T2SS (VF0333)] [Shigella dysenteriae Sd197]	
AI-5395_38_38_assembly.fasta	AI-5395_38_38_2	1805156	1805986	-	gspC	1-831/831	===============	0/0	100.00	95.43	vfdb	YP_404599	(gspC) general secretion pathway protein C [T2SS (VF0333)] [Shigella dysenteriae Sd197]	
AI-5395_38_38_assembly.fasta	AI-5395_38_38_2	2990818	2992399	+	espX4	1-1581/1581	========/======	3/3	99.94	92.86	vfdb	NP_290672	(espX4) Type III secretion system effector EspX4 [LEE encoded T3SS (SS020)] [Escherichia coli O157:H7 str. EDL933]	
AI-5395_38_38_assembly.fasta	AI-5395_38_38_2	3021925	3023217	-	espX5	1-1293/1293	===============	0/0	100.00	95.51	vfdb	NP_290699	(espX5) Type III secretion system effector EspX5 [LEE encoded T3SS (SS020)] [Escherichia coli O157:H7 str. EDL933]	
AI-5395_38_38_assembly.fasta	AI-5395_38_38_2	3287590	3288192	+	fimB	1-603/603	===============	0/0	100.00	98.01	vfdb	NP_757239	(fimB) Type 1 fimbriae Regulatory protein fimB [Type 1 fimbriae (VF0221)] [Escherichia coli CFT073]	
AI-5395_38_38_assembly.fasta	AI-5395_38_38_2	3288670	3289266	+	fimE	1-597/597	===============	0/0	100.00	98.49	vfdb	NP_757240	(fimE) Type 1 fimbriae Regulatory protein fimE [Type 1 fimbriae (VF0221)] [Escherichia coli CFT073]	
AI-5395_38_38_assembly.fasta	AI-5395_38_38_2	3289690	3290294	+	fimA	1-606/606	========/======	1/1	99.83	90.59	vfdb	NP_757241	(fimA) Type-1 fimbrial protein A chain precursor [Type 1 fimbriae (VF0221)] [Escherichia coli CFT073]	
AI-5395_38_38_assembly.fasta	AI-5395_38_38_2	3290359	3290898	+	fimI	1-540/540	===============	0/0	100.00	98.70	vfdb	NP_757242	(fimI) Fimbrin-like protein fimI precursor [Type 1 fimbriae (VF0221)] [Escherichia coli CFT073]	
AI-5395_38_38_assembly.fasta	AI-5395_38_38_2	3290935	3291660	+	fimC	1-726/726	===============	0/0	100.00	98.62	vfdb	NP_757243	(fimC) Chaperone protein fimC precursor [Type 1 fimbriae (VF0221)] [Escherichia coli CFT073]	
AI-5395_38_38_assembly.fasta	AI-5395_38_38_2	3291727	3294363	+	fimD	1-2637/2637	===============	0/0	100.00	98.71	vfdb	NP_757244	(fimD) Outer membrane usher protein fimD precursor [Type 1 fimbriae (VF0221)] [Escherichia coli CFT073]	
AI-5395_38_38_assembly.fasta	AI-5395_38_38_2	3294370	3294903	+	fimF	1-534/534	===============	0/0	100.00	97.75	vfdb	NP_757245	(fimF) FimF protein precursor [Type 1 fimbriae (VF0221)] [Escherichia coli CFT073]	
AI-5395_38_38_assembly.fasta	AI-5395_38_38_2	3294916	3295419	+	fimG	1-504/504	===============	0/0	100.00	98.21	vfdb	NP_757247	(fimG) FimG protein precursor [Type 1 fimbriae (VF0221)] [Escherichia coli CFT073]	
AI-5395_38_38_assembly.fasta	AI-5395_38_38_2	3295430	3296341	+	fimH	1-912/912	===============	0/0	100.00	97.81	vfdb	NP_757248	(fimH) FimH protein precursor [Type 1 fimbriae (VF0221)] [Escherichia coli CFT073]	
AI-5395_38_38_assembly.fasta	AI-5395_38_38_2	3408691	3410110	-	espX1	1-1422/1422	========/======	2/2	99.86	94.30	vfdb	NP_285716	(espX1) Type III secretion system effector EspX1 [LEE encoded T3SS (SS020)] [Escherichia coli O157:H7 str. EDL933]	
AI-5395_38_38_assembly.fasta	AI-5395_38_38_2	3737729	3738482	-	yagV/ecpE	1-754/756	===============	0/0	99.74	97.08	vfdb	NP_286006	(yagV/ecpE) E. coli common pilus chaperone EcpE [ECP (VF0404)] [Escherichia coli O157:H7 str. EDL933]	
AI-5395_38_38_assembly.fasta	AI-5395_38_38_2	3738406	3740049	-	yagW/ecpD	1-1644/1644	===============	0/0	100.00	99.03	vfdb	NP_286007	(yagW/ecpD) polymerized tip adhesin of ECP fibers [ECP (VF0404)] [Escherichia coli O157:H7 str. EDL933]	
AI-5395_38_38_assembly.fasta	AI-5395_38_38_2	3740039	3742564	-	yagX/ecpC	1-2526/2526	===============	0/0	100.00	98.73	vfdb	NP_286008	(yagX/ecpC) E. coli common pilus usher EcpC [ECP (VF0404)] [Escherichia coli O157:H7 str. EDL933]	
AI-5395_38_38_assembly.fasta	AI-5395_38_38_2	3742590	3743258	-	yagY/ecpB	1-669/669	===============	0/0	100.00	98.06	vfdb	NP_286009	(yagY/ecpB) E. coli common pilus chaperone EcpB [ECP (VF0404)] [Escherichia coli O157:H7 str. EDL933]	
AI-5395_38_38_assembly.fasta	AI-5395_38_38_2	3743316	3743903	-	yagZ/ecpA	1-588/588	===============	0/0	100.00	98.98	vfdb	NP_286010	(yagZ/ecpA) E. coli common pilus structural subunit EcpA [ECP (VF0404)] [Escherichia coli O157:H7 str. EDL933]	
AI-5395_38_38_assembly.fasta	AI-5395_38_38_2	3743978	3744568	-	ykgK/ecpR	1-591/591	===============	0/0	100.00	96.95	vfdb	NP_286011	(ykgK/ecpR) regulator protein EcpR [ECP (VF0404)] [Escherichia coli O157:H7 str. EDL933]	
AI-5395_38_38_assembly.fasta	AI-5395_38_38_2	3747589	3751837	+	fdeC	1-4246/4251	========/======	1/3	99.88	94.23	vfdb	YP_002390132	(fdeC) adhesin FdeC [FdeC (VF0506)] [Escherichia coli O45:K1:H7 str. S88]	
AI-5395_38_38_assembly.fasta	AI-5395_38_38_2	4039512	4040282	-	entD	1-771/771	===============	0/0	100.00	94.03	vfdb	NP_752599	(entD) phosphopantetheinyl transferase component of enterobactin synthase multienzyme complex [Enterobactin (VF0228)] [Escherichia coli CFT073]	
AI-5395_38_38_assembly.fasta	AI-5395_38_38_2	4040307	4042547	-	fepA	1-2241/2241	===============	0/0	100.00	96.74	vfdb	NP_752600	(fepA) ferrienterobactin outer membrane transporter [Enterobactin (VF0228)] [Escherichia coli CFT073]	
AI-5395_38_38_assembly.fasta	AI-5395_38_38_2	4042790	4043992	+	fes	1-1203/1203	===============	0/0	100.00	96.51	vfdb	NP_752602	(fes) enterobactin/ferric enterobactin esterase [enterobactin (IA019)] [Escherichia coli CFT073]	
AI-5395_38_38_assembly.fasta	AI-5395_38_38_2	4044210	4048039	+	entF	1-3830/3882	===============	0/0	98.66	95.85	vfdb	NP_752604	(entF) enterobactin synthase multienzyme complex component ATP-dependent [Enterobactin (VF0228)] [Escherichia coli CFT073]	
AI-5395_38_38_assembly.fasta	AI-5395_38_38_2	4049438	4050253	-	fepC	1-816/816	===============	0/0	100.00	97.18	vfdb	NP_752606	(fepC) ferrienterobactin ABC transporter ATPase [Enterobactin (VF0228)] [Escherichia coli CFT073]	
AI-5395_38_38_assembly.fasta	AI-5395_38_38_2	4050250	4051242	-	fepG	1-993/993	===============	0/0	100.00	94.76	vfdb	NP_752607	(fepG) iron-enterobactin ABC transporter permease [Enterobactin (VF0228)] [Escherichia coli CFT073]	
AI-5395_38_38_assembly.fasta	AI-5395_38_38_2	4051239	4052255	-	fepD	1-1017/1017	===============	0/0	100.00	96.36	vfdb	NP_752608	(fepD) ferrienterobactin ABC transporter permease [Enterobactin (VF0228)] [Escherichia coli CFT073]	
AI-5395_38_38_assembly.fasta	AI-5395_38_38_2	4052354	4053604	+	entS	1-1251/1251	===============	0/0	100.00	95.60	vfdb	NP_752609	(entS) enterobactin exporter iron-regulated [enterobactin (IA019)] [Escherichia coli CFT073]	
AI-5395_38_38_assembly.fasta	AI-5395_38_38_2	4053608	4054564	-	fepB	1-957/957	===============	0/0	100.00	97.28	vfdb	NP_752610	(fepB) ferrienterobactin ABC transporter periplasmic binding protein [Enterobactin (VF0228)] [Escherichia coli CFT073]	
AI-5395_38_38_assembly.fasta	AI-5395_38_38_2	4054927	4056114	+	entC	1-1188/1188	===============	0/0	100.00	97.56	vfdb	NP_752611	(entC) isochorismate synthase 1 [Enterobactin (VF0228)] [Escherichia coli CFT073]	
AI-5395_38_38_assembly.fasta	AI-5395_38_38_2	4056124	4057734	+	entE	1-1611/1611	===============	0/0	100.00	95.97	vfdb	NP_752612	(entE) 23-dihydroxybenzoate-AMP ligase component of enterobactin synthase multienzyme complex [Enterobactin (VF0228)] [Escherichia coli CFT073]	
AI-5395_38_38_assembly.fasta	AI-5395_38_38_2	4057748	4058605	+	entB	1-858/858	===============	0/0	100.00	98.02	vfdb	NP_752613	(entB) isochorismatase [Enterobactin (VF0228)] [Escherichia coli CFT073]	
AI-5395_38_38_assembly.fasta	AI-5395_38_38_2	4058605	4059351	+	entA	1-747/747	===============	0/0	100.00	95.98	vfdb	NP_752614	(entA) 23-dihydro-23-dihydroxybenzoate dehydrogenase [Enterobactin (VF0228)] [Escherichia coli CFT073]	
AI-5395_38_38_assembly.fasta	AI-5395_38_38_2	4449045	4450097	-	ompA	1-1041/1041	========/======	1/12	100.00	94.21	vfdb	AAF37887	(ompA) outer membrane protein A [OmpA (VF0236)] [Escherichia coli O18:K1:H7 str. RS218]	
AI-5395_38_38_assembly.fasta	AI-5395_38_38_2	4529638	4530471	-	csgG	1-834/834	===============	0/0	100.00	83.09	vfdb	NP_460110	(csgG) curli production assembly/transport protein CsgG [Agf (VF0103)] [Salmonella enterica subsp. enterica serovar Typhimurium str. LT2]	
AI-5395_38_38_assembly.fasta	AI-5395_38_38_2	4530498	4530914	-	csgF	1-417/417	========/======	3/8	99.04	81.23	vfdb	NP_460111	(csgF) curli production assembly/transport protein CsgF [Agf (VF0103)] [Salmonella enterica subsp. enterica serovar Typhimurium str. LT2]	
AI-5395_38_38_assembly.fasta	AI-5395_38_38_2	4531333	4531983	-	csgD	1-651/651	===============	0/0	100.00	81.11	vfdb	NP_460113	(csgD) DNA-binding transcriptional regulator CsgD [curli fibers/thin aggregative fimbriae (AGF) (AI094)] [Salmonella enterica subsp. enterica serovar Typhimurium str. LT2]	
AI-5395_38_38_assembly.fasta	AI-5395_38_38_2	4532737	4533192	+	csgB	1-456/456	========/======	2/2	99.78	83.81	vfdb	NP_460114	(csgB) minor curlin subunit precursor curli nucleator protein CsgB [Agf (VF0103)] [Salmonella enterica subsp. enterica serovar Typhimurium str. LT2]	
AI-5395_39_39_assembly.fasta	AI-5395_39_39_1	2291299	2293197	-	espL1	1-1899/1899	===============	0/0	100.00	95.00	vfdb	NP_288154	(espL1) Type III secretion system effector espL1 [LEE encoded T3SS (SS020)] [Escherichia coli O157:H7 str. EDL933]	
AI-5395_39_39_assembly.fasta	AI-5395_39_39_1	2540946	2542001	+	espR1	198-1253/1260	..=============	0/0	83.81	94.13	vfdb	NP_287686	(espR1) Type III secretion system effector espR1 [LEE encoded T3SS (SS020)] [Escherichia coli O157:H7 str. EDL933]	
AI-5395_39_39_assembly.fasta	AI-5395_39_39_1	3033678	3034133	-	csgB	1-456/456	========/======	2/2	99.78	84.03	vfdb	NP_460114	(csgB) minor curlin subunit precursor curli nucleator protein CsgB [Agf (VF0103)] [Salmonella enterica subsp. enterica serovar Typhimurium str. LT2]	
AI-5395_39_39_assembly.fasta	AI-5395_39_39_1	3034887	3035537	+	csgD	1-651/651	===============	0/0	100.00	81.11	vfdb	NP_460113	(csgD) DNA-binding transcriptional regulator CsgD [curli fibers/thin aggregative fimbriae (AGF) (AI094)] [Salmonella enterica subsp. enterica serovar Typhimurium str. LT2]	
AI-5395_39_39_assembly.fasta	AI-5395_39_39_1	3035956	3036372	+	csgF	1-417/417	========/======	3/8	99.04	81.23	vfdb	NP_460111	(csgF) curli production assembly/transport protein CsgF [Agf (VF0103)] [Salmonella enterica subsp. enterica serovar Typhimurium str. LT2]	
AI-5395_39_39_assembly.fasta	AI-5395_39_39_1	3036399	3037232	+	csgG	1-834/834	===============	0/0	100.00	82.97	vfdb	NP_460110	(csgG) curli production assembly/transport protein CsgG [Agf (VF0103)] [Salmonella enterica subsp. enterica serovar Typhimurium str. LT2]	
AI-5395_39_39_assembly.fasta	AI-5395_39_39_1	3116843	3117883	+	ompA	1-1041/1041	===============	0/0	100.00	97.98	vfdb	AAF37887	(ompA) outer membrane protein A [OmpA (VF0236)] [Escherichia coli O18:K1:H7 str. RS218]	
AI-5395_39_39_assembly.fasta	AI-5395_39_39_1	3574197	3574943	-	entA	1-747/747	===============	0/0	100.00	95.05	vfdb	NP_752614	(entA) 23-dihydro-23-dihydroxybenzoate dehydrogenase [Enterobactin (VF0228)] [Escherichia coli CFT073]	
AI-5395_39_39_assembly.fasta	AI-5395_39_39_1	3574943	3575800	-	entB	1-858/858	===============	0/0	100.00	97.79	vfdb	NP_752613	(entB) isochorismatase [Enterobactin (VF0228)] [Escherichia coli CFT073]	
AI-5395_39_39_assembly.fasta	AI-5395_39_39_1	3575814	3577424	-	entE	1-1611/1611	===============	0/0	100.00	95.97	vfdb	NP_752612	(entE) 23-dihydroxybenzoate-AMP ligase component of enterobactin synthase multienzyme complex [Enterobactin (VF0228)] [Escherichia coli CFT073]	
AI-5395_39_39_assembly.fasta	AI-5395_39_39_1	3577434	3578621	-	entC	1-1188/1188	===============	0/0	100.00	97.56	vfdb	NP_752611	(entC) isochorismate synthase 1 [Enterobactin (VF0228)] [Escherichia coli CFT073]	
AI-5395_39_39_assembly.fasta	AI-5395_39_39_1	3578984	3579940	+	fepB	1-957/957	===============	0/0	100.00	97.39	vfdb	NP_752610	(fepB) ferrienterobactin ABC transporter periplasmic binding protein [Enterobactin (VF0228)] [Escherichia coli CFT073]	
AI-5395_39_39_assembly.fasta	AI-5395_39_39_1	3579944	3581194	-	entS	1-1251/1251	===============	0/0	100.00	95.68	vfdb	NP_752609	(entS) enterobactin exporter iron-regulated [enterobactin (IA019)] [Escherichia coli CFT073]	
AI-5395_39_39_assembly.fasta	AI-5395_39_39_1	3581293	3582309	+	fepD	1-1017/1017	===============	0/0	100.00	96.36	vfdb	NP_752608	(fepD) ferrienterobactin ABC transporter permease [Enterobactin (VF0228)] [Escherichia coli CFT073]	
AI-5395_39_39_assembly.fasta	AI-5395_39_39_1	3582306	3583298	+	fepG	1-993/993	===============	0/0	100.00	94.76	vfdb	NP_752607	(fepG) iron-enterobactin ABC transporter permease [Enterobactin (VF0228)] [Escherichia coli CFT073]	
AI-5395_39_39_assembly.fasta	AI-5395_39_39_1	3583295	3584110	+	fepC	1-816/816	===============	0/0	100.00	97.18	vfdb	NP_752606	(fepC) ferrienterobactin ABC transporter ATPase [Enterobactin (VF0228)] [Escherichia coli CFT073]	
AI-5395_39_39_assembly.fasta	AI-5395_39_39_1	3585484	3589337	-	entF	1-3854/3882	===============	0/0	99.28	95.15	vfdb	NP_752604	(entF) enterobactin synthase multienzyme complex component ATP-dependent [Enterobactin (VF0228)] [Escherichia coli CFT073]	
AI-5395_39_39_assembly.fasta	AI-5395_39_39_1	3589555	3590757	-	fes	1-1203/1203	===============	0/0	100.00	96.43	vfdb	NP_752602	(fes) enterobactin/ferric enterobactin esterase [enterobactin (IA019)] [Escherichia coli CFT073]	
AI-5395_39_39_assembly.fasta	AI-5395_39_39_1	3591000	3593240	+	fepA	1-2241/2241	===============	0/0	100.00	96.79	vfdb	NP_752600	(fepA) ferrienterobactin outer membrane transporter [Enterobactin (VF0228)] [Escherichia coli CFT073]	
AI-5395_39_39_assembly.fasta	AI-5395_39_39_1	3593265	3594035	+	entD	1-771/771	===============	0/0	100.00	94.03	vfdb	NP_752599	(entD) phosphopantetheinyl transferase component of enterobactin synthase multienzyme complex [Enterobactin (VF0228)] [Escherichia coli CFT073]	
AI-5395_39_39_assembly.fasta	AI-5395_39_39_1	3920545	3924770	-	fdeC	1-4229/4251	========/======	1/3	99.41	91.08	vfdb	YP_002390132	(fdeC) adhesin FdeC [FdeC (VF0506)] [Escherichia coli O45:K1:H7 str. S88]	
AI-5395_39_39_assembly.fasta	AI-5395_39_39_1	3927790	3928380	+	ykgK/ecpR	1-591/591	===============	0/0	100.00	97.46	vfdb	NP_286011	(ykgK/ecpR) regulator protein EcpR [ECP (VF0404)] [Escherichia coli O157:H7 str. EDL933]	
AI-5395_39_39_assembly.fasta	AI-5395_39_39_1	3928455	3929042	+	yagZ/ecpA	1-588/588	===============	0/0	100.00	99.15	vfdb	NP_286010	(yagZ/ecpA) E. coli common pilus structural subunit EcpA [ECP (VF0404)] [Escherichia coli O157:H7 str. EDL933]	
AI-5395_39_39_assembly.fasta	AI-5395_39_39_1	3929100	3929768	+	yagY/ecpB	1-669/669	===============	0/0	100.00	98.21	vfdb	NP_286009	(yagY/ecpB) E. coli common pilus chaperone EcpB [ECP (VF0404)] [Escherichia coli O157:H7 str. EDL933]	
AI-5395_39_39_assembly.fasta	AI-5395_39_39_1	3929794	3932319	+	yagX/ecpC	1-2526/2526	===============	0/0	100.00	98.65	vfdb	NP_286008	(yagX/ecpC) E. coli common pilus usher EcpC [ECP (VF0404)] [Escherichia coli O157:H7 str. EDL933]	
AI-5395_39_39_assembly.fasta	AI-5395_39_39_1	3932309	3933952	+	yagW/ecpD	1-1644/1644	===============	0/0	100.00	98.66	vfdb	NP_286007	(yagW/ecpD) polymerized tip adhesin of ECP fibers [ECP (VF0404)] [Escherichia coli O157:H7 str. EDL933]	
AI-5395_39_39_assembly.fasta	AI-5395_39_39_1	3933876	3934629	+	yagV/ecpE	1-754/756	===============	0/0	99.74	96.82	vfdb	NP_286006	(yagV/ecpE) E. coli common pilus chaperone EcpE [ECP (VF0404)] [Escherichia coli O157:H7 str. EDL933]	
AI-5395_39_39_assembly.fasta	AI-5395_39_39_1	4205605	4207026	+	espX1	1-1422/1422	===============	0/0	100.00	94.30	vfdb	NP_285716	(espX1) Type III secretion system effector EspX1 [LEE encoded T3SS (SS020)] [Escherichia coli O157:H7 str. EDL933]	
AI-5395_39_39_assembly.fasta	AI-5395_39_39_1	4318078	4318989	-	fimH	1-912/912	===============	0/0	100.00	97.26	vfdb	NP_757248	(fimH) FimH protein precursor [Type 1 fimbriae (VF0221)] [Escherichia coli CFT073]	
AI-5395_39_39_assembly.fasta	AI-5395_39_39_1	4319000	4319503	-	fimG	1-504/504	===============	0/0	100.00	97.82	vfdb	NP_757247	(fimG) FimG protein precursor [Type 1 fimbriae (VF0221)] [Escherichia coli CFT073]	
AI-5395_39_39_assembly.fasta	AI-5395_39_39_1	4319516	4320049	-	fimF	1-534/534	===============	0/0	100.00	98.13	vfdb	NP_757245	(fimF) FimF protein precursor [Type 1 fimbriae (VF0221)] [Escherichia coli CFT073]	
AI-5395_39_39_assembly.fasta	AI-5395_39_39_1	4320056	4322692	-	fimD	1-2637/2637	===============	0/0	100.00	98.60	vfdb	NP_757244	(fimD) Outer membrane usher protein fimD precursor [Type 1 fimbriae (VF0221)] [Escherichia coli CFT073]	
AI-5395_39_39_assembly.fasta	AI-5395_39_39_1	4322759	4323484	-	fimC	1-726/726	===============	0/0	100.00	98.21	vfdb	NP_757243	(fimC) Chaperone protein fimC precursor [Type 1 fimbriae (VF0221)] [Escherichia coli CFT073]	
AI-5395_39_39_assembly.fasta	AI-5395_39_39_1	4323521	4324060	-	fimI	1-540/540	===============	0/0	100.00	98.70	vfdb	NP_757242	(fimI) Fimbrin-like protein fimI precursor [Type 1 fimbriae (VF0221)] [Escherichia coli CFT073]	
AI-5395_39_39_assembly.fasta	AI-5395_39_39_1	4324125	4324730	-	fimA	1-606/606	===============	0/0	100.00	90.92	vfdb	NP_757241	(fimA) Type-1 fimbrial protein A chain precursor [Type 1 fimbriae (VF0221)] [Escherichia coli CFT073]	
AI-5395_39_39_assembly.fasta	AI-5395_39_39_1	4325154	4325750	-	fimE	1-597/597	===============	0/0	100.00	99.33	vfdb	NP_757240	(fimE) Type 1 fimbriae Regulatory protein fimE [Type 1 fimbriae (VF0221)] [Escherichia coli CFT073]	
AI-5395_39_39_assembly.fasta	AI-5395_39_39_1	4326228	4326830	-	fimB	1-603/603	===============	0/0	100.00	97.68	vfdb	NP_757239	(fimB) Type 1 fimbriae Regulatory protein fimB [Type 1 fimbriae (VF0221)] [Escherichia coli CFT073]	
AI-5395_39_39_assembly.fasta	AI-5395_39_39_1	4546311	4547603	+	espX5	1-1293/1293	===============	0/0	100.00	95.67	vfdb	NP_290699	(espX5) Type III secretion system effector EspX5 [LEE encoded T3SS (SS020)] [Escherichia coli O157:H7 str. EDL933]	
AI-5395_39_39_assembly.fasta	AI-5395_39_39_1	4577142	4578722	-	espX4	1-1581/1581	========/======	2/2	99.94	93.05	vfdb	NP_290672	(espX4) Type III secretion system effector EspX4 [LEE encoded T3SS (SS020)] [Escherichia coli O157:H7 str. EDL933]	
AI-5395_3_3_assembly.fasta	AI-5395_3_3_1	471439	471894	-	csgB	1-456/456	========/======	2/2	99.78	83.37	vfdb	NP_460114	(csgB) minor curlin subunit precursor curli nucleator protein CsgB [Agf (VF0103)] [Salmonella enterica subsp. enterica serovar Typhimurium str. LT2]	
AI-5395_3_3_assembly.fasta	AI-5395_3_3_1	472648	473298	+	csgD	1-651/651	===============	0/0	100.00	81.72	vfdb	NP_460113	(csgD) DNA-binding transcriptional regulator CsgD [curli fibers/thin aggregative fimbriae (AGF) (AI094)] [Salmonella enterica subsp. enterica serovar Typhimurium str. LT2]	
AI-5395_3_3_assembly.fasta	AI-5395_3_3_1	473717	474133	+	csgF	1-417/417	========/======	3/8	99.04	80.76	vfdb	NP_460111	(csgF) curli production assembly/transport protein CsgF [Agf (VF0103)] [Salmonella enterica subsp. enterica serovar Typhimurium str. LT2]	
AI-5395_3_3_assembly.fasta	AI-5395_3_3_1	474160	474993	+	csgG	1-834/834	===============	0/0	100.00	83.57	vfdb	NP_460110	(csgG) curli production assembly/transport protein CsgG [Agf (VF0103)] [Salmonella enterica subsp. enterica serovar Typhimurium str. LT2]	
AI-5395_3_3_assembly.fasta	AI-5395_3_3_1	544086	545126	+	ompA	1-1041/1041	===============	0/0	100.00	98.94	vfdb	AAF37887	(ompA) outer membrane protein A [OmpA (VF0236)] [Escherichia coli O18:K1:H7 str. RS218]	
AI-5395_3_3_assembly.fasta	AI-5395_3_3_1	977184	977930	-	entA	1-747/747	===============	0/0	100.00	96.12	vfdb	NP_752614	(entA) 23-dihydro-23-dihydroxybenzoate dehydrogenase [Enterobactin (VF0228)] [Escherichia coli CFT073]	
AI-5395_3_3_assembly.fasta	AI-5395_3_3_1	977930	978787	-	entB	1-858/858	===============	0/0	100.00	98.60	vfdb	NP_752613	(entB) isochorismatase [Enterobactin (VF0228)] [Escherichia coli CFT073]	
AI-5395_3_3_assembly.fasta	AI-5395_3_3_1	978801	980411	-	entE	1-1611/1611	===============	0/0	100.00	97.52	vfdb	NP_752612	(entE) 23-dihydroxybenzoate-AMP ligase component of enterobactin synthase multienzyme complex [Enterobactin (VF0228)] [Escherichia coli CFT073]	
AI-5395_3_3_assembly.fasta	AI-5395_3_3_1	980421	981608	-	entC	1-1188/1188	===============	0/0	100.00	96.89	vfdb	NP_752611	(entC) isochorismate synthase 1 [Enterobactin (VF0228)] [Escherichia coli CFT073]	
AI-5395_3_3_assembly.fasta	AI-5395_3_3_1	981785	982741	+	fepB	1-957/957	===============	0/0	100.00	97.28	vfdb	NP_752610	(fepB) ferrienterobactin ABC transporter periplasmic binding protein [Enterobactin (VF0228)] [Escherichia coli CFT073]	
AI-5395_3_3_assembly.fasta	AI-5395_3_3_1	982745	983995	-	entS	1-1251/1251	===============	0/0	100.00	95.92	vfdb	NP_752609	(entS) enterobactin exporter iron-regulated [enterobactin (IA019)] [Escherichia coli CFT073]	
AI-5395_3_3_assembly.fasta	AI-5395_3_3_1	984094	985110	+	fepD	1-1017/1017	===============	0/0	100.00	95.77	vfdb	NP_752608	(fepD) ferrienterobactin ABC transporter permease [Enterobactin (VF0228)] [Escherichia coli CFT073]	
AI-5395_3_3_assembly.fasta	AI-5395_3_3_1	985107	986099	+	fepG	1-993/993	===============	0/0	100.00	95.06	vfdb	NP_752607	(fepG) iron-enterobactin ABC transporter permease [Enterobactin (VF0228)] [Escherichia coli CFT073]	
AI-5395_3_3_assembly.fasta	AI-5395_3_3_1	986096	986911	+	fepC	1-816/816	===============	0/0	100.00	98.16	vfdb	NP_752606	(fepC) ferrienterobactin ABC transporter ATPase [Enterobactin (VF0228)] [Escherichia coli CFT073]	
AI-5395_3_3_assembly.fasta	AI-5395_3_3_1	988285	992138	-	entF	1-3854/3882	===============	0/0	99.28	95.07	vfdb	NP_752604	(entF) enterobactin synthase multienzyme complex component ATP-dependent [Enterobactin (VF0228)] [Escherichia coli CFT073]	
AI-5395_3_3_assembly.fasta	AI-5395_3_3_1	992356	993558	-	fes	1-1203/1203	===============	0/0	100.00	96.18	vfdb	NP_752602	(fes) enterobactin/ferric enterobactin esterase [enterobactin (IA019)] [Escherichia coli CFT073]	
AI-5395_3_3_assembly.fasta	AI-5395_3_3_1	993801	996040	+	fepA	1-2241/2241	========/======	1/1	99.96	96.88	vfdb	NP_752600	(fepA) ferrienterobactin outer membrane transporter [Enterobactin (VF0228)] [Escherichia coli CFT073]	
AI-5395_3_3_assembly.fasta	AI-5395_3_3_1	996065	996835	+	entD	1-771/771	===============	0/0	100.00	94.03	vfdb	NP_752599	(entD) phosphopantetheinyl transferase component of enterobactin synthase multienzyme complex [Enterobactin (VF0228)] [Escherichia coli CFT073]	
AI-5395_3_3_assembly.fasta	AI-5395_3_3_1	1272198	1276445	-	fdeC	1-4251/4251	========/======	1/3	99.93	97.84	vfdb	YP_002390132	(fdeC) adhesin FdeC [FdeC (VF0506)] [Escherichia coli O45:K1:H7 str. S88]	
AI-5395_3_3_assembly.fasta	AI-5395_3_3_1	1282789	1283379	+	ykgK/ecpR	1-591/591	===============	0/0	100.00	99.32	vfdb	NP_286011	(ykgK/ecpR) regulator protein EcpR [ECP (VF0404)] [Escherichia coli O157:H7 str. EDL933]	
AI-5395_3_3_assembly.fasta	AI-5395_3_3_1	1283454	1284041	+	yagZ/ecpA	1-588/588	===============	0/0	100.00	98.30	vfdb	NP_286010	(yagZ/ecpA) E. coli common pilus structural subunit EcpA [ECP (VF0404)] [Escherichia coli O157:H7 str. EDL933]	
AI-5395_3_3_assembly.fasta	AI-5395_3_3_1	1284098	1284766	+	yagY/ecpB	1-669/669	===============	0/0	100.00	98.21	vfdb	NP_286009	(yagY/ecpB) E. coli common pilus chaperone EcpB [ECP (VF0404)] [Escherichia coli O157:H7 str. EDL933]	
AI-5395_3_3_assembly.fasta	AI-5395_3_3_1	1284792	1287317	+	yagX/ecpC	1-2526/2526	===============	0/0	100.00	97.62	vfdb	NP_286008	(yagX/ecpC) E. coli common pilus usher EcpC [ECP (VF0404)] [Escherichia coli O157:H7 str. EDL933]	
AI-5395_3_3_assembly.fasta	AI-5395_3_3_1	1287307	1288950	+	yagW/ecpD	1-1644/1644	===============	0/0	100.00	98.97	vfdb	NP_286007	(yagW/ecpD) polymerized tip adhesin of ECP fibers [ECP (VF0404)] [Escherichia coli O157:H7 str. EDL933]	
AI-5395_3_3_assembly.fasta	AI-5395_3_3_1	1288874	1289627	+	yagV/ecpE	1-754/756	===============	0/0	99.74	97.08	vfdb	NP_286006	(yagV/ecpE) E. coli common pilus chaperone EcpE [ECP (VF0404)] [Escherichia coli O157:H7 str. EDL933]	
AI-5395_3_3_assembly.fasta	AI-5395_3_3_1	1293245	1297375	+	vat	1-4131/4131	===============	0/0	100.00	99.98	vfdb	NP_752330	(vat) Haemoglobin protease [Tsh (VF0233)] [Escherichia coli CFT073]	
AI-5395_3_3_assembly.fasta	AI-5395_3_3_1	1757512	1758423	-	fimH	1-912/912	===============	0/0	100.00	96.82	vfdb	NP_757248	(fimH) FimH protein precursor [Type 1 fimbriae (VF0221)] [Escherichia coli CFT073]	
AI-5395_3_3_assembly.fasta	AI-5395_3_3_1	1758434	1758937	-	fimG	1-504/504	===============	0/0	100.00	98.21	vfdb	NP_757247	(fimG) FimG protein precursor [Type 1 fimbriae (VF0221)] [Escherichia coli CFT073]	
AI-5395_3_3_assembly.fasta	AI-5395_3_3_1	1758950	1759483	-	fimF	1-534/534	===============	0/0	100.00	97.75	vfdb	NP_757245	(fimF) FimF protein precursor [Type 1 fimbriae (VF0221)] [Escherichia coli CFT073]	
AI-5395_3_3_assembly.fasta	AI-5395_3_3_1	1759490	1762126	-	fimD	1-2637/2637	===============	0/0	100.00	98.67	vfdb	NP_757244	(fimD) Outer membrane usher protein fimD precursor [Type 1 fimbriae (VF0221)] [Escherichia coli CFT073]	
AI-5395_3_3_assembly.fasta	AI-5395_3_3_1	1762193	1762918	-	fimC	1-726/726	===============	0/0	100.00	98.76	vfdb	NP_757243	(fimC) Chaperone protein fimC precursor [Type 1 fimbriae (VF0221)] [Escherichia coli CFT073]	
AI-5395_3_3_assembly.fasta	AI-5395_3_3_1	1762955	1763494	-	fimI	1-540/540	===============	0/0	100.00	99.07	vfdb	NP_757242	(fimI) Fimbrin-like protein fimI precursor [Type 1 fimbriae (VF0221)] [Escherichia coli CFT073]	
AI-5395_3_3_assembly.fasta	AI-5395_3_3_1	1763559	1764164	-	fimA	1-606/606	===============	0/0	100.00	90.76	vfdb	NP_757241	(fimA) Type-1 fimbrial protein A chain precursor [Type 1 fimbriae (VF0221)] [Escherichia coli CFT073]	
AI-5395_3_3_assembly.fasta	AI-5395_3_3_1	1764589	1765185	-	fimE	1-597/597	===============	0/0	100.00	98.83	vfdb	NP_757240	(fimE) Type 1 fimbriae Regulatory protein fimE [Type 1 fimbriae (VF0221)] [Escherichia coli CFT073]	
AI-5395_3_3_assembly.fasta	AI-5395_3_3_1	1765663	1766265	-	fimB	1-603/603	===============	0/0	100.00	98.18	vfdb	NP_757239	(fimB) Type 1 fimbriae Regulatory protein fimB [Type 1 fimbriae (VF0221)] [Escherichia coli CFT073]	
AI-5395_3_3_assembly.fasta	AI-5395_3_3_1	1951723	1952035	-	papB	1-313/315	===============	0/0	99.37	99.04	vfdb		(papB) regulatory protein PapB [P fimbriae (VF0220)] [Escherichia coli CFT073]	
AI-5395_3_3_assembly.fasta	AI-5395_3_3_1	1952458	1952678	+	papI	1-221/234	===============	0/0	94.44	98.64	vfdb	NP_755468	(papI) regulatory protein PapI [P fimbriae (VF0220)] [Escherichia coli CFT073]	
AI-5395_3_3_assembly.fasta	AI-5395_3_3_1	2383110	2384538	+	aslA	1-1428/1428	========/======	1/1	100.00	97.62	vfdb	AAG10151	(aslA) putative arylsulfatase [AslA (VF0238)] [Escherichia coli O18:K1:H7 str. RS218]	
AI-5395_3_3_assembly.fasta	AI-5395_3_3_1	2863912	2864940	-	shuS	1-1029/1029	===============	0/0	100.00	97.67	vfdb	YP_405020	(shuS) heme/hemoglobin transport protein ShuS [Shu (VF0256)] [Shigella dysenteriae Sd197]	
AI-5395_3_3_assembly.fasta	AI-5395_3_3_1	2864989	2866971	-	shuA	1-1983/1983	===============	0/0	100.00	98.64	vfdb	YP_405019	(shuA) outer membrane heme/hemoglobin receptor ShuA [Shu (VF0256)] [Shigella dysenteriae Sd197]	
AI-5395_3_3_assembly.fasta	AI-5395_3_3_1	2867577	2868569	+	chuT	1-993/993	===============	0/0	100.00	98.19	vfdb	NP_756175	(chuT) periplasmic heme-binding protein ChuT [Chu (VF0227)] [Escherichia coli CFT073]	
AI-5395_3_3_assembly.fasta	AI-5395_3_3_1	2868589	2869926	+	chuW	1-1338/1338	===============	0/0	100.00	98.28	vfdb	NP_756176	(chuW) Putative oxygen independent coproporphyrinogen III oxidase [Chu (VF0227)] [Escherichia coli CFT073]	
AI-5395_3_3_assembly.fasta	AI-5395_3_3_1	2869939	2870433	+	shuX	1-495/495	===============	0/0	100.00	96.57	vfdb	YP_405016	(shuX) shu locus protein ShuX [Shu (VF0256)] [Shigella dysenteriae Sd197]	
AI-5395_3_3_assembly.fasta	AI-5395_3_3_1	2870433	2871056	+	chuY	1-624/624	===============	0/0	100.00	96.31	vfdb	NP_756178	(chuY) ChuY [Chu (VF0227)] [Escherichia coli CFT073]	
AI-5395_3_3_assembly.fasta	AI-5395_3_3_1	2871105	2872097	+	chuU	1-993/993	===============	0/0	100.00	99.09	vfdb	NP_756179	(chuU) heme permease protein ChuU [Chu (VF0227)] [Escherichia coli CFT073]	
AI-5395_3_3_assembly.fasta	AI-5395_3_3_1	2872064	2872864	+	chuV	1-801/801	===============	0/0	100.00	98.38	vfdb	NP_756180	(chuV) ATP-binding hydrophilic protein ChuV [Chu (VF0227)] [Escherichia coli CFT073]	
AI-5395_3_3_assembly.fasta	AI-5395_3_3_1	3359038	3359868	+	gspC	1-831/831	===============	0/0	100.00	93.62	vfdb	YP_404599	(gspC) general secretion pathway protein C [T2SS (VF0333)] [Shigella dysenteriae Sd197]	
AI-5395_3_3_assembly.fasta	AI-5395_3_3_1	3360108	3361958	+	gspD	1-1836/1836	========/======	1/15	100.00	94.11	vfdb	YP_404600	(gspD) general secretion pathway protein D [T2SS (VF0333)] [Shigella dysenteriae Sd197]	
AI-5395_3_3_assembly.fasta	AI-5395_3_3_1	3361958	3363451	+	gspE	1-1494/1494	===============	0/0	100.00	93.91	vfdb	YP_404601	(gspE) general secretion pathway protein E [T2SS (VF0333)] [Shigella dysenteriae Sd197]	
AI-5395_3_3_assembly.fasta	AI-5395_3_3_1	3363451	3364650	+	gspF	1-1200/1200	===============	0/0	100.00	94.42	vfdb	YP_404602	(gspF) general secretion pathway protein F [T2SS (VF0333)] [Shigella dysenteriae Sd197]	
AI-5395_3_3_assembly.fasta	AI-5395_3_3_1	3364691	3365146	+	gspG	1-456/456	===============	0/0	100.00	98.25	vfdb	YP_404603	(gspG) general secretion pathway protein G [T2SS (VF0333)] [Shigella dysenteriae Sd197]	
AI-5395_3_3_assembly.fasta	AI-5395_3_3_1	3365183	3365713	+	gspH	1-531/531	===============	0/0	100.00	96.61	vfdb	YP_404604	(gspH) general secretion pathway protein H [T2SS (VF0333)] [Shigella dysenteriae Sd197]	
AI-5395_3_3_assembly.fasta	AI-5395_3_3_1	3365710	3366081	+	gspI	1-372/372	===============	0/0	100.00	94.09	vfdb	YP_404605	(gspI) general secretion pathway protein I [T2SS (VF0333)] [Shigella dysenteriae Sd197]	
AI-5395_3_3_assembly.fasta	AI-5395_3_3_1	3366114	3366683	+	gspJ	1-570/570	===============	0/0	100.00	95.79	vfdb	YP_404606	(gspJ) general secretion pathway protein J [T2SS (VF0333)] [Shigella dysenteriae Sd197]	
AI-5395_3_3_assembly.fasta	AI-5395_3_3_1	3366680	3367657	+	gspK	1-978/978	===============	0/0	100.00	96.73	vfdb	YP_404607	(gspK) general secretion pathway protein K [T2SS (VF0333)] [Shigella dysenteriae Sd197]	
AI-5395_3_3_assembly.fasta	AI-5395_3_3_1	3367972	3368832	+	gspL	1-861/861	===============	0/0	100.00	93.50	vfdb	YP_404608	(gspL) general secretion pathway protein L [T2SS (VF0333)] [Shigella dysenteriae Sd197]	
AI-5395_3_3_assembly.fasta	AI-5395_3_3_1	3368948	3369370	+	gspM	1-423/423	===============	0/0	100.00	92.44	vfdb	YP_404609	(gspM) general secretion pathway protein M [T2SS (VF0333)] [Shigella dysenteriae Sd197]	
AI-5395_3_3_assembly.fasta	AI-5395_3_3_1	4411062	4413083	-	fyuA	1-2022/2022	===============	0/0	100.00	99.80	vfdb	NP_405467	(fyuA) pesticin/yersiniabactin receptor protein [Yersiniabactin (VF0136)] [Yersinia pestis CO92]	
AI-5395_3_3_assembly.fasta	AI-5395_3_3_1	4413214	4414791	-	ybtE	1-1578/1578	===============	0/0	100.00	99.75	vfdb	NP_405468	(ybtE) yersiniabactin siderophore biosynthetic protein [Yersiniabactin (VF0136)] [Yersinia pestis CO92]	
AI-5395_3_3_assembly.fasta	AI-5395_3_3_1	4414795	4415598	-	ybtT	1-804/804	===============	0/0	100.00	99.88	vfdb	NP_405469	(ybtT) yersiniabactin biosynthetic protein YbtT [Yersiniabactin (VF0136)] [Yersinia pestis CO92]	
AI-5395_3_3_assembly.fasta	AI-5395_3_3_1	4415595	4416695	-	ybtU	1-1101/1101	===============	0/0	100.00	99.82	vfdb	NP_405470	(ybtU) yersiniabactin biosynthetic protein YbtU [Yersiniabactin (VF0136)] [Yersinia pestis CO92]	
AI-5395_3_3_assembly.fasta	AI-5395_3_3_1	4416692	4426183	-	irp1	1-9492/9492	===============	0/0	100.00	99.70	vfdb	NP_405471	(irp1) yersiniabactin biosynthetic protein Irp1 [Yersiniabactin (VF0136)] [Yersinia pestis CO92]	
AI-5395_3_3_assembly.fasta	AI-5395_3_3_1	4426271	4432377	-	irp2	1-6108/6108	========/======	1/1	99.98	99.62	vfdb	NP_405472	(irp2) yersiniabactin biosynthetic protein Irp2 [Yersiniabactin (VF0136)] [Yersinia pestis CO92]	
AI-5395_3_3_assembly.fasta	AI-5395_3_3_1	4432568	4433527	-	ybtA	1-960/960	===============	0/0	100.00	99.58	vfdb	NP_405473	(ybtA) transcriptional regulator YbtA [Yersiniabactin (VF0136)] [Yersinia pestis CO92]	
AI-5395_3_3_assembly.fasta	AI-5395_3_3_1	4433694	4435496	+	ybtP	1-1803/1803	===============	0/0	100.00	99.67	vfdb	NP_405474	(ybtP) lipoprotein inner membrane ABC-transporter [Yersiniabactin (VF0136)] [Yersinia pestis CO92]	
AI-5395_3_3_assembly.fasta	AI-5395_3_3_1	4435483	4437285	+	ybtQ	1-1803/1803	===============	0/0	100.00	99.78	vfdb	NP_405475	(ybtQ) inner membrane ABC-transporter YbtQ [Yersiniabactin (VF0136)] [Yersinia pestis CO92]	
AI-5395_3_3_assembly.fasta	AI-5395_3_3_1	4437278	4438558	+	ybtX	1-1281/1281	===============	0/0	100.00	99.38	vfdb	NP_405476	(ybtX) putative signal transducer [Yersiniabactin (VF0136)] [Yersinia pestis CO92]	
AI-5395_3_3_assembly.fasta	AI-5395_3_3_1	4438586	4439890	+	ybtS	1-1305/1305	===============	0/0	100.00	99.39	vfdb	NP_405477	(ybtS) salicylate synthase Irp9 [Yersiniabactin (VF0136)] [Yersinia pestis CO92]	
AI-5395_3_3_assembly.fasta	AI-5395_3_3_1	4760487	4762385	-	espL1	1-1899/1899	===============	0/0	100.00	96.47	vfdb	NP_288154	(espL1) Type III secretion system effector espL1 [LEE encoded T3SS (SS020)] [Escherichia coli O157:H7 str. EDL933]	
AI-5395_3_3_assembly.fasta	AI-5395_3_3_2	108925	111102	+	iroN	1-2178/2178	===============	0/0	100.00	99.08	vfdb	NP_753164	(iroN) salmochelin receptor IroN [IroN (VF0230)] [Escherichia coli CFT073]	
AI-5395_3_3_assembly.fasta	AI-5395_3_3_2	111147	112103	-	iroE	1-957/957	===============	0/0	100.00	99.69	vfdb	NP_753165	(iroE) esterase [Salmochelin (IA013)] [Escherichia coli CFT073]	
AI-5395_3_3_assembly.fasta	AI-5395_3_3_2	112188	113417	-	iroD	1-1230/1230	===============	0/0	100.00	98.94	vfdb	NP_753166	(iroD) esterase [Salmochelin (IA013)] [Escherichia coli CFT073]	
AI-5395_3_3_assembly.fasta	AI-5395_3_3_2	113521	117258	-	iroC	1-3738/3738	===============	0/0	100.00	99.17	vfdb	NP_753167	(iroC) ATP binding cassette transporter [Salmochelin (IA013)] [Escherichia coli CFT073]	
AI-5395_3_3_assembly.fasta	AI-5395_3_3_2	117321	118483	-	iroB	1-1163/1164	===============	0/0	99.91	98.37	vfdb	NP_753168	(iroB) glucosyltransferase IroB [Salmochelin (IA013)] [Escherichia coli CFT073]	
AI-5395_3_3_assembly.fasta	AI-5395_3_3_2	161275	163062	+	iucA	1-1788/1788	===============	0/0	100.00	94.24	vfdb	NP_755502	(iucA) aerobactin siderophore biosynthesis protein IucD [Aerobactin (VF0229)] [Escherichia coli CFT073]	
AI-5395_3_3_assembly.fasta	AI-5395_3_3_2	163063	164010	+	iucB	1-948/948	===============	0/0	100.00	95.57	vfdb	NP_755501	(iucB) aerobactin siderophore biosynthesis protein IucB [Aerobactin (VF0229)] [Escherichia coli CFT073]	
AI-5395_3_3_assembly.fasta	AI-5395_3_3_2	164010	165752	+	iucC	1-1743/1743	===============	0/0	100.00	96.04	vfdb	NP_755500	(iucC) aerobactin siderophore biosynthesis protein IucC [Aerobactin (VF0229)] [Escherichia coli CFT073]	
AI-5395_3_3_assembly.fasta	AI-5395_3_3_2	165749	167070	+	iucD	1-1323/1338	========/======	1/1	98.80	96.30	vfdb	NP_755499	(iucD) L-lysine 6-monooxygenase IucD [Aerobactin (VF0229)] [Escherichia coli CFT073]	
AI-5395_3_3_assembly.fasta	AI-5395_3_3_2	167008	169309	+	iutA	1-2280/2280	========/======	3/24	99.96	88.36	vfdb	NP_755498	(iutA) ferric aerobactin receptor precusor IutA [Aerobactin (VF0229)] [Escherichia coli CFT073]	
AI-5395_40_40_assembly.fasta	AI-5395_40_40_1	98873	99475	+	fimB	1-603/603	===============	0/0	100.00	97.84	vfdb	NP_757239	(fimB) Type 1 fimbriae Regulatory protein fimB [Type 1 fimbriae (VF0221)] [Escherichia coli CFT073]	
AI-5395_40_40_assembly.fasta	AI-5395_40_40_1	99953	100549	+	fimE	1-597/597	===============	0/0	100.00	99.00	vfdb	NP_757240	(fimE) Type 1 fimbriae Regulatory protein fimE [Type 1 fimbriae (VF0221)] [Escherichia coli CFT073]	
AI-5395_40_40_assembly.fasta	AI-5395_40_40_1	100973	101578	+	fimA	1-606/606	===============	0/0	100.00	90.76	vfdb	NP_757241	(fimA) Type-1 fimbrial protein A chain precursor [Type 1 fimbriae (VF0221)] [Escherichia coli CFT073]	
AI-5395_40_40_assembly.fasta	AI-5395_40_40_1	101643	102182	+	fimI	1-540/540	===============	0/0	100.00	98.89	vfdb	NP_757242	(fimI) Fimbrin-like protein fimI precursor [Type 1 fimbriae (VF0221)] [Escherichia coli CFT073]	
AI-5395_40_40_assembly.fasta	AI-5395_40_40_1	102219	102944	+	fimC	1-726/726	===============	0/0	100.00	98.35	vfdb	NP_757243	(fimC) Chaperone protein fimC precursor [Type 1 fimbriae (VF0221)] [Escherichia coli CFT073]	
AI-5395_40_40_assembly.fasta	AI-5395_40_40_1	103011	105647	+	fimD	1-2637/2637	===============	0/0	100.00	98.26	vfdb	NP_757244	(fimD) Outer membrane usher protein fimD precursor [Type 1 fimbriae (VF0221)] [Escherichia coli CFT073]	
AI-5395_40_40_assembly.fasta	AI-5395_40_40_1	105654	106187	+	fimF	1-534/534	===============	0/0	100.00	97.19	vfdb	NP_757245	(fimF) FimF protein precursor [Type 1 fimbriae (VF0221)] [Escherichia coli CFT073]	
AI-5395_40_40_assembly.fasta	AI-5395_40_40_1	106200	106703	+	fimG	1-504/504	===============	0/0	100.00	98.41	vfdb	NP_757247	(fimG) FimG protein precursor [Type 1 fimbriae (VF0221)] [Escherichia coli CFT073]	
AI-5395_40_40_assembly.fasta	AI-5395_40_40_1	106714	107625	+	fimH	1-912/912	===============	0/0	100.00	97.37	vfdb	NP_757248	(fimH) FimH protein precursor [Type 1 fimbriae (VF0221)] [Escherichia coli CFT073]	
AI-5395_40_40_assembly.fasta	AI-5395_40_40_1	220222	221643	-	espX1	1-1422/1422	========/======	2/2	99.93	95.22	vfdb	NP_285716	(espX1) Type III secretion system effector EspX1 [LEE encoded T3SS (SS020)] [Escherichia coli O157:H7 str. EDL933]	
AI-5395_40_40_assembly.fasta	AI-5395_40_40_1	509553	510306	-	yagV/ecpE	1-754/756	===============	0/0	99.74	97.22	vfdb	NP_286006	(yagV/ecpE) E. coli common pilus chaperone EcpE [ECP (VF0404)] [Escherichia coli O157:H7 str. EDL933]	
AI-5395_40_40_assembly.fasta	AI-5395_40_40_1	510230	511873	-	yagW/ecpD	1-1644/1644	===============	0/0	100.00	98.97	vfdb	NP_286007	(yagW/ecpD) polymerized tip adhesin of ECP fibers [ECP (VF0404)] [Escherichia coli O157:H7 str. EDL933]	
AI-5395_40_40_assembly.fasta	AI-5395_40_40_1	511863	514388	-	yagX/ecpC	1-2526/2526	===============	0/0	100.00	98.77	vfdb	NP_286008	(yagX/ecpC) E. coli common pilus usher EcpC [ECP (VF0404)] [Escherichia coli O157:H7 str. EDL933]	
AI-5395_40_40_assembly.fasta	AI-5395_40_40_1	514414	515082	-	yagY/ecpB	1-669/669	===============	0/0	100.00	98.06	vfdb	NP_286009	(yagY/ecpB) E. coli common pilus chaperone EcpB [ECP (VF0404)] [Escherichia coli O157:H7 str. EDL933]	
AI-5395_40_40_assembly.fasta	AI-5395_40_40_1	515140	515727	-	yagZ/ecpA	1-588/588	===============	0/0	100.00	99.15	vfdb	NP_286010	(yagZ/ecpA) E. coli common pilus structural subunit EcpA [ECP (VF0404)] [Escherichia coli O157:H7 str. EDL933]	
AI-5395_40_40_assembly.fasta	AI-5395_40_40_1	515802	516392	-	ykgK/ecpR	1-591/591	===============	0/0	100.00	96.95	vfdb	NP_286011	(ykgK/ecpR) regulator protein EcpR [ECP (VF0404)] [Escherichia coli O157:H7 str. EDL933]	
AI-5395_40_40_assembly.fasta	AI-5395_40_40_1	519412	523660	+	fdeC	1-4246/4251	========/======	1/3	99.88	94.19	vfdb	YP_002390132	(fdeC) adhesin FdeC [FdeC (VF0506)] [Escherichia coli O45:K1:H7 str. S88]	
AI-5395_40_40_assembly.fasta	AI-5395_40_40_1	795457	796227	-	entD	1-771/771	===============	0/0	100.00	95.20	vfdb	NP_752599	(entD) phosphopantetheinyl transferase component of enterobactin synthase multienzyme complex [Enterobactin (VF0228)] [Escherichia coli CFT073]	
AI-5395_40_40_assembly.fasta	AI-5395_40_40_1	796252	798492	-	fepA	1-2241/2241	===============	0/0	100.00	96.79	vfdb	NP_752600	(fepA) ferrienterobactin outer membrane transporter [Enterobactin (VF0228)] [Escherichia coli CFT073]	
AI-5395_40_40_assembly.fasta	AI-5395_40_40_1	798735	799937	+	fes	1-1203/1203	===============	0/0	100.00	96.59	vfdb	NP_752602	(fes) enterobactin/ferric enterobactin esterase [enterobactin (IA019)] [Escherichia coli CFT073]	
AI-5395_40_40_assembly.fasta	AI-5395_40_40_1	800155	804008	+	entF	1-3854/3882	===============	0/0	99.28	95.90	vfdb	NP_752604	(entF) enterobactin synthase multienzyme complex component ATP-dependent [Enterobactin (VF0228)] [Escherichia coli CFT073]	
AI-5395_40_40_assembly.fasta	AI-5395_40_40_1	805381	806196	-	fepC	1-816/816	===============	0/0	100.00	97.06	vfdb	NP_752606	(fepC) ferrienterobactin ABC transporter ATPase [Enterobactin (VF0228)] [Escherichia coli CFT073]	
AI-5395_40_40_assembly.fasta	AI-5395_40_40_1	806193	807185	-	fepG	1-993/993	===============	0/0	100.00	94.86	vfdb	NP_752607	(fepG) iron-enterobactin ABC transporter permease [Enterobactin (VF0228)] [Escherichia coli CFT073]	
AI-5395_40_40_assembly.fasta	AI-5395_40_40_1	807182	808198	-	fepD	1-1017/1017	===============	0/0	100.00	96.26	vfdb	NP_752608	(fepD) ferrienterobactin ABC transporter permease [Enterobactin (VF0228)] [Escherichia coli CFT073]	
AI-5395_40_40_assembly.fasta	AI-5395_40_40_1	808297	809547	+	entS	1-1251/1251	===============	0/0	100.00	95.28	vfdb	NP_752609	(entS) enterobactin exporter iron-regulated [enterobactin (IA019)] [Escherichia coli CFT073]	
AI-5395_40_40_assembly.fasta	AI-5395_40_40_1	809551	810507	-	fepB	1-957/957	===============	0/0	100.00	97.49	vfdb	NP_752610	(fepB) ferrienterobactin ABC transporter periplasmic binding protein [Enterobactin (VF0228)] [Escherichia coli CFT073]	
AI-5395_40_40_assembly.fasta	AI-5395_40_40_1	810870	812057	+	entC	1-1188/1188	===============	0/0	100.00	97.90	vfdb	NP_752611	(entC) isochorismate synthase 1 [Enterobactin (VF0228)] [Escherichia coli CFT073]	
AI-5395_40_40_assembly.fasta	AI-5395_40_40_1	812067	813677	+	entE	1-1611/1611	===============	0/0	100.00	95.47	vfdb	NP_752612	(entE) 23-dihydroxybenzoate-AMP ligase component of enterobactin synthase multienzyme complex [Enterobactin (VF0228)] [Escherichia coli CFT073]	
AI-5395_40_40_assembly.fasta	AI-5395_40_40_1	813691	814548	+	entB	1-858/858	===============	0/0	100.00	98.14	vfdb	NP_752613	(entB) isochorismatase [Enterobactin (VF0228)] [Escherichia coli CFT073]	
AI-5395_40_40_assembly.fasta	AI-5395_40_40_1	814548	815294	+	entA	1-747/747	===============	0/0	100.00	95.58	vfdb	NP_752614	(entA) 23-dihydro-23-dihydroxybenzoate dehydrogenase [Enterobactin (VF0228)] [Escherichia coli CFT073]	
AI-5395_40_40_assembly.fasta	AI-5395_40_40_1	1247148	1248200	-	ompA	1-1041/1041	========/======	1/12	100.00	94.21	vfdb	AAF37887	(ompA) outer membrane protein A [OmpA (VF0236)] [Escherichia coli O18:K1:H7 str. RS218]	
AI-5395_40_40_assembly.fasta	AI-5395_40_40_1	1318618	1319451	-	csgG	1-834/834	===============	0/0	100.00	83.45	vfdb	NP_460110	(csgG) curli production assembly/transport protein CsgG [Agf (VF0103)] [Salmonella enterica subsp. enterica serovar Typhimurium str. LT2]	
AI-5395_40_40_assembly.fasta	AI-5395_40_40_1	1319478	1319894	-	csgF	1-417/417	========/======	3/8	99.04	81.23	vfdb	NP_460111	(csgF) curli production assembly/transport protein CsgF [Agf (VF0103)] [Salmonella enterica subsp. enterica serovar Typhimurium str. LT2]	
AI-5395_40_40_assembly.fasta	AI-5395_40_40_1	1320313	1320963	-	csgD	1-651/651	===============	0/0	100.00	81.26	vfdb	NP_460113	(csgD) DNA-binding transcriptional regulator CsgD [curli fibers/thin aggregative fimbriae (AGF) (AI094)] [Salmonella enterica subsp. enterica serovar Typhimurium str. LT2]	
AI-5395_40_40_assembly.fasta	AI-5395_40_40_1	1321718	1322173	+	csgB	1-456/456	========/======	2/2	99.78	83.59	vfdb	NP_460114	(csgB) minor curlin subunit precursor curli nucleator protein CsgB [Agf (VF0103)] [Salmonella enterica subsp. enterica serovar Typhimurium str. LT2]	
AI-5395_40_40_assembly.fasta	AI-5395_40_40_1	1737025	1738079	-	espR1	198-1253/1260	..======/======	1/1	83.73	94.03	vfdb	NP_287686	(espR1) Type III secretion system effector espR1 [LEE encoded T3SS (SS020)] [Escherichia coli O157:H7 str. EDL933]	
AI-5395_40_40_assembly.fasta	AI-5395_40_40_1	2001646	2003544	+	espL1	1-1899/1899	===============	0/0	100.00	97.21	vfdb	NP_288154	(espL1) Type III secretion system effector espL1 [LEE encoded T3SS (SS020)] [Escherichia coli O157:H7 str. EDL933]	
AI-5395_40_40_assembly.fasta	AI-5395_40_40_6	429274	429390	-	astA	1-117/117	===============	0/0	100.00	95.73	vfdb	BAA94855	(astA) heat-stable enterotoxin 1 [EAST1 (VF0216)] [Escherichia coli O44:H18 042]	
AI-5395_40_40_assembly.fasta	AI-5395_40_40_6	442157	442579	-	gspM	1-423/423	===============	0/0	100.00	96.45	vfdb	YP_404609	(gspM) general secretion pathway protein M [T2SS (VF0333)] [Shigella dysenteriae Sd197]	
AI-5395_40_40_assembly.fasta	AI-5395_40_40_6	442695	443555	-	gspL	1-861/861	===============	0/0	100.00	97.44	vfdb	YP_404608	(gspL) general secretion pathway protein L [T2SS (VF0333)] [Shigella dysenteriae Sd197]	
AI-5395_40_40_assembly.fasta	AI-5395_40_40_6	443870	444847	-	gspK	1-978/978	===============	0/0	100.00	96.73	vfdb	YP_404607	(gspK) general secretion pathway protein K [T2SS (VF0333)] [Shigella dysenteriae Sd197]	
AI-5395_40_40_assembly.fasta	AI-5395_40_40_6	444844	445413	-	gspJ	1-570/570	===============	0/0	100.00	96.67	vfdb	YP_404606	(gspJ) general secretion pathway protein J [T2SS (VF0333)] [Shigella dysenteriae Sd197]	
AI-5395_40_40_assembly.fasta	AI-5395_40_40_6	445446	445817	-	gspI	1-372/372	===============	0/0	100.00	95.16	vfdb	YP_404605	(gspI) general secretion pathway protein I [T2SS (VF0333)] [Shigella dysenteriae Sd197]	
AI-5395_40_40_assembly.fasta	AI-5395_40_40_6	445814	446344	-	gspH	1-531/531	===============	0/0	100.00	97.36	vfdb	YP_404604	(gspH) general secretion pathway protein H [T2SS (VF0333)] [Shigella dysenteriae Sd197]	
AI-5395_40_40_assembly.fasta	AI-5395_40_40_6	446381	446836	-	gspG	1-456/456	===============	0/0	100.00	98.03	vfdb	YP_404603	(gspG) general secretion pathway protein G [T2SS (VF0333)] [Shigella dysenteriae Sd197]	
AI-5395_40_40_assembly.fasta	AI-5395_40_40_6	446877	448076	-	gspF	1-1200/1200	===============	0/0	100.00	97.25	vfdb	YP_404602	(gspF) general secretion pathway protein F [T2SS (VF0333)] [Shigella dysenteriae Sd197]	
AI-5395_40_40_assembly.fasta	AI-5395_40_40_6	448076	449569	-	gspE	1-1494/1494	===============	0/0	100.00	97.32	vfdb	YP_404601	(gspE) general secretion pathway protein E [T2SS (VF0333)] [Shigella dysenteriae Sd197]	
AI-5395_40_40_assembly.fasta	AI-5395_40_40_6	449569	451419	-	gspD	1-1836/1836	========/======	1/15	100.00	97.08	vfdb	YP_404600	(gspD) general secretion pathway protein D [T2SS (VF0333)] [Shigella dysenteriae Sd197]	
AI-5395_40_40_assembly.fasta	AI-5395_40_40_6	451659	452489	-	gspC	1-831/831	===============	0/0	100.00	96.63	vfdb	YP_404599	(gspC) general secretion pathway protein C [T2SS (VF0333)] [Shigella dysenteriae Sd197]	
AI-5395_40_40_assembly.fasta	AI-5395_40_40_6	1306379	1307807	-	aslA	1-1428/1428	========/======	1/1	100.00	93.56	vfdb	AAG10151	(aslA) putative arylsulfatase [AslA (VF0238)] [Escherichia coli O18:K1:H7 str. RS218]	
AI-5395_40_40_assembly.fasta	AI-5395_40_40_6	1585767	1587347	+	espX4	1-1581/1581	========/======	2/2	99.94	94.12	vfdb	NP_290672	(espX4) Type III secretion system effector EspX4 [LEE encoded T3SS (SS020)] [Escherichia coli O157:H7 str. EDL933]	
AI-5395_40_40_assembly.fasta	AI-5395_40_40_6	1616851	1618143	-	espX5	1-1293/1293	===============	0/0	100.00	97.14	vfdb	NP_290699	(espX5) Type III secretion system effector EspX5 [LEE encoded T3SS (SS020)] [Escherichia coli O157:H7 str. EDL933]	
AI-5395_41_41_assembly.fasta	AI-5395_41_41_1	49270	51057	+	iucA	1-1788/1788	===============	0/0	100.00	94.18	vfdb	NP_755502	(iucA) aerobactin siderophore biosynthesis protein IucD [Aerobactin (VF0229)] [Escherichia coli CFT073]	
AI-5395_41_41_assembly.fasta	AI-5395_41_41_1	51058	52005	+	iucB	1-948/948	===============	0/0	100.00	95.67	vfdb	NP_755501	(iucB) aerobactin siderophore biosynthesis protein IucB [Aerobactin (VF0229)] [Escherichia coli CFT073]	
AI-5395_41_41_assembly.fasta	AI-5395_41_41_1	52005	53747	+	iucC	1-1743/1743	===============	0/0	100.00	96.04	vfdb	NP_755500	(iucC) aerobactin siderophore biosynthesis protein IucC [Aerobactin (VF0229)] [Escherichia coli CFT073]	
AI-5395_41_41_assembly.fasta	AI-5395_41_41_1	53744	55065	+	iucD	1-1323/1338	========/======	1/1	98.80	96.30	vfdb	NP_755499	(iucD) L-lysine 6-monooxygenase IucD [Aerobactin (VF0229)] [Escherichia coli CFT073]	
AI-5395_41_41_assembly.fasta	AI-5395_41_41_1	55003	57304	+	iutA	1-2280/2280	========/======	3/24	99.96	88.41	vfdb	NP_755498	(iutA) ferric aerobactin receptor precusor IutA [Aerobactin (VF0229)] [Escherichia coli CFT073]	
AI-5395_41_41_assembly.fasta	AI-5395_41_41_1	98768	99930	+	iroB	1-1163/1164	===============	0/0	99.91	98.37	vfdb	NP_753168	(iroB) glucosyltransferase IroB [Salmochelin (IA013)] [Escherichia coli CFT073]	
AI-5395_41_41_assembly.fasta	AI-5395_41_41_1	99993	103730	+	iroC	1-3738/3738	===============	0/0	100.00	99.17	vfdb	NP_753167	(iroC) ATP binding cassette transporter [Salmochelin (IA013)] [Escherichia coli CFT073]	
AI-5395_41_41_assembly.fasta	AI-5395_41_41_1	103834	105063	+	iroD	1-1230/1230	===============	0/0	100.00	98.86	vfdb	NP_753166	(iroD) esterase [Salmochelin (IA013)] [Escherichia coli CFT073]	
AI-5395_41_41_assembly.fasta	AI-5395_41_41_1	105148	106104	+	iroE	1-957/957	===============	0/0	100.00	99.48	vfdb	NP_753165	(iroE) esterase [Salmochelin (IA013)] [Escherichia coli CFT073]	
AI-5395_41_41_assembly.fasta	AI-5395_41_41_1	106149	108326	-	iroN	1-2178/2178	===============	0/0	100.00	99.13	vfdb	NP_753164	(iroN) salmochelin receptor IroN [IroN (VF0230)] [Escherichia coli CFT073]	
AI-5395_41_41_assembly.fasta	AI-5395_41_41_9	621870	623768	-	espL1	1-1899/1899	===============	0/0	100.00	94.79	vfdb	NP_288154	(espL1) Type III secretion system effector espL1 [LEE encoded T3SS (SS020)] [Escherichia coli O157:H7 str. EDL933]	
AI-5395_41_41_assembly.fasta	AI-5395_41_41_9	871858	872913	+	espR1	198-1253/1260	..=============	0/0	83.81	94.13	vfdb	NP_287686	(espR1) Type III secretion system effector espR1 [LEE encoded T3SS (SS020)] [Escherichia coli O157:H7 str. EDL933]	
AI-5395_41_41_assembly.fasta	AI-5395_41_41_9	1323983	1324438	-	csgB	1-456/456	========/======	2/2	99.78	83.81	vfdb	NP_460114	(csgB) minor curlin subunit precursor curli nucleator protein CsgB [Agf (VF0103)] [Salmonella enterica subsp. enterica serovar Typhimurium str. LT2]	
AI-5395_41_41_assembly.fasta	AI-5395_41_41_9	1325192	1325842	+	csgD	1-651/651	===============	0/0	100.00	81.11	vfdb	NP_460113	(csgD) DNA-binding transcriptional regulator CsgD [curli fibers/thin aggregative fimbriae (AGF) (AI094)] [Salmonella enterica subsp. enterica serovar Typhimurium str. LT2]	
AI-5395_41_41_assembly.fasta	AI-5395_41_41_9	1326261	1326677	+	csgF	1-417/417	========/======	3/8	99.04	81.23	vfdb	NP_460111	(csgF) curli production assembly/transport protein CsgF [Agf (VF0103)] [Salmonella enterica subsp. enterica serovar Typhimurium str. LT2]	
AI-5395_41_41_assembly.fasta	AI-5395_41_41_9	1326704	1327537	+	csgG	1-834/834	===============	0/0	100.00	82.97	vfdb	NP_460110	(csgG) curli production assembly/transport protein CsgG [Agf (VF0103)] [Salmonella enterica subsp. enterica serovar Typhimurium str. LT2]	
AI-5395_41_41_assembly.fasta	AI-5395_41_41_9	1397898	1398950	+	ompA	1-1041/1041	========/======	1/12	100.00	94.30	vfdb	AAF37887	(ompA) outer membrane protein A [OmpA (VF0236)] [Escherichia coli O18:K1:H7 str. RS218]	
AI-5395_41_41_assembly.fasta	AI-5395_41_41_9	1836686	1837432	-	entA	1-747/747	===============	0/0	100.00	95.98	vfdb	NP_752614	(entA) 23-dihydro-23-dihydroxybenzoate dehydrogenase [Enterobactin (VF0228)] [Escherichia coli CFT073]	
AI-5395_41_41_assembly.fasta	AI-5395_41_41_9	1837432	1838289	-	entB	1-858/858	===============	0/0	100.00	97.44	vfdb	NP_752613	(entB) isochorismatase [Enterobactin (VF0228)] [Escherichia coli CFT073]	
AI-5395_41_41_assembly.fasta	AI-5395_41_41_9	1838303	1839913	-	entE	1-1611/1611	===============	0/0	100.00	95.90	vfdb	NP_752612	(entE) 23-dihydroxybenzoate-AMP ligase component of enterobactin synthase multienzyme complex [Enterobactin (VF0228)] [Escherichia coli CFT073]	
AI-5395_41_41_assembly.fasta	AI-5395_41_41_9	1839923	1841110	-	entC	1-1188/1188	===============	0/0	100.00	97.56	vfdb	NP_752611	(entC) isochorismate synthase 1 [Enterobactin (VF0228)] [Escherichia coli CFT073]	
AI-5395_41_41_assembly.fasta	AI-5395_41_41_9	1841473	1842429	+	fepB	1-957/957	===============	0/0	100.00	97.28	vfdb	NP_752610	(fepB) ferrienterobactin ABC transporter periplasmic binding protein [Enterobactin (VF0228)] [Escherichia coli CFT073]	
AI-5395_41_41_assembly.fasta	AI-5395_41_41_9	1842433	1843683	-	entS	1-1251/1251	===============	0/0	100.00	95.52	vfdb	NP_752609	(entS) enterobactin exporter iron-regulated [enterobactin (IA019)] [Escherichia coli CFT073]	
AI-5395_41_41_assembly.fasta	AI-5395_41_41_9	1843782	1844798	+	fepD	1-1017/1017	===============	0/0	100.00	95.67	vfdb	NP_752608	(fepD) ferrienterobactin ABC transporter permease [Enterobactin (VF0228)] [Escherichia coli CFT073]	
AI-5395_41_41_assembly.fasta	AI-5395_41_41_9	1844795	1845787	+	fepG	1-993/993	===============	0/0	100.00	94.56	vfdb	NP_752607	(fepG) iron-enterobactin ABC transporter permease [Enterobactin (VF0228)] [Escherichia coli CFT073]	
AI-5395_41_41_assembly.fasta	AI-5395_41_41_9	1845784	1846599	+	fepC	1-816/816	===============	0/0	100.00	96.94	vfdb	NP_752606	(fepC) ferrienterobactin ABC transporter ATPase [Enterobactin (VF0228)] [Escherichia coli CFT073]	
AI-5395_41_41_assembly.fasta	AI-5395_41_41_9	1847973	1851826	-	entF	1-3854/3882	===============	0/0	99.28	95.61	vfdb	NP_752604	(entF) enterobactin synthase multienzyme complex component ATP-dependent [Enterobactin (VF0228)] [Escherichia coli CFT073]	
AI-5395_41_41_assembly.fasta	AI-5395_41_41_9	1852044	1853246	-	fes	1-1203/1203	===============	0/0	100.00	96.76	vfdb	NP_752602	(fes) enterobactin/ferric enterobactin esterase [enterobactin (IA019)] [Escherichia coli CFT073]	
AI-5395_41_41_assembly.fasta	AI-5395_41_41_9	1853489	1855729	+	fepA	1-2241/2241	===============	0/0	100.00	96.79	vfdb	NP_752600	(fepA) ferrienterobactin outer membrane transporter [Enterobactin (VF0228)] [Escherichia coli CFT073]	
AI-5395_41_41_assembly.fasta	AI-5395_41_41_9	1855754	1856524	+	entD	1-771/771	===============	0/0	100.00	94.03	vfdb	NP_752599	(entD) phosphopantetheinyl transferase component of enterobactin synthase multienzyme complex [Enterobactin (VF0228)] [Escherichia coli CFT073]	
AI-5395_41_41_assembly.fasta	AI-5395_41_41_9	2150149	2154390	-	fdeC	1-4245/4251	========/======	3/5	99.76	92.32	vfdb	YP_002390132	(fdeC) adhesin FdeC [FdeC (VF0506)] [Escherichia coli O45:K1:H7 str. S88]	
AI-5395_41_41_assembly.fasta	AI-5395_41_41_9	2157410	2158000	+	ykgK/ecpR	1-591/591	===============	0/0	100.00	97.63	vfdb	NP_286011	(ykgK/ecpR) regulator protein EcpR [ECP (VF0404)] [Escherichia coli O157:H7 str. EDL933]	
AI-5395_41_41_assembly.fasta	AI-5395_41_41_9	2158075	2158662	+	yagZ/ecpA	1-588/588	===============	0/0	100.00	99.32	vfdb	NP_286010	(yagZ/ecpA) E. coli common pilus structural subunit EcpA [ECP (VF0404)] [Escherichia coli O157:H7 str. EDL933]	
AI-5395_41_41_assembly.fasta	AI-5395_41_41_9	2158720	2159388	+	yagY/ecpB	1-669/669	===============	0/0	100.00	98.66	vfdb	NP_286009	(yagY/ecpB) E. coli common pilus chaperone EcpB [ECP (VF0404)] [Escherichia coli O157:H7 str. EDL933]	
AI-5395_41_41_assembly.fasta	AI-5395_41_41_9	2159414	2161939	+	yagX/ecpC	1-2526/2526	===============	0/0	100.00	98.65	vfdb	NP_286008	(yagX/ecpC) E. coli common pilus usher EcpC [ECP (VF0404)] [Escherichia coli O157:H7 str. EDL933]	
AI-5395_41_41_assembly.fasta	AI-5395_41_41_9	2161929	2163572	+	yagW/ecpD	1-1644/1644	===============	0/0	100.00	98.60	vfdb	NP_286007	(yagW/ecpD) polymerized tip adhesin of ECP fibers [ECP (VF0404)] [Escherichia coli O157:H7 str. EDL933]	
AI-5395_41_41_assembly.fasta	AI-5395_41_41_9	2163496	2164249	+	yagV/ecpE	1-754/756	===============	0/0	99.74	96.68	vfdb	NP_286006	(yagV/ecpE) E. coli common pilus chaperone EcpE [ECP (VF0404)] [Escherichia coli O157:H7 str. EDL933]	
AI-5395_41_41_assembly.fasta	AI-5395_41_41_9	2459254	2460675	+	espX1	1-1422/1422	===============	0/0	100.00	94.44	vfdb	NP_285716	(espX1) Type III secretion system effector EspX1 [LEE encoded T3SS (SS020)] [Escherichia coli O157:H7 str. EDL933]	
AI-5395_41_41_assembly.fasta	AI-5395_41_41_9	2583208	2584119	-	fimH	1-912/912	===============	0/0	100.00	97.26	vfdb	NP_757248	(fimH) FimH protein precursor [Type 1 fimbriae (VF0221)] [Escherichia coli CFT073]	
AI-5395_41_41_assembly.fasta	AI-5395_41_41_9	2584130	2584633	-	fimG	1-504/504	===============	0/0	100.00	98.41	vfdb	NP_757247	(fimG) FimG protein precursor [Type 1 fimbriae (VF0221)] [Escherichia coli CFT073]	
AI-5395_41_41_assembly.fasta	AI-5395_41_41_9	2584646	2585179	-	fimF	1-534/534	===============	0/0	100.00	97.38	vfdb	NP_757245	(fimF) FimF protein precursor [Type 1 fimbriae (VF0221)] [Escherichia coli CFT073]	
AI-5395_41_41_assembly.fasta	AI-5395_41_41_9	2585186	2587822	-	fimD	1-2637/2637	===============	0/0	100.00	98.56	vfdb	NP_757244	(fimD) Outer membrane usher protein fimD precursor [Type 1 fimbriae (VF0221)] [Escherichia coli CFT073]	
AI-5395_41_41_assembly.fasta	AI-5395_41_41_9	2587889	2588614	-	fimC	1-726/726	===============	0/0	100.00	98.21	vfdb	NP_757243	(fimC) Chaperone protein fimC precursor [Type 1 fimbriae (VF0221)] [Escherichia coli CFT073]	
AI-5395_41_41_assembly.fasta	AI-5395_41_41_9	2588651	2589190	-	fimI	1-540/540	===============	0/0	100.00	98.89	vfdb	NP_757242	(fimI) Fimbrin-like protein fimI precursor [Type 1 fimbriae (VF0221)] [Escherichia coli CFT073]	
AI-5395_41_41_assembly.fasta	AI-5395_41_41_9	2589255	2589860	-	fimA	1-606/606	===============	0/0	100.00	90.10	vfdb	NP_757241	(fimA) Type-1 fimbrial protein A chain precursor [Type 1 fimbriae (VF0221)] [Escherichia coli CFT073]	
AI-5395_41_41_assembly.fasta	AI-5395_41_41_9	2590284	2590880	-	fimE	1-597/597	===============	0/0	100.00	98.83	vfdb	NP_757240	(fimE) Type 1 fimbriae Regulatory protein fimE [Type 1 fimbriae (VF0221)] [Escherichia coli CFT073]	
AI-5395_41_41_assembly.fasta	AI-5395_41_41_9	2591358	2591960	-	fimB	1-603/603	===============	0/0	100.00	97.84	vfdb	NP_757239	(fimB) Type 1 fimbriae Regulatory protein fimB [Type 1 fimbriae (VF0221)] [Escherichia coli CFT073]	
AI-5395_41_41_assembly.fasta	AI-5395_41_41_9	2816488	2817780	+	espX5	1-1293/1293	===============	0/0	100.00	95.59	vfdb	NP_290699	(espX5) Type III secretion system effector EspX5 [LEE encoded T3SS (SS020)] [Escherichia coli O157:H7 str. EDL933]	
AI-5395_41_41_assembly.fasta	AI-5395_41_41_9	2847305	2848885	-	espX4	1-1581/1581	========/======	2/2	99.94	92.98	vfdb	NP_290672	(espX4) Type III secretion system effector EspX4 [LEE encoded T3SS (SS020)] [Escherichia coli O157:H7 str. EDL933]	
AI-5395_41_41_assembly.fasta	AI-5395_41_41_9	4013444	4014274	+	gspC	1-831/831	===============	0/0	100.00	95.07	vfdb	YP_404599	(gspC) general secretion pathway protein C [T2SS (VF0333)] [Shigella dysenteriae Sd197]	
AI-5395_41_41_assembly.fasta	AI-5395_41_41_9	4014514	4016364	+	gspD	1-1836/1836	========/======	1/15	100.00	97.35	vfdb	YP_404600	(gspD) general secretion pathway protein D [T2SS (VF0333)] [Shigella dysenteriae Sd197]	
AI-5395_41_41_assembly.fasta	AI-5395_41_41_9	4016364	4017857	+	gspE	1-1494/1494	===============	0/0	100.00	96.25	vfdb	YP_404601	(gspE) general secretion pathway protein E [T2SS (VF0333)] [Shigella dysenteriae Sd197]	
AI-5395_41_41_assembly.fasta	AI-5395_41_41_9	4017857	4019056	+	gspF	1-1200/1200	===============	0/0	100.00	96.33	vfdb	YP_404602	(gspF) general secretion pathway protein F [T2SS (VF0333)] [Shigella dysenteriae Sd197]	
AI-5395_41_41_assembly.fasta	AI-5395_41_41_9	4019097	4019552	+	gspG	1-456/456	===============	0/0	100.00	95.61	vfdb	YP_404603	(gspG) general secretion pathway protein G [T2SS (VF0333)] [Shigella dysenteriae Sd197]	
AI-5395_41_41_assembly.fasta	AI-5395_41_41_9	4019589	4020119	+	gspH	1-531/531	===============	0/0	100.00	95.86	vfdb	YP_404604	(gspH) general secretion pathway protein H [T2SS (VF0333)] [Shigella dysenteriae Sd197]	
AI-5395_41_41_assembly.fasta	AI-5395_41_41_9	4020116	4020487	+	gspI	1-372/372	===============	0/0	100.00	95.16	vfdb	YP_404605	(gspI) general secretion pathway protein I [T2SS (VF0333)] [Shigella dysenteriae Sd197]	
AI-5395_41_41_assembly.fasta	AI-5395_41_41_9	4020520	4021089	+	gspJ	1-570/570	===============	0/0	100.00	96.49	vfdb	YP_404606	(gspJ) general secretion pathway protein J [T2SS (VF0333)] [Shigella dysenteriae Sd197]	
AI-5395_41_41_assembly.fasta	AI-5395_41_41_9	4021086	4022063	+	gspK	1-978/978	===============	0/0	100.00	96.11	vfdb	YP_404607	(gspK) general secretion pathway protein K [T2SS (VF0333)] [Shigella dysenteriae Sd197]	
AI-5395_41_41_assembly.fasta	AI-5395_41_41_9	4022378	4023238	+	gspL	1-861/861	===============	0/0	100.00	97.44	vfdb	YP_404608	(gspL) general secretion pathway protein L [T2SS (VF0333)] [Shigella dysenteriae Sd197]	
AI-5395_41_41_assembly.fasta	AI-5395_41_41_9	4023354	4023776	+	gspM	1-423/423	===============	0/0	100.00	94.09	vfdb	YP_404609	(gspM) general secretion pathway protein M [T2SS (VF0333)] [Shigella dysenteriae Sd197]	
AI-5395_42_43_assembly.fasta	AI-5395_42_43_1	731342	731764	-	gspM	1-423/423	===============	0/0	100.00	97.16	vfdb	YP_404609	(gspM) general secretion pathway protein M [T2SS (VF0333)] [Shigella dysenteriae Sd197]	
AI-5395_42_43_assembly.fasta	AI-5395_42_43_1	731880	732740	-	gspL	1-861/861	===============	0/0	100.00	96.86	vfdb	YP_404608	(gspL) general secretion pathway protein L [T2SS (VF0333)] [Shigella dysenteriae Sd197]	
AI-5395_42_43_assembly.fasta	AI-5395_42_43_1	733055	734032	-	gspK	1-978/978	===============	0/0	100.00	97.65	vfdb	YP_404607	(gspK) general secretion pathway protein K [T2SS (VF0333)] [Shigella dysenteriae Sd197]	
AI-5395_42_43_assembly.fasta	AI-5395_42_43_1	1946102	1947682	+	espX4	1-1581/1581	========/======	2/2	99.94	92.92	vfdb	NP_290672	(espX4) Type III secretion system effector EspX4 [LEE encoded T3SS (SS020)] [Escherichia coli O157:H7 str. EDL933]	
AI-5395_42_43_assembly.fasta	AI-5395_42_43_1	1996039	1997331	-	espX5	1-1293/1293	===============	0/0	100.00	95.59	vfdb	NP_290699	(espX5) Type III secretion system effector EspX5 [LEE encoded T3SS (SS020)] [Escherichia coli O157:H7 str. EDL933]	
AI-5395_42_43_assembly.fasta	AI-5395_42_43_1	2275427	2276029	+	fimB	1-603/603	===============	0/0	100.00	97.84	vfdb	NP_757239	(fimB) Type 1 fimbriae Regulatory protein fimB [Type 1 fimbriae (VF0221)] [Escherichia coli CFT073]	
AI-5395_42_43_assembly.fasta	AI-5395_42_43_1	2276507	2277103	+	fimE	1-597/597	===============	0/0	100.00	99.00	vfdb	NP_757240	(fimE) Type 1 fimbriae Regulatory protein fimE [Type 1 fimbriae (VF0221)] [Escherichia coli CFT073]	
AI-5395_42_43_assembly.fasta	AI-5395_42_43_1	2277527	2278132	+	fimA	1-606/606	===============	0/0	100.00	90.10	vfdb	NP_757241	(fimA) Type-1 fimbrial protein A chain precursor [Type 1 fimbriae (VF0221)] [Escherichia coli CFT073]	
AI-5395_42_43_assembly.fasta	AI-5395_42_43_1	2278197	2278736	+	fimI	1-540/540	===============	0/0	100.00	98.89	vfdb	NP_757242	(fimI) Fimbrin-like protein fimI precursor [Type 1 fimbriae (VF0221)] [Escherichia coli CFT073]	
AI-5395_42_43_assembly.fasta	AI-5395_42_43_1	2278773	2279498	+	fimC	1-726/726	===============	0/0	100.00	98.35	vfdb	NP_757243	(fimC) Chaperone protein fimC precursor [Type 1 fimbriae (VF0221)] [Escherichia coli CFT073]	
AI-5395_42_43_assembly.fasta	AI-5395_42_43_1	2279565	2282201	+	fimD	1-2637/2637	===============	0/0	100.00	98.56	vfdb	NP_757244	(fimD) Outer membrane usher protein fimD precursor [Type 1 fimbriae (VF0221)] [Escherichia coli CFT073]	
AI-5395_42_43_assembly.fasta	AI-5395_42_43_1	2282208	2282741	+	fimF	1-534/534	===============	0/0	100.00	97.38	vfdb	NP_757245	(fimF) FimF protein precursor [Type 1 fimbriae (VF0221)] [Escherichia coli CFT073]	
AI-5395_42_43_assembly.fasta	AI-5395_42_43_1	2282754	2283257	+	fimG	1-504/504	===============	0/0	100.00	98.41	vfdb	NP_757247	(fimG) FimG protein precursor [Type 1 fimbriae (VF0221)] [Escherichia coli CFT073]	
AI-5395_42_43_assembly.fasta	AI-5395_42_43_1	2283268	2284179	+	fimH	1-912/912	===============	0/0	100.00	97.26	vfdb	NP_757248	(fimH) FimH protein precursor [Type 1 fimbriae (VF0221)] [Escherichia coli CFT073]	
AI-5395_42_43_assembly.fasta	AI-5395_42_43_1	2424034	2425454	-	espX1	1-1422/1422	========/======	1/1	99.93	94.58	vfdb	NP_285716	(espX1) Type III secretion system effector EspX1 [LEE encoded T3SS (SS020)] [Escherichia coli O157:H7 str. EDL933]	
AI-5395_42_43_assembly.fasta	AI-5395_42_43_1	2697236	2697989	-	yagV/ecpE	1-754/756	===============	0/0	99.74	96.82	vfdb	NP_286006	(yagV/ecpE) E. coli common pilus chaperone EcpE [ECP (VF0404)] [Escherichia coli O157:H7 str. EDL933]	
AI-5395_42_43_assembly.fasta	AI-5395_42_43_1	2697913	2699556	-	yagW/ecpD	1-1644/1644	===============	0/0	100.00	98.66	vfdb	NP_286007	(yagW/ecpD) polymerized tip adhesin of ECP fibers [ECP (VF0404)] [Escherichia coli O157:H7 str. EDL933]	
AI-5395_42_43_assembly.fasta	AI-5395_42_43_1	2699546	2702071	-	yagX/ecpC	1-2526/2526	===============	0/0	100.00	98.73	vfdb	NP_286008	(yagX/ecpC) E. coli common pilus usher EcpC [ECP (VF0404)] [Escherichia coli O157:H7 str. EDL933]	
AI-5395_42_43_assembly.fasta	AI-5395_42_43_1	2702097	2702765	-	yagY/ecpB	1-669/669	===============	0/0	100.00	98.80	vfdb	NP_286009	(yagY/ecpB) E. coli common pilus chaperone EcpB [ECP (VF0404)] [Escherichia coli O157:H7 str. EDL933]	
AI-5395_42_43_assembly.fasta	AI-5395_42_43_1	2702823	2703410	-	yagZ/ecpA	1-588/588	===============	0/0	100.00	99.32	vfdb	NP_286010	(yagZ/ecpA) E. coli common pilus structural subunit EcpA [ECP (VF0404)] [Escherichia coli O157:H7 str. EDL933]	
AI-5395_42_43_assembly.fasta	AI-5395_42_43_1	2703485	2704075	-	ykgK/ecpR	1-591/591	===============	0/0	100.00	97.29	vfdb	NP_286011	(ykgK/ecpR) regulator protein EcpR [ECP (VF0404)] [Escherichia coli O157:H7 str. EDL933]	
AI-5395_42_43_assembly.fasta	AI-5395_42_43_1	2707095	2711343	+	fdeC	1-4246/4251	========/======	1/3	99.88	94.19	vfdb	YP_002390132	(fdeC) adhesin FdeC [FdeC (VF0506)] [Escherichia coli O45:K1:H7 str. S88]	
AI-5395_42_43_assembly.fasta	AI-5395_42_43_1	2977684	2978454	-	entD	1-771/771	===============	0/0	100.00	95.07	vfdb	NP_752599	(entD) phosphopantetheinyl transferase component of enterobactin synthase multienzyme complex [Enterobactin (VF0228)] [Escherichia coli CFT073]	
AI-5395_42_43_assembly.fasta	AI-5395_42_43_1	2978479	2980719	-	fepA	1-2241/2241	===============	0/0	100.00	97.46	vfdb	NP_752600	(fepA) ferrienterobactin outer membrane transporter [Enterobactin (VF0228)] [Escherichia coli CFT073]	
AI-5395_42_43_assembly.fasta	AI-5395_42_43_1	2980962	2982164	+	fes	1-1203/1203	===============	0/0	100.00	96.34	vfdb	NP_752602	(fes) enterobactin/ferric enterobactin esterase [enterobactin (IA019)] [Escherichia coli CFT073]	
AI-5395_42_43_assembly.fasta	AI-5395_42_43_1	2982382	2986211	+	entF	1-3830/3882	===============	0/0	98.66	95.48	vfdb	NP_752604	(entF) enterobactin synthase multienzyme complex component ATP-dependent [Enterobactin (VF0228)] [Escherichia coli CFT073]	
AI-5395_42_43_assembly.fasta	AI-5395_42_43_1	2987609	2988424	-	fepC	1-816/816	===============	0/0	100.00	97.30	vfdb	NP_752606	(fepC) ferrienterobactin ABC transporter ATPase [Enterobactin (VF0228)] [Escherichia coli CFT073]	
AI-5395_42_43_assembly.fasta	AI-5395_42_43_1	2988421	2989413	-	fepG	1-993/993	===============	0/0	100.00	94.46	vfdb	NP_752607	(fepG) iron-enterobactin ABC transporter permease [Enterobactin (VF0228)] [Escherichia coli CFT073]	
AI-5395_42_43_assembly.fasta	AI-5395_42_43_1	2989410	2990426	-	fepD	1-1017/1017	===============	0/0	100.00	96.36	vfdb	NP_752608	(fepD) ferrienterobactin ABC transporter permease [Enterobactin (VF0228)] [Escherichia coli CFT073]	
AI-5395_42_43_assembly.fasta	AI-5395_42_43_1	2990525	2991775	+	entS	1-1251/1251	===============	0/0	100.00	95.52	vfdb	NP_752609	(entS) enterobactin exporter iron-regulated [enterobactin (IA019)] [Escherichia coli CFT073]	
AI-5395_42_43_assembly.fasta	AI-5395_42_43_1	2991779	2992735	-	fepB	1-957/957	===============	0/0	100.00	97.39	vfdb	NP_752610	(fepB) ferrienterobactin ABC transporter periplasmic binding protein [Enterobactin (VF0228)] [Escherichia coli CFT073]	
AI-5395_42_43_assembly.fasta	AI-5395_42_43_1	2993098	2994285	+	entC	1-1188/1188	===============	0/0	100.00	97.47	vfdb	NP_752611	(entC) isochorismate synthase 1 [Enterobactin (VF0228)] [Escherichia coli CFT073]	
AI-5395_42_43_assembly.fasta	AI-5395_42_43_1	2994295	2995905	+	entE	1-1611/1611	===============	0/0	100.00	95.78	vfdb	NP_752612	(entE) 23-dihydroxybenzoate-AMP ligase component of enterobactin synthase multienzyme complex [Enterobactin (VF0228)] [Escherichia coli CFT073]	
AI-5395_42_43_assembly.fasta	AI-5395_42_43_1	2995919	2996776	+	entB	1-858/858	===============	0/0	100.00	97.79	vfdb	NP_752613	(entB) isochorismatase [Enterobactin (VF0228)] [Escherichia coli CFT073]	
AI-5395_42_43_assembly.fasta	AI-5395_42_43_1	2996776	2997522	+	entA	1-747/747	===============	0/0	100.00	95.98	vfdb	NP_752614	(entA) 23-dihydro-23-dihydroxybenzoate dehydrogenase [Enterobactin (VF0228)] [Escherichia coli CFT073]	
AI-5395_42_43_assembly.fasta	AI-5395_42_43_1	3424564	3425616	-	ompA	1-1041/1041	========/======	1/12	100.00	94.49	vfdb	AAF37887	(ompA) outer membrane protein A [OmpA (VF0236)] [Escherichia coli O18:K1:H7 str. RS218]	
AI-5395_42_43_assembly.fasta	AI-5395_42_43_1	3505230	3506063	-	csgG	1-834/834	===============	0/0	100.00	82.97	vfdb	NP_460110	(csgG) curli production assembly/transport protein CsgG [Agf (VF0103)] [Salmonella enterica subsp. enterica serovar Typhimurium str. LT2]	
AI-5395_42_43_assembly.fasta	AI-5395_42_43_1	3506090	3506506	-	csgF	1-417/417	========/======	3/8	99.04	81.23	vfdb	NP_460111	(csgF) curli production assembly/transport protein CsgF [Agf (VF0103)] [Salmonella enterica subsp. enterica serovar Typhimurium str. LT2]	
AI-5395_42_43_assembly.fasta	AI-5395_42_43_1	3506925	3507575	-	csgD	1-651/651	===============	0/0	100.00	80.95	vfdb	NP_460113	(csgD) DNA-binding transcriptional regulator CsgD [curli fibers/thin aggregative fimbriae (AGF) (AI094)] [Salmonella enterica subsp. enterica serovar Typhimurium str. LT2]	
AI-5395_42_43_assembly.fasta	AI-5395_42_43_1	3508329	3508784	+	csgB	1-456/456	========/======	2/2	99.78	83.81	vfdb	NP_460114	(csgB) minor curlin subunit precursor curli nucleator protein CsgB [Agf (VF0103)] [Salmonella enterica subsp. enterica serovar Typhimurium str. LT2]	
AI-5395_42_43_assembly.fasta	AI-5395_42_43_1	3912081	3913135	-	espR1	198-1253/1260	..======/======	1/1	83.73	94.13	vfdb	NP_287686	(espR1) Type III secretion system effector espR1 [LEE encoded T3SS (SS020)] [Escherichia coli O157:H7 str. EDL933]	
AI-5395_42_43_assembly.fasta	AI-5395_42_43_1	4186199	4188068	+	espL1	1-1899/1899	========/======	1/29	98.47	95.16	vfdb	NP_288154	(espL1) Type III secretion system effector espL1 [LEE encoded T3SS (SS020)] [Escherichia coli O157:H7 str. EDL933]	
AI-5395_43_44_assembly.fasta	AI-5395_43_44_1	93060	93515	-	csgB	1-456/456	========/======	2/2	99.78	84.03	vfdb	NP_460114	(csgB) minor curlin subunit precursor curli nucleator protein CsgB [Agf (VF0103)] [Salmonella enterica subsp. enterica serovar Typhimurium str. LT2]	
AI-5395_43_44_assembly.fasta	AI-5395_43_44_1	94268	94918	+	csgD	1-651/651	===============	0/0	100.00	81.41	vfdb	NP_460113	(csgD) DNA-binding transcriptional regulator CsgD [curli fibers/thin aggregative fimbriae (AGF) (AI094)] [Salmonella enterica subsp. enterica serovar Typhimurium str. LT2]	
AI-5395_43_44_assembly.fasta	AI-5395_43_44_1	95337	95753	+	csgF	1-417/417	========/======	3/8	99.04	81.00	vfdb	NP_460111	(csgF) curli production assembly/transport protein CsgF [Agf (VF0103)] [Salmonella enterica subsp. enterica serovar Typhimurium str. LT2]	
AI-5395_43_44_assembly.fasta	AI-5395_43_44_1	95780	96613	+	csgG	1-834/834	===============	0/0	100.00	82.73	vfdb	NP_460110	(csgG) curli production assembly/transport protein CsgG [Agf (VF0103)] [Salmonella enterica subsp. enterica serovar Typhimurium str. LT2]	
AI-5395_43_44_assembly.fasta	AI-5395_43_44_1	163584	164624	+	ompA	1-1041/1041	===============	0/0	100.00	99.62	vfdb	AAF37887	(ompA) outer membrane protein A [OmpA (VF0236)] [Escherichia coli O18:K1:H7 str. RS218]	
AI-5395_43_44_assembly.fasta	AI-5395_43_44_1	570404	571150	-	entA	1-747/747	===============	0/0	100.00	99.06	vfdb	NP_752614	(entA) 23-dihydro-23-dihydroxybenzoate dehydrogenase [Enterobactin (VF0228)] [Escherichia coli CFT073]	
AI-5395_43_44_assembly.fasta	AI-5395_43_44_1	571150	572007	-	entB	1-858/858	===============	0/0	100.00	99.65	vfdb	NP_752613	(entB) isochorismatase [Enterobactin (VF0228)] [Escherichia coli CFT073]	
AI-5395_43_44_assembly.fasta	AI-5395_43_44_1	572021	573631	-	entE	1-1611/1611	===============	0/0	100.00	98.76	vfdb	NP_752612	(entE) 23-dihydroxybenzoate-AMP ligase component of enterobactin synthase multienzyme complex [Enterobactin (VF0228)] [Escherichia coli CFT073]	
AI-5395_43_44_assembly.fasta	AI-5395_43_44_1	573641	574828	-	entC	1-1188/1188	===============	0/0	100.00	99.50	vfdb	NP_752611	(entC) isochorismate synthase 1 [Enterobactin (VF0228)] [Escherichia coli CFT073]	
AI-5395_43_44_assembly.fasta	AI-5395_43_44_1	575005	575961	+	fepB	1-957/957	===============	0/0	100.00	99.16	vfdb	NP_752610	(fepB) ferrienterobactin ABC transporter periplasmic binding protein [Enterobactin (VF0228)] [Escherichia coli CFT073]	
AI-5395_43_44_assembly.fasta	AI-5395_43_44_1	575965	577215	-	entS	1-1251/1251	===============	0/0	100.00	98.16	vfdb	NP_752609	(entS) enterobactin exporter iron-regulated [enterobactin (IA019)] [Escherichia coli CFT073]	
AI-5395_43_44_assembly.fasta	AI-5395_43_44_1	577314	578330	+	fepD	1-1017/1017	===============	0/0	100.00	98.62	vfdb	NP_752608	(fepD) ferrienterobactin ABC transporter permease [Enterobactin (VF0228)] [Escherichia coli CFT073]	
AI-5395_43_44_assembly.fasta	AI-5395_43_44_1	578327	579319	+	fepG	1-993/993	===============	0/0	100.00	99.09	vfdb	NP_752607	(fepG) iron-enterobactin ABC transporter permease [Enterobactin (VF0228)] [Escherichia coli CFT073]	
AI-5395_43_44_assembly.fasta	AI-5395_43_44_1	579316	580131	+	fepC	1-816/816	===============	0/0	100.00	100.00	vfdb	NP_752606	(fepC) ferrienterobactin ABC transporter ATPase [Enterobactin (VF0228)] [Escherichia coli CFT073]	
AI-5395_43_44_assembly.fasta	AI-5395_43_44_1	581505	585358	-	entF	1-3854/3882	===============	0/0	99.28	98.16	vfdb	NP_752604	(entF) enterobactin synthase multienzyme complex component ATP-dependent [Enterobactin (VF0228)] [Escherichia coli CFT073]	
AI-5395_43_44_assembly.fasta	AI-5395_43_44_1	585576	586778	-	fes	1-1203/1203	===============	0/0	100.00	99.33	vfdb	NP_752602	(fes) enterobactin/ferric enterobactin esterase [enterobactin (IA019)] [Escherichia coli CFT073]	
AI-5395_43_44_assembly.fasta	AI-5395_43_44_1	587020	589269	+	fepA	1-2241/2241	========/======	1/9	100.00	98.18	vfdb	NP_752600	(fepA) ferrienterobactin outer membrane transporter [Enterobactin (VF0228)] [Escherichia coli CFT073]	
AI-5395_43_44_assembly.fasta	AI-5395_43_44_1	589294	590064	+	entD	1-771/771	===============	0/0	100.00	99.74	vfdb	NP_752599	(entD) phosphopantetheinyl transferase component of enterobactin synthase multienzyme complex [Enterobactin (VF0228)] [Escherichia coli CFT073]	
AI-5395_43_44_assembly.fasta	AI-5395_43_44_1	843102	847352	-	fdeC	1-4251/4251	===============	0/0	100.00	99.83	vfdb	YP_002390132	(fdeC) adhesin FdeC [FdeC (VF0506)] [Escherichia coli O45:K1:H7 str. S88]	
AI-5395_43_44_assembly.fasta	AI-5395_43_44_1	856604	857194	+	ykgK/ecpR	1-591/591	===============	0/0	100.00	99.32	vfdb	NP_286011	(ykgK/ecpR) regulator protein EcpR [ECP (VF0404)] [Escherichia coli O157:H7 str. EDL933]	
AI-5395_43_44_assembly.fasta	AI-5395_43_44_1	857269	857856	+	yagZ/ecpA	1-588/588	===============	0/0	100.00	98.47	vfdb	NP_286010	(yagZ/ecpA) E. coli common pilus structural subunit EcpA [ECP (VF0404)] [Escherichia coli O157:H7 str. EDL933]	
AI-5395_43_44_assembly.fasta	AI-5395_43_44_1	857913	858581	+	yagY/ecpB	1-669/669	===============	0/0	100.00	97.91	vfdb	NP_286009	(yagY/ecpB) E. coli common pilus chaperone EcpB [ECP (VF0404)] [Escherichia coli O157:H7 str. EDL933]	
AI-5395_43_44_assembly.fasta	AI-5395_43_44_1	858607	861132	+	yagX/ecpC	1-2526/2526	===============	0/0	100.00	97.66	vfdb	NP_286008	(yagX/ecpC) E. coli common pilus usher EcpC [ECP (VF0404)] [Escherichia coli O157:H7 str. EDL933]	
AI-5395_43_44_assembly.fasta	AI-5395_43_44_1	861122	862765	+	yagW/ecpD	1-1644/1644	===============	0/0	100.00	99.03	vfdb	NP_286007	(yagW/ecpD) polymerized tip adhesin of ECP fibers [ECP (VF0404)] [Escherichia coli O157:H7 str. EDL933]	
AI-5395_43_44_assembly.fasta	AI-5395_43_44_1	862689	863442	+	yagV/ecpE	1-754/756	===============	0/0	99.74	98.28	vfdb	NP_286006	(yagV/ecpE) E. coli common pilus chaperone EcpE [ECP (VF0404)] [Escherichia coli O157:H7 str. EDL933]	
AI-5395_43_44_assembly.fasta	AI-5395_43_44_1	867053	871183	+	vat	1-4131/4131	===============	0/0	100.00	99.95	vfdb	NP_752330	(vat) Haemoglobin protease [Tsh (VF0233)] [Escherichia coli CFT073]	
AI-5395_43_44_assembly.fasta	AI-5395_43_44_1	1253645	1255015	-	ibeA	1-1371/1371	========/======	2/2	99.93	98.61	vfdb	AAF98391	(ibeA) invasion protein IbeA [Ibes (VF0237)] [Escherichia coli O18:K1:H7 str. RS218]	
AI-5395_43_44_assembly.fasta	AI-5395_43_44_1	1277689	1278600	-	fimH	1-912/912	===============	0/0	100.00	99.23	vfdb	NP_757248	(fimH) FimH protein precursor [Type 1 fimbriae (VF0221)] [Escherichia coli CFT073]	
AI-5395_43_44_assembly.fasta	AI-5395_43_44_1	1278611	1279114	-	fimG	1-504/504	===============	0/0	100.00	98.41	vfdb	NP_757247	(fimG) FimG protein precursor [Type 1 fimbriae (VF0221)] [Escherichia coli CFT073]	
AI-5395_43_44_assembly.fasta	AI-5395_43_44_1	1279127	1279660	-	fimF	1-534/534	===============	0/0	100.00	99.62	vfdb	NP_757245	(fimF) FimF protein precursor [Type 1 fimbriae (VF0221)] [Escherichia coli CFT073]	
AI-5395_43_44_assembly.fasta	AI-5395_43_44_1	1279667	1282303	-	fimD	1-2637/2637	===============	0/0	100.00	98.90	vfdb	NP_757244	(fimD) Outer membrane usher protein fimD precursor [Type 1 fimbriae (VF0221)] [Escherichia coli CFT073]	
AI-5395_43_44_assembly.fasta	AI-5395_43_44_1	1282369	1283094	-	fimC	1-726/726	===============	0/0	100.00	99.45	vfdb	NP_757243	(fimC) Chaperone protein fimC precursor [Type 1 fimbriae (VF0221)] [Escherichia coli CFT073]	
AI-5395_43_44_assembly.fasta	AI-5395_43_44_1	1283131	1283670	-	fimI	1-540/540	===============	0/0	100.00	99.26	vfdb	NP_757242	(fimI) Fimbrin-like protein fimI precursor [Type 1 fimbriae (VF0221)] [Escherichia coli CFT073]	
AI-5395_43_44_assembly.fasta	AI-5395_43_44_1	1283735	1284346	-	fimA	1-606/606	========/======	1/6	100.00	88.89	vfdb	NP_757241	(fimA) Type-1 fimbrial protein A chain precursor [Type 1 fimbriae (VF0221)] [Escherichia coli CFT073]	
AI-5395_43_44_assembly.fasta	AI-5395_43_44_1	1284770	1285366	-	fimE	1-597/597	===============	0/0	100.00	99.50	vfdb	NP_757240	(fimE) Type 1 fimbriae Regulatory protein fimE [Type 1 fimbriae (VF0221)] [Escherichia coli CFT073]	
AI-5395_43_44_assembly.fasta	AI-5395_43_44_1	1285844	1286446	-	fimB	1-603/603	===============	0/0	100.00	99.67	vfdb	NP_757239	(fimB) Type 1 fimbriae Regulatory protein fimB [Type 1 fimbriae (VF0221)] [Escherichia coli CFT073]	
AI-5395_43_44_assembly.fasta	AI-5395_43_44_1	1914209	1915637	+	aslA	1-1428/1428	========/======	1/1	100.00	98.67	vfdb	AAG10151	(aslA) putative arylsulfatase [AslA (VF0238)] [Escherichia coli O18:K1:H7 str. RS218]	
AI-5395_43_44_assembly.fasta	AI-5395_43_44_1	2256136	2256936	-	chuV	1-801/801	===============	0/0	100.00	99.62	vfdb	NP_756180	(chuV) ATP-binding hydrophilic protein ChuV [Chu (VF0227)] [Escherichia coli CFT073]	
AI-5395_43_44_assembly.fasta	AI-5395_43_44_1	2256903	2257895	-	chuU	1-993/993	===============	0/0	100.00	99.90	vfdb	NP_756179	(chuU) heme permease protein ChuU [Chu (VF0227)] [Escherichia coli CFT073]	
AI-5395_43_44_assembly.fasta	AI-5395_43_44_1	2257944	2258567	-	chuY	1-624/624	===============	0/0	100.00	98.56	vfdb	NP_756178	(chuY) ChuY [Chu (VF0227)] [Escherichia coli CFT073]	
AI-5395_43_44_assembly.fasta	AI-5395_43_44_1	2258567	2259061	-	chuX	1-495/495	===============	0/0	100.00	99.80	vfdb	NP_756177	(chuX) putative heme-binding protein ChuX [Chu (VF0227)] [Escherichia coli CFT073]	
AI-5395_43_44_assembly.fasta	AI-5395_43_44_1	2259074	2260411	-	chuW	1-1338/1338	===============	0/0	100.00	99.78	vfdb	NP_756176	(chuW) Putative oxygen independent coproporphyrinogen III oxidase [Chu (VF0227)] [Escherichia coli CFT073]	
AI-5395_43_44_assembly.fasta	AI-5395_43_44_1	2260431	2261423	-	chuT	1-993/993	===============	0/0	100.00	99.90	vfdb	NP_756175	(chuT) periplasmic heme-binding protein ChuT [Chu (VF0227)] [Escherichia coli CFT073]	
AI-5395_43_44_assembly.fasta	AI-5395_43_44_1	2262065	2264011	+	chuA	1-1947/1947	===============	0/0	100.00	99.80	vfdb	NP_756170	(chuA) Outer membrane heme/hemoglobin receptor ChuA [Chu (VF0227)] [Escherichia coli CFT073]	
AI-5395_43_44_assembly.fasta	AI-5395_43_44_1	2264060	2265088	+	chuS	1-1029/1029	===============	0/0	100.00	99.71	vfdb	NP_756169	(chuS) heme oxygenase ChuS [Chu (VF0227)] [Escherichia coli CFT073]	
AI-5395_43_44_assembly.fasta	AI-5395_43_44_1	2818001	2818831	+	gspC	1-831/831	===============	0/0	100.00	94.10	vfdb	YP_404599	(gspC) general secretion pathway protein C [T2SS (VF0333)] [Shigella dysenteriae Sd197]	
AI-5395_43_44_assembly.fasta	AI-5395_43_44_1	2819071	2820921	+	gspD	1-1836/1836	========/======	1/15	100.00	94.54	vfdb	YP_404600	(gspD) general secretion pathway protein D [T2SS (VF0333)] [Shigella dysenteriae Sd197]	
AI-5395_43_44_assembly.fasta	AI-5395_43_44_1	2820921	2822414	+	gspE	1-1494/1494	===============	0/0	100.00	93.04	vfdb	YP_404601	(gspE) general secretion pathway protein E [T2SS (VF0333)] [Shigella dysenteriae Sd197]	
AI-5395_43_44_assembly.fasta	AI-5395_43_44_1	2822414	2823613	+	gspF	1-1200/1200	===============	0/0	100.00	93.92	vfdb	YP_404602	(gspF) general secretion pathway protein F [T2SS (VF0333)] [Shigella dysenteriae Sd197]	
AI-5395_43_44_assembly.fasta	AI-5395_43_44_1	2823654	2824109	+	gspG	1-456/456	===============	0/0	100.00	94.30	vfdb	YP_404603	(gspG) general secretion pathway protein G [T2SS (VF0333)] [Shigella dysenteriae Sd197]	
AI-5395_43_44_assembly.fasta	AI-5395_43_44_1	2824146	2824676	+	gspH	1-531/531	===============	0/0	100.00	93.97	vfdb	YP_404604	(gspH) general secretion pathway protein H [T2SS (VF0333)] [Shigella dysenteriae Sd197]	
AI-5395_43_44_assembly.fasta	AI-5395_43_44_1	2824673	2825044	+	gspI	1-372/372	===============	0/0	100.00	91.94	vfdb	YP_404605	(gspI) general secretion pathway protein I [T2SS (VF0333)] [Shigella dysenteriae Sd197]	
AI-5395_43_44_assembly.fasta	AI-5395_43_44_1	2825077	2825646	+	gspJ	1-570/570	===============	0/0	100.00	94.74	vfdb	YP_404606	(gspJ) general secretion pathway protein J [T2SS (VF0333)] [Shigella dysenteriae Sd197]	
AI-5395_43_44_assembly.fasta	AI-5395_43_44_1	2825643	2826620	+	gspK	1-978/978	===============	0/0	100.00	96.52	vfdb	YP_404607	(gspK) general secretion pathway protein K [T2SS (VF0333)] [Shigella dysenteriae Sd197]	
AI-5395_43_44_assembly.fasta	AI-5395_43_44_1	2826935	2827795	+	gspL	1-861/861	===============	0/0	100.00	95.01	vfdb	YP_404608	(gspL) general secretion pathway protein L [T2SS (VF0333)] [Shigella dysenteriae Sd197]	
AI-5395_43_44_assembly.fasta	AI-5395_43_44_1	2827911	2828332	+	gspM	1-422/423	===============	0/0	99.76	91.71	vfdb	YP_404609	(gspM) general secretion pathway protein M [T2SS (VF0333)] [Shigella dysenteriae Sd197]	
AI-5395_43_44_assembly.fasta	AI-5395_43_44_1	2829506	2830282	+	kpsM	1-777/777	===============	0/0	100.00	96.27	vfdb	AAA24046	(kpsM) KpsM [K1 capsule (VF0239)] [Escherichia coli O18:K1:H7 str. RS218]	
AI-5395_43_44_assembly.fasta	AI-5395_43_44_1	2842185	2843861	-	kpsD	1-1677/1677	===============	0/0	100.00	99.52	vfdb	AAA21682	(kpsD) KpsD [K1 capsule (VF0239)] [Escherichia coli O18:K1:H7 str. RS218]	
AI-5395_43_44_assembly.fasta	AI-5395_43_44_1	3905315	3907336	-	fyuA	1-2022/2022	===============	0/0	100.00	99.90	vfdb	NP_405467	(fyuA) pesticin/yersiniabactin receptor protein [Yersiniabactin (VF0136)] [Yersinia pestis CO92]	
AI-5395_43_44_assembly.fasta	AI-5395_43_44_1	3907468	3909045	-	ybtE	1-1578/1578	===============	0/0	100.00	99.75	vfdb	NP_405468	(ybtE) yersiniabactin siderophore biosynthetic protein [Yersiniabactin (VF0136)] [Yersinia pestis CO92]	
AI-5395_43_44_assembly.fasta	AI-5395_43_44_1	3909049	3909852	-	ybtT	1-804/804	===============	0/0	100.00	99.38	vfdb	NP_405469	(ybtT) yersiniabactin biosynthetic protein YbtT [Yersiniabactin (VF0136)] [Yersinia pestis CO92]	
AI-5395_43_44_assembly.fasta	AI-5395_43_44_1	3909849	3910949	-	ybtU	1-1101/1101	===============	0/0	100.00	99.18	vfdb	NP_405470	(ybtU) yersiniabactin biosynthetic protein YbtU [Yersiniabactin (VF0136)] [Yersinia pestis CO92]	
AI-5395_43_44_assembly.fasta	AI-5395_43_44_1	3910946	3920437	-	irp1	1-9492/9492	===============	0/0	100.00	99.73	vfdb	NP_405471	(irp1) yersiniabactin biosynthetic protein Irp1 [Yersiniabactin (VF0136)] [Yersinia pestis CO92]	
AI-5395_43_44_assembly.fasta	AI-5395_43_44_1	3920525	3926632	-	irp2	1-6108/6108	===============	0/0	100.00	99.64	vfdb	NP_405472	(irp2) yersiniabactin biosynthetic protein Irp2 [Yersiniabactin (VF0136)] [Yersinia pestis CO92]	
AI-5395_43_44_assembly.fasta	AI-5395_43_44_1	3926823	3927782	-	ybtA	1-960/960	===============	0/0	100.00	99.48	vfdb	NP_405473	(ybtA) transcriptional regulator YbtA [Yersiniabactin (VF0136)] [Yersinia pestis CO92]	
AI-5395_43_44_assembly.fasta	AI-5395_43_44_1	3927949	3929751	+	ybtP	1-1803/1803	===============	0/0	100.00	99.67	vfdb	NP_405474	(ybtP) lipoprotein inner membrane ABC-transporter [Yersiniabactin (VF0136)] [Yersinia pestis CO92]	
AI-5395_43_44_assembly.fasta	AI-5395_43_44_1	3929738	3931540	+	ybtQ	1-1803/1803	===============	0/0	100.00	99.61	vfdb	NP_405475	(ybtQ) inner membrane ABC-transporter YbtQ [Yersiniabactin (VF0136)] [Yersinia pestis CO92]	
AI-5395_43_44_assembly.fasta	AI-5395_43_44_1	3931533	3932813	+	ybtX	1-1281/1281	===============	0/0	100.00	99.61	vfdb	NP_405476	(ybtX) putative signal transducer [Yersiniabactin (VF0136)] [Yersinia pestis CO92]	
AI-5395_43_44_assembly.fasta	AI-5395_43_44_1	3932841	3934145	+	ybtS	1-1305/1305	===============	0/0	100.00	99.85	vfdb	NP_405477	(ybtS) salicylate synthase Irp9 [Yersiniabactin (VF0136)] [Yersinia pestis CO92]	
AI-5395_44_45_assembly.fasta	AI-5395_44_45_1	190176	192075	-	espL1	1-1899/1899	========/======	1/1	100.00	97.42	vfdb	NP_288154	(espL1) Type III secretion system effector espL1 [LEE encoded T3SS (SS020)] [Escherichia coli O157:H7 str. EDL933]	
AI-5395_44_45_assembly.fasta	AI-5395_44_45_1	473883	474937	+	espR1	198-1253/1260	..======/======	1/1	83.73	93.94	vfdb	NP_287686	(espR1) Type III secretion system effector espR1 [LEE encoded T3SS (SS020)] [Escherichia coli O157:H7 str. EDL933]	
AI-5395_44_45_assembly.fasta	AI-5395_44_45_1	940500	940955	-	csgB	1-456/456	========/======	2/2	99.78	83.59	vfdb	NP_460114	(csgB) minor curlin subunit precursor curli nucleator protein CsgB [Agf (VF0103)] [Salmonella enterica subsp. enterica serovar Typhimurium str. LT2]	
AI-5395_44_45_assembly.fasta	AI-5395_44_45_1	941710	942360	+	csgD	1-651/651	===============	0/0	100.00	81.11	vfdb	NP_460113	(csgD) DNA-binding transcriptional regulator CsgD [curli fibers/thin aggregative fimbriae (AGF) (AI094)] [Salmonella enterica subsp. enterica serovar Typhimurium str. LT2]	
AI-5395_44_45_assembly.fasta	AI-5395_44_45_1	942779	943195	+	csgF	1-417/417	========/======	3/8	99.04	81.23	vfdb	NP_460111	(csgF) curli production assembly/transport protein CsgF [Agf (VF0103)] [Salmonella enterica subsp. enterica serovar Typhimurium str. LT2]	
AI-5395_44_45_assembly.fasta	AI-5395_44_45_1	943222	944055	+	csgG	1-834/834	===============	0/0	100.00	83.45	vfdb	NP_460110	(csgG) curli production assembly/transport protein CsgG [Agf (VF0103)] [Salmonella enterica subsp. enterica serovar Typhimurium str. LT2]	
AI-5395_44_45_assembly.fasta	AI-5395_44_45_1	1023896	1024936	+	ompA	1-1041/1041	===============	0/0	100.00	98.08	vfdb	AAF37887	(ompA) outer membrane protein A [OmpA (VF0236)] [Escherichia coli O18:K1:H7 str. RS218]	
AI-5395_44_45_assembly.fasta	AI-5395_44_45_1	1413543	1414289	-	entA	1-747/747	===============	0/0	100.00	95.72	vfdb	NP_752614	(entA) 23-dihydro-23-dihydroxybenzoate dehydrogenase [Enterobactin (VF0228)] [Escherichia coli CFT073]	
AI-5395_44_45_assembly.fasta	AI-5395_44_45_1	1414289	1415146	-	entB	1-858/858	===============	0/0	100.00	98.14	vfdb	NP_752613	(entB) isochorismatase [Enterobactin (VF0228)] [Escherichia coli CFT073]	
AI-5395_44_45_assembly.fasta	AI-5395_44_45_1	1415160	1416770	-	entE	1-1611/1611	===============	0/0	100.00	95.47	vfdb	NP_752612	(entE) 23-dihydroxybenzoate-AMP ligase component of enterobactin synthase multienzyme complex [Enterobactin (VF0228)] [Escherichia coli CFT073]	
AI-5395_44_45_assembly.fasta	AI-5395_44_45_1	1416780	1417967	-	entC	1-1188/1188	===============	0/0	100.00	97.90	vfdb	NP_752611	(entC) isochorismate synthase 1 [Enterobactin (VF0228)] [Escherichia coli CFT073]	
AI-5395_44_45_assembly.fasta	AI-5395_44_45_1	1418330	1419286	+	fepB	1-957/957	===============	0/0	100.00	97.49	vfdb	NP_752610	(fepB) ferrienterobactin ABC transporter periplasmic binding protein [Enterobactin (VF0228)] [Escherichia coli CFT073]	
AI-5395_44_45_assembly.fasta	AI-5395_44_45_1	1419290	1420540	-	entS	1-1251/1251	===============	0/0	100.00	95.44	vfdb	NP_752609	(entS) enterobactin exporter iron-regulated [enterobactin (IA019)] [Escherichia coli CFT073]	
AI-5395_44_45_assembly.fasta	AI-5395_44_45_1	1420639	1421655	+	fepD	1-1017/1017	===============	0/0	100.00	96.07	vfdb	NP_752608	(fepD) ferrienterobactin ABC transporter permease [Enterobactin (VF0228)] [Escherichia coli CFT073]	
AI-5395_44_45_assembly.fasta	AI-5395_44_45_1	1421652	1422644	+	fepG	1-993/993	===============	0/0	100.00	94.06	vfdb	NP_752607	(fepG) iron-enterobactin ABC transporter permease [Enterobactin (VF0228)] [Escherichia coli CFT073]	
AI-5395_44_45_assembly.fasta	AI-5395_44_45_1	1422641	1423456	+	fepC	1-816/816	===============	0/0	100.00	97.30	vfdb	NP_752606	(fepC) ferrienterobactin ABC transporter ATPase [Enterobactin (VF0228)] [Escherichia coli CFT073]	
AI-5395_44_45_assembly.fasta	AI-5395_44_45_1	1424830	1428683	-	entF	1-3854/3882	===============	0/0	99.28	95.69	vfdb	NP_752604	(entF) enterobactin synthase multienzyme complex component ATP-dependent [Enterobactin (VF0228)] [Escherichia coli CFT073]	
AI-5395_44_45_assembly.fasta	AI-5395_44_45_1	1428901	1430103	-	fes	1-1203/1203	===============	0/0	100.00	96.67	vfdb	NP_752602	(fes) enterobactin/ferric enterobactin esterase [enterobactin (IA019)] [Escherichia coli CFT073]	
AI-5395_44_45_assembly.fasta	AI-5395_44_45_1	1430346	1432586	+	fepA	1-2241/2241	===============	0/0	100.00	96.74	vfdb	NP_752600	(fepA) ferrienterobactin outer membrane transporter [Enterobactin (VF0228)] [Escherichia coli CFT073]	
AI-5395_44_45_assembly.fasta	AI-5395_44_45_1	1432611	1433381	+	entD	1-771/771	===============	0/0	100.00	95.20	vfdb	NP_752599	(entD) phosphopantetheinyl transferase component of enterobactin synthase multienzyme complex [Enterobactin (VF0228)] [Escherichia coli CFT073]	
AI-5395_44_45_assembly.fasta	AI-5395_44_45_1	1721896	1726144	-	fdeC	1-4246/4251	========/======	1/3	99.88	94.26	vfdb	YP_002390132	(fdeC) adhesin FdeC [FdeC (VF0506)] [Escherichia coli O45:K1:H7 str. S88]	
AI-5395_44_45_assembly.fasta	AI-5395_44_45_1	1729165	1729755	+	ykgK/ecpR	1-591/591	===============	0/0	100.00	96.95	vfdb	NP_286011	(ykgK/ecpR) regulator protein EcpR [ECP (VF0404)] [Escherichia coli O157:H7 str. EDL933]	
AI-5395_44_45_assembly.fasta	AI-5395_44_45_1	1729830	1730417	+	yagZ/ecpA	1-588/588	===============	0/0	100.00	99.15	vfdb	NP_286010	(yagZ/ecpA) E. coli common pilus structural subunit EcpA [ECP (VF0404)] [Escherichia coli O157:H7 str. EDL933]	
AI-5395_44_45_assembly.fasta	AI-5395_44_45_1	1730475	1731143	+	yagY/ecpB	1-669/669	===============	0/0	100.00	98.06	vfdb	NP_286009	(yagY/ecpB) E. coli common pilus chaperone EcpB [ECP (VF0404)] [Escherichia coli O157:H7 str. EDL933]	
AI-5395_44_45_assembly.fasta	AI-5395_44_45_1	1731169	1733694	+	yagX/ecpC	1-2526/2526	===============	0/0	100.00	98.77	vfdb	NP_286008	(yagX/ecpC) E. coli common pilus usher EcpC [ECP (VF0404)] [Escherichia coli O157:H7 str. EDL933]	
AI-5395_44_45_assembly.fasta	AI-5395_44_45_1	1733684	1735327	+	yagW/ecpD	1-1644/1644	===============	0/0	100.00	99.03	vfdb	NP_286007	(yagW/ecpD) polymerized tip adhesin of ECP fibers [ECP (VF0404)] [Escherichia coli O157:H7 str. EDL933]	
AI-5395_44_45_assembly.fasta	AI-5395_44_45_1	1735251	1736004	+	yagV/ecpE	1-754/756	===============	0/0	99.74	96.95	vfdb	NP_286006	(yagV/ecpE) E. coli common pilus chaperone EcpE [ECP (VF0404)] [Escherichia coli O157:H7 str. EDL933]	
AI-5395_44_45_assembly.fasta	AI-5395_44_45_1	1966100	1966896	-	espY1	1-753/753	========/======	3/46	99.87	88.72	vfdb	NP_285753	(espY1) Type III secretion system effector EspY1 [LEE encoded T3SS (SS020)] [Escherichia coli O157:H7 str. EDL933]	
AI-5395_44_45_assembly.fasta	AI-5395_44_45_1	2005162	2006582	+	espX1	1-1422/1422	========/======	1/1	99.93	95.29	vfdb	NP_285716	(espX1) Type III secretion system effector EspX1 [LEE encoded T3SS (SS020)] [Escherichia coli O157:H7 str. EDL933]	
AI-5395_44_45_assembly.fasta	AI-5395_44_45_1	2102214	2103125	-	fimH	1-912/912	===============	0/0	100.00	97.59	vfdb	NP_757248	(fimH) FimH protein precursor [Type 1 fimbriae (VF0221)] [Escherichia coli CFT073]	
AI-5395_44_45_assembly.fasta	AI-5395_44_45_1	2103136	2103639	-	fimG	1-504/504	===============	0/0	100.00	98.21	vfdb	NP_757247	(fimG) FimG protein precursor [Type 1 fimbriae (VF0221)] [Escherichia coli CFT073]	
AI-5395_44_45_assembly.fasta	AI-5395_44_45_1	2103652	2104185	-	fimF	1-534/534	===============	0/0	100.00	97.94	vfdb	NP_757245	(fimF) FimF protein precursor [Type 1 fimbriae (VF0221)] [Escherichia coli CFT073]	
AI-5395_44_45_assembly.fasta	AI-5395_44_45_1	2104192	2106828	-	fimD	1-2637/2637	===============	0/0	100.00	98.22	vfdb	NP_757244	(fimD) Outer membrane usher protein fimD precursor [Type 1 fimbriae (VF0221)] [Escherichia coli CFT073]	
AI-5395_44_45_assembly.fasta	AI-5395_44_45_1	2106895	2107620	-	fimC	1-726/726	===============	0/0	100.00	98.21	vfdb	NP_757243	(fimC) Chaperone protein fimC precursor [Type 1 fimbriae (VF0221)] [Escherichia coli CFT073]	
AI-5395_44_45_assembly.fasta	AI-5395_44_45_1	2107657	2108196	-	fimI	1-540/540	===============	0/0	100.00	98.89	vfdb	NP_757242	(fimI) Fimbrin-like protein fimI precursor [Type 1 fimbriae (VF0221)] [Escherichia coli CFT073]	
AI-5395_44_45_assembly.fasta	AI-5395_44_45_1	2108261	2108866	-	fimA	1-606/606	===============	0/0	100.00	93.07	vfdb	NP_757241	(fimA) Type-1 fimbrial protein A chain precursor [Type 1 fimbriae (VF0221)] [Escherichia coli CFT073]	
AI-5395_44_45_assembly.fasta	AI-5395_44_45_1	2109290	2109886	-	fimE	1-597/597	===============	0/0	100.00	99.00	vfdb	NP_757240	(fimE) Type 1 fimbriae Regulatory protein fimE [Type 1 fimbriae (VF0221)] [Escherichia coli CFT073]	
AI-5395_44_45_assembly.fasta	AI-5395_44_45_1	2110364	2110966	-	fimB	1-603/603	===============	0/0	100.00	97.68	vfdb	NP_757239	(fimB) Type 1 fimbriae Regulatory protein fimB [Type 1 fimbriae (VF0221)] [Escherichia coli CFT073]	
AI-5395_44_45_assembly.fasta	AI-5395_44_45_1	2396079	2397371	+	espX5	1-1293/1293	===============	0/0	100.00	97.14	vfdb	NP_290699	(espX5) Type III secretion system effector EspX5 [LEE encoded T3SS (SS020)] [Escherichia coli O157:H7 str. EDL933]	
AI-5395_44_45_assembly.fasta	AI-5395_44_45_1	2426870	2428450	-	espX4	1-1581/1581	========/======	2/2	99.94	93.36	vfdb	NP_290672	(espX4) Type III secretion system effector EspX4 [LEE encoded T3SS (SS020)] [Escherichia coli O157:H7 str. EDL933]	
AI-5395_44_45_assembly.fasta	AI-5395_44_45_1	2456666	2458853	+	espL4	1-2187/2187	========/======	1/1	100.00	97.30	vfdb	NP_290644	(espL4) Type III secretion system effector EspL4 [LEE encoded T3SS (SS020)] [Escherichia coli O157:H7 str. EDL933]	
AI-5395_44_45_assembly.fasta	AI-5395_44_45_1	2693157	2694585	+	aslA	1-1428/1428	========/======	1/1	100.00	93.56	vfdb	AAG10151	(aslA) putative arylsulfatase [AslA (VF0238)] [Escherichia coli O18:K1:H7 str. RS218]	
AI-5395_44_45_assembly.fasta	AI-5395_44_45_1	4703106	4704241	+	espR4	1-1140/1140	========/======	4/6	99.56	84.49	vfdb	NP_288396	(espR4) Type III secretion system effector espR4 [LEE encoded T3SS (SS020)] [Escherichia coli O157:H7 str. EDL933]	
AI-5395_45_46_assembly.fasta	AI-5395_45_46_1	796207	796629	-	gspM	1-423/423	===============	0/0	100.00	93.85	vfdb	YP_404609	(gspM) general secretion pathway protein M [T2SS (VF0333)] [Shigella dysenteriae Sd197]	
AI-5395_45_46_assembly.fasta	AI-5395_45_46_1	796745	797605	-	gspL	1-861/861	===============	0/0	100.00	97.21	vfdb	YP_404608	(gspL) general secretion pathway protein L [T2SS (VF0333)] [Shigella dysenteriae Sd197]	
AI-5395_45_46_assembly.fasta	AI-5395_45_46_1	797920	798897	-	gspK	1-978/978	===============	0/0	100.00	97.55	vfdb	YP_404607	(gspK) general secretion pathway protein K [T2SS (VF0333)] [Shigella dysenteriae Sd197]	
AI-5395_45_46_assembly.fasta	AI-5395_45_46_1	798894	799463	-	gspJ	1-570/570	===============	0/0	100.00	97.19	vfdb	YP_404606	(gspJ) general secretion pathway protein J [T2SS (VF0333)] [Shigella dysenteriae Sd197]	
AI-5395_45_46_assembly.fasta	AI-5395_45_46_1	799496	799867	-	gspI	1-372/372	===============	0/0	100.00	95.16	vfdb	YP_404605	(gspI) general secretion pathway protein I [T2SS (VF0333)] [Shigella dysenteriae Sd197]	
AI-5395_45_46_assembly.fasta	AI-5395_45_46_1	799864	800394	-	gspH	1-531/531	===============	0/0	100.00	96.05	vfdb	YP_404604	(gspH) general secretion pathway protein H [T2SS (VF0333)] [Shigella dysenteriae Sd197]	
AI-5395_45_46_assembly.fasta	AI-5395_45_46_1	800431	800886	-	gspG	1-456/456	===============	0/0	100.00	95.61	vfdb	YP_404603	(gspG) general secretion pathway protein G [T2SS (VF0333)] [Shigella dysenteriae Sd197]	
AI-5395_45_46_assembly.fasta	AI-5395_45_46_1	800927	802126	-	gspF	1-1200/1200	===============	0/0	100.00	96.17	vfdb	YP_404602	(gspF) general secretion pathway protein F [T2SS (VF0333)] [Shigella dysenteriae Sd197]	
AI-5395_45_46_assembly.fasta	AI-5395_45_46_1	802126	803619	-	gspE	1-1494/1494	===============	0/0	100.00	96.19	vfdb	YP_404601	(gspE) general secretion pathway protein E [T2SS (VF0333)] [Shigella dysenteriae Sd197]	
AI-5395_45_46_assembly.fasta	AI-5395_45_46_1	803619	805469	-	gspD	1-1836/1836	========/======	1/15	100.00	97.57	vfdb	YP_404600	(gspD) general secretion pathway protein D [T2SS (VF0333)] [Shigella dysenteriae Sd197]	
AI-5395_45_46_assembly.fasta	AI-5395_45_46_1	805709	806539	-	gspC	1-831/831	===============	0/0	100.00	95.07	vfdb	YP_404599	(gspC) general secretion pathway protein C [T2SS (VF0333)] [Shigella dysenteriae Sd197]	
AI-5395_45_46_assembly.fasta	AI-5395_45_46_1	1955545	1957125	+	espX4	1-1581/1581	========/======	2/2	99.94	92.86	vfdb	NP_290672	(espX4) Type III secretion system effector EspX4 [LEE encoded T3SS (SS020)] [Escherichia coli O157:H7 str. EDL933]	
AI-5395_45_46_assembly.fasta	AI-5395_45_46_1	1986656	1987948	-	espX5	1-1293/1293	===============	0/0	100.00	95.67	vfdb	NP_290699	(espX5) Type III secretion system effector EspX5 [LEE encoded T3SS (SS020)] [Escherichia coli O157:H7 str. EDL933]	
AI-5395_45_46_assembly.fasta	AI-5395_45_46_1	2281263	2281865	+	fimB	1-603/603	===============	0/0	100.00	97.84	vfdb	NP_757239	(fimB) Type 1 fimbriae Regulatory protein fimB [Type 1 fimbriae (VF0221)] [Escherichia coli CFT073]	
AI-5395_45_46_assembly.fasta	AI-5395_45_46_1	2282343	2282939	+	fimE	1-597/597	===============	0/0	100.00	99.16	vfdb	NP_757240	(fimE) Type 1 fimbriae Regulatory protein fimE [Type 1 fimbriae (VF0221)] [Escherichia coli CFT073]	
AI-5395_45_46_assembly.fasta	AI-5395_45_46_1	2283363	2283968	+	fimA	1-606/606	===============	0/0	100.00	90.92	vfdb	NP_757241	(fimA) Type-1 fimbrial protein A chain precursor [Type 1 fimbriae (VF0221)] [Escherichia coli CFT073]	
AI-5395_45_46_assembly.fasta	AI-5395_45_46_1	2284033	2284572	+	fimI	1-540/540	===============	0/0	100.00	98.89	vfdb	NP_757242	(fimI) Fimbrin-like protein fimI precursor [Type 1 fimbriae (VF0221)] [Escherichia coli CFT073]	
AI-5395_45_46_assembly.fasta	AI-5395_45_46_1	2284609	2285334	+	fimC	1-726/726	===============	0/0	100.00	98.21	vfdb	NP_757243	(fimC) Chaperone protein fimC precursor [Type 1 fimbriae (VF0221)] [Escherichia coli CFT073]	
AI-5395_45_46_assembly.fasta	AI-5395_45_46_1	2285401	2288037	+	fimD	1-2637/2637	===============	0/0	100.00	98.56	vfdb	NP_757244	(fimD) Outer membrane usher protein fimD precursor [Type 1 fimbriae (VF0221)] [Escherichia coli CFT073]	
AI-5395_45_46_assembly.fasta	AI-5395_45_46_1	2288044	2288577	+	fimF	1-534/534	===============	0/0	100.00	96.63	vfdb	NP_757245	(fimF) FimF protein precursor [Type 1 fimbriae (VF0221)] [Escherichia coli CFT073]	
AI-5395_45_46_assembly.fasta	AI-5395_45_46_1	2288590	2289093	+	fimG	1-504/504	===============	0/0	100.00	97.82	vfdb	NP_757247	(fimG) FimG protein precursor [Type 1 fimbriae (VF0221)] [Escherichia coli CFT073]	
AI-5395_45_46_assembly.fasta	AI-5395_45_46_1	2289104	2290015	+	fimH	1-912/912	===============	0/0	100.00	97.59	vfdb	NP_757248	(fimH) FimH protein precursor [Type 1 fimbriae (VF0221)] [Escherichia coli CFT073]	
AI-5395_45_46_assembly.fasta	AI-5395_45_46_1	2409250	2410671	-	espX1	1-1422/1422	===============	0/0	100.00	94.80	vfdb	NP_285716	(espX1) Type III secretion system effector EspX1 [LEE encoded T3SS (SS020)] [Escherichia coli O157:H7 str. EDL933]	
AI-5395_45_46_assembly.fasta	AI-5395_45_46_1	2736137	2736890	-	yagV/ecpE	1-754/756	===============	0/0	99.74	96.68	vfdb	NP_286006	(yagV/ecpE) E. coli common pilus chaperone EcpE [ECP (VF0404)] [Escherichia coli O157:H7 str. EDL933]	
AI-5395_45_46_assembly.fasta	AI-5395_45_46_1	2736814	2738457	-	yagW/ecpD	1-1644/1644	===============	0/0	100.00	98.60	vfdb	NP_286007	(yagW/ecpD) polymerized tip adhesin of ECP fibers [ECP (VF0404)] [Escherichia coli O157:H7 str. EDL933]	
AI-5395_45_46_assembly.fasta	AI-5395_45_46_1	2738447	2740972	-	yagX/ecpC	1-2526/2526	===============	0/0	100.00	98.65	vfdb	NP_286008	(yagX/ecpC) E. coli common pilus usher EcpC [ECP (VF0404)] [Escherichia coli O157:H7 str. EDL933]	
AI-5395_45_46_assembly.fasta	AI-5395_45_46_1	2740998	2741666	-	yagY/ecpB	1-669/669	===============	0/0	100.00	98.66	vfdb	NP_286009	(yagY/ecpB) E. coli common pilus chaperone EcpB [ECP (VF0404)] [Escherichia coli O157:H7 str. EDL933]	
AI-5395_45_46_assembly.fasta	AI-5395_45_46_1	2741724	2742311	-	yagZ/ecpA	1-588/588	===============	0/0	100.00	99.32	vfdb	NP_286010	(yagZ/ecpA) E. coli common pilus structural subunit EcpA [ECP (VF0404)] [Escherichia coli O157:H7 str. EDL933]	
AI-5395_45_46_assembly.fasta	AI-5395_45_46_1	2742386	2742976	-	ykgK/ecpR	1-591/591	===============	0/0	100.00	97.46	vfdb	NP_286011	(ykgK/ecpR) regulator protein EcpR [ECP (VF0404)] [Escherichia coli O157:H7 str. EDL933]	
AI-5395_45_46_assembly.fasta	AI-5395_45_46_1	2745996	2750221	+	fdeC	1-4229/4251	========/======	1/3	99.41	91.63	vfdb	YP_002390132	(fdeC) adhesin FdeC [FdeC (VF0506)] [Escherichia coli O45:K1:H7 str. S88]	
AI-5395_45_46_assembly.fasta	AI-5395_45_46_1	3096841	3097611	-	entD	1-771/771	===============	0/0	100.00	94.42	vfdb	NP_752599	(entD) phosphopantetheinyl transferase component of enterobactin synthase multienzyme complex [Enterobactin (VF0228)] [Escherichia coli CFT073]	
AI-5395_45_46_assembly.fasta	AI-5395_45_46_1	3097636	3099876	-	fepA	1-2241/2241	===============	0/0	100.00	97.59	vfdb	NP_752600	(fepA) ferrienterobactin outer membrane transporter [Enterobactin (VF0228)] [Escherichia coli CFT073]	
AI-5395_45_46_assembly.fasta	AI-5395_45_46_1	3100119	3101321	+	fes	1-1203/1203	===============	0/0	100.00	96.84	vfdb	NP_752602	(fes) enterobactin/ferric enterobactin esterase [enterobactin (IA019)] [Escherichia coli CFT073]	
AI-5395_45_46_assembly.fasta	AI-5395_45_46_1	3101539	3105368	+	entF	1-3830/3882	===============	0/0	98.66	95.93	vfdb	NP_752604	(entF) enterobactin synthase multienzyme complex component ATP-dependent [Enterobactin (VF0228)] [Escherichia coli CFT073]	
AI-5395_45_46_assembly.fasta	AI-5395_45_46_1	3106767	3107582	-	fepC	1-816/816	===============	0/0	100.00	96.94	vfdb	NP_752606	(fepC) ferrienterobactin ABC transporter ATPase [Enterobactin (VF0228)] [Escherichia coli CFT073]	
AI-5395_45_46_assembly.fasta	AI-5395_45_46_1	3107579	3108571	-	fepG	1-993/993	===============	0/0	100.00	94.46	vfdb	NP_752607	(fepG) iron-enterobactin ABC transporter permease [Enterobactin (VF0228)] [Escherichia coli CFT073]	
AI-5395_45_46_assembly.fasta	AI-5395_45_46_1	3108568	3109584	-	fepD	1-1017/1017	===============	0/0	100.00	95.77	vfdb	NP_752608	(fepD) ferrienterobactin ABC transporter permease [Enterobactin (VF0228)] [Escherichia coli CFT073]	
AI-5395_45_46_assembly.fasta	AI-5395_45_46_1	3109683	3110933	+	entS	1-1251/1251	===============	0/0	100.00	95.60	vfdb	NP_752609	(entS) enterobactin exporter iron-regulated [enterobactin (IA019)] [Escherichia coli CFT073]	
AI-5395_45_46_assembly.fasta	AI-5395_45_46_1	3110937	3111893	-	fepB	1-957/957	===============	0/0	100.00	97.39	vfdb	NP_752610	(fepB) ferrienterobactin ABC transporter periplasmic binding protein [Enterobactin (VF0228)] [Escherichia coli CFT073]	
AI-5395_45_46_assembly.fasta	AI-5395_45_46_1	3112070	3113257	+	entC	1-1188/1188	===============	0/0	100.00	97.90	vfdb	NP_752611	(entC) isochorismate synthase 1 [Enterobactin (VF0228)] [Escherichia coli CFT073]	
AI-5395_45_46_assembly.fasta	AI-5395_45_46_1	3113267	3114877	+	entE	1-1611/1611	===============	0/0	100.00	95.78	vfdb	NP_752612	(entE) 23-dihydroxybenzoate-AMP ligase component of enterobactin synthase multienzyme complex [Enterobactin (VF0228)] [Escherichia coli CFT073]	
AI-5395_45_46_assembly.fasta	AI-5395_45_46_1	3114891	3115748	+	entB	1-858/858	===============	0/0	100.00	97.67	vfdb	NP_752613	(entB) isochorismatase [Enterobactin (VF0228)] [Escherichia coli CFT073]	
AI-5395_45_46_assembly.fasta	AI-5395_45_46_1	3115748	3116494	+	entA	1-747/747	===============	0/0	100.00	95.05	vfdb	NP_752614	(entA) 23-dihydro-23-dihydroxybenzoate dehydrogenase [Enterobactin (VF0228)] [Escherichia coli CFT073]	
AI-5395_45_46_assembly.fasta	AI-5395_45_46_1	3507877	3508917	-	ompA	1-1041/1041	===============	0/0	100.00	98.08	vfdb	AAF37887	(ompA) outer membrane protein A [OmpA (VF0236)] [Escherichia coli O18:K1:H7 str. RS218]	
AI-5395_45_46_assembly.fasta	AI-5395_45_46_1	3588699	3589532	-	csgG	1-834/834	===============	0/0	100.00	83.09	vfdb	NP_460110	(csgG) curli production assembly/transport protein CsgG [Agf (VF0103)] [Salmonella enterica subsp. enterica serovar Typhimurium str. LT2]	
AI-5395_45_46_assembly.fasta	AI-5395_45_46_1	3589559	3589975	-	csgF	1-417/417	========/======	3/8	99.04	81.23	vfdb	NP_460111	(csgF) curli production assembly/transport protein CsgF [Agf (VF0103)] [Salmonella enterica subsp. enterica serovar Typhimurium str. LT2]	
AI-5395_45_46_assembly.fasta	AI-5395_45_46_1	3590394	3591044	-	csgD	1-651/651	===============	0/0	100.00	81.11	vfdb	NP_460113	(csgD) DNA-binding transcriptional regulator CsgD [curli fibers/thin aggregative fimbriae (AGF) (AI094)] [Salmonella enterica subsp. enterica serovar Typhimurium str. LT2]	
AI-5395_45_46_assembly.fasta	AI-5395_45_46_1	3591798	3592253	+	csgB	1-456/456	========/======	2/2	99.78	83.81	vfdb	NP_460114	(csgB) minor curlin subunit precursor curli nucleator protein CsgB [Agf (VF0103)] [Salmonella enterica subsp. enterica serovar Typhimurium str. LT2]	
AI-5395_45_46_assembly.fasta	AI-5395_45_46_1	3995007	3996062	-	espR1	198-1253/1260	..=============	0/0	83.81	94.03	vfdb	NP_287686	(espR1) Type III secretion system effector espR1 [LEE encoded T3SS (SS020)] [Escherichia coli O157:H7 str. EDL933]	
AI-5395_45_46_assembly.fasta	AI-5395_45_46_1	4287433	4289331	+	espL1	1-1899/1899	===============	0/0	100.00	94.79	vfdb	NP_288154	(espL1) Type III secretion system effector espL1 [LEE encoded T3SS (SS020)] [Escherichia coli O157:H7 str. EDL933]	
AI-5395_45_46_assembly.fasta	AI-5395_45_46_2	2983	4770	+	iucA	1-1788/1788	===============	0/0	100.00	94.24	vfdb	NP_755502	(iucA) aerobactin siderophore biosynthesis protein IucD [Aerobactin (VF0229)] [Escherichia coli CFT073]	
AI-5395_45_46_assembly.fasta	AI-5395_45_46_2	4771	5718	+	iucB	1-948/948	===============	0/0	100.00	95.57	vfdb	NP_755501	(iucB) aerobactin siderophore biosynthesis protein IucB [Aerobactin (VF0229)] [Escherichia coli CFT073]	
AI-5395_45_46_assembly.fasta	AI-5395_45_46_2	5718	7460	+	iucC	1-1743/1743	===============	0/0	100.00	96.04	vfdb	NP_755500	(iucC) aerobactin siderophore biosynthesis protein IucC [Aerobactin (VF0229)] [Escherichia coli CFT073]	
AI-5395_45_46_assembly.fasta	AI-5395_45_46_2	7457	8778	+	iucD	1-1323/1338	========/======	1/1	98.80	96.30	vfdb	NP_755499	(iucD) L-lysine 6-monooxygenase IucD [Aerobactin (VF0229)] [Escherichia coli CFT073]	
AI-5395_45_46_assembly.fasta	AI-5395_45_46_2	8716	11017	+	iutA	1-2280/2280	========/======	3/24	99.96	88.36	vfdb	NP_755498	(iutA) ferric aerobactin receptor precusor IutA [Aerobactin (VF0229)] [Escherichia coli CFT073]	
AI-5395_45_46_assembly.fasta	AI-5395_45_46_2	93082	94244	+	iroB	1-1163/1164	===============	0/0	99.91	98.37	vfdb	NP_753168	(iroB) glucosyltransferase IroB [Salmochelin (IA013)] [Escherichia coli CFT073]	
AI-5395_45_46_assembly.fasta	AI-5395_45_46_2	94307	98044	+	iroC	1-3738/3738	===============	0/0	100.00	99.25	vfdb	NP_753167	(iroC) ATP binding cassette transporter [Salmochelin (IA013)] [Escherichia coli CFT073]	
AI-5395_45_46_assembly.fasta	AI-5395_45_46_2	98148	99377	+	iroD	1-1230/1230	===============	0/0	100.00	99.11	vfdb	NP_753166	(iroD) esterase [Salmochelin (IA013)] [Escherichia coli CFT073]	
AI-5395_45_46_assembly.fasta	AI-5395_45_46_2	99462	100418	+	iroE	1-957/957	===============	0/0	100.00	99.48	vfdb	NP_753165	(iroE) esterase [Salmochelin (IA013)] [Escherichia coli CFT073]	
AI-5395_45_46_assembly.fasta	AI-5395_45_46_2	100463	102640	-	iroN	1-2178/2178	===============	0/0	100.00	99.08	vfdb	NP_753164	(iroN) salmochelin receptor IroN [IroN (VF0230)] [Escherichia coli CFT073]	
AI-5395_46_47_assembly.fasta	AI-5395_46_47_1	152939	154519	+	espX4	1-1581/1581	========/======	2/2	99.94	93.05	vfdb	NP_290672	(espX4) Type III secretion system effector EspX4 [LEE encoded T3SS (SS020)] [Escherichia coli O157:H7 str. EDL933]	
AI-5395_46_47_assembly.fasta	AI-5395_46_47_1	426156	426758	+	fimB	1-603/603	===============	0/0	100.00	97.84	vfdb	NP_757239	(fimB) Type 1 fimbriae Regulatory protein fimB [Type 1 fimbriae (VF0221)] [Escherichia coli CFT073]	
AI-5395_46_47_assembly.fasta	AI-5395_46_47_1	427236	427832	+	fimE	1-597/597	===============	0/0	100.00	99.00	vfdb	NP_757240	(fimE) Type 1 fimbriae Regulatory protein fimE [Type 1 fimbriae (VF0221)] [Escherichia coli CFT073]	
AI-5395_46_47_assembly.fasta	AI-5395_46_47_1	428255	428860	+	fimA	1-606/606	===============	0/0	100.00	90.26	vfdb	NP_757241	(fimA) Type-1 fimbrial protein A chain precursor [Type 1 fimbriae (VF0221)] [Escherichia coli CFT073]	
AI-5395_46_47_assembly.fasta	AI-5395_46_47_1	428925	429464	+	fimI	1-540/540	===============	0/0	100.00	99.07	vfdb	NP_757242	(fimI) Fimbrin-like protein fimI precursor [Type 1 fimbriae (VF0221)] [Escherichia coli CFT073]	
AI-5395_46_47_assembly.fasta	AI-5395_46_47_1	429501	430226	+	fimC	1-726/726	===============	0/0	100.00	98.35	vfdb	NP_757243	(fimC) Chaperone protein fimC precursor [Type 1 fimbriae (VF0221)] [Escherichia coli CFT073]	
AI-5395_46_47_assembly.fasta	AI-5395_46_47_1	430293	432929	+	fimD	1-2637/2637	===============	0/0	100.00	98.03	vfdb	NP_757244	(fimD) Outer membrane usher protein fimD precursor [Type 1 fimbriae (VF0221)] [Escherichia coli CFT073]	
AI-5395_46_47_assembly.fasta	AI-5395_46_47_1	432936	433469	+	fimF	1-534/534	===============	0/0	100.00	97.19	vfdb	NP_757245	(fimF) FimF protein precursor [Type 1 fimbriae (VF0221)] [Escherichia coli CFT073]	
AI-5395_46_47_assembly.fasta	AI-5395_46_47_1	433482	433985	+	fimG	1-504/504	===============	0/0	100.00	98.41	vfdb	NP_757247	(fimG) FimG protein precursor [Type 1 fimbriae (VF0221)] [Escherichia coli CFT073]	
AI-5395_46_47_assembly.fasta	AI-5395_46_47_1	433996	434907	+	fimH	1-912/912	===============	0/0	100.00	97.37	vfdb	NP_757248	(fimH) FimH protein precursor [Type 1 fimbriae (VF0221)] [Escherichia coli CFT073]	
AI-5395_46_47_assembly.fasta	AI-5395_46_47_1	565018	566438	-	espX1	1-1422/1422	========/======	1/1	99.93	95.15	vfdb	NP_285716	(espX1) Type III secretion system effector EspX1 [LEE encoded T3SS (SS020)] [Escherichia coli O157:H7 str. EDL933]	
AI-5395_46_47_assembly.fasta	AI-5395_46_47_1	863321	864074	-	yagV/ecpE	1-754/756	===============	0/0	99.74	97.35	vfdb	NP_286006	(yagV/ecpE) E. coli common pilus chaperone EcpE [ECP (VF0404)] [Escherichia coli O157:H7 str. EDL933]	
AI-5395_46_47_assembly.fasta	AI-5395_46_47_1	863998	865641	-	yagW/ecpD	1-1644/1644	===============	0/0	100.00	99.03	vfdb	NP_286007	(yagW/ecpD) polymerized tip adhesin of ECP fibers [ECP (VF0404)] [Escherichia coli O157:H7 str. EDL933]	
AI-5395_46_47_assembly.fasta	AI-5395_46_47_1	865631	868156	-	yagX/ecpC	1-2526/2526	===============	0/0	100.00	98.81	vfdb	NP_286008	(yagX/ecpC) E. coli common pilus usher EcpC [ECP (VF0404)] [Escherichia coli O157:H7 str. EDL933]	
AI-5395_46_47_assembly.fasta	AI-5395_46_47_1	868182	868850	-	yagY/ecpB	1-669/669	===============	0/0	100.00	97.61	vfdb	NP_286009	(yagY/ecpB) E. coli common pilus chaperone EcpB [ECP (VF0404)] [Escherichia coli O157:H7 str. EDL933]	
AI-5395_46_47_assembly.fasta	AI-5395_46_47_1	868908	869495	-	yagZ/ecpA	1-588/588	===============	0/0	100.00	99.32	vfdb	NP_286010	(yagZ/ecpA) E. coli common pilus structural subunit EcpA [ECP (VF0404)] [Escherichia coli O157:H7 str. EDL933]	
AI-5395_46_47_assembly.fasta	AI-5395_46_47_1	869570	870160	-	ykgK/ecpR	1-591/591	===============	0/0	100.00	97.29	vfdb	NP_286011	(ykgK/ecpR) regulator protein EcpR [ECP (VF0404)] [Escherichia coli O157:H7 str. EDL933]	
AI-5395_46_47_assembly.fasta	AI-5395_46_47_1	1156047	1156817	-	entD	1-771/771	===============	0/0	100.00	94.29	vfdb	NP_752599	(entD) phosphopantetheinyl transferase component of enterobactin synthase multienzyme complex [Enterobactin (VF0228)] [Escherichia coli CFT073]	
AI-5395_46_47_assembly.fasta	AI-5395_46_47_1	1156842	1159082	-	fepA	1-2241/2241	===============	0/0	100.00	96.79	vfdb	NP_752600	(fepA) ferrienterobactin outer membrane transporter [Enterobactin (VF0228)] [Escherichia coli CFT073]	
AI-5395_46_47_assembly.fasta	AI-5395_46_47_1	1159325	1160527	+	fes	1-1203/1203	===============	0/0	100.00	96.59	vfdb	NP_752602	(fes) enterobactin/ferric enterobactin esterase [enterobactin (IA019)] [Escherichia coli CFT073]	
AI-5395_46_47_assembly.fasta	AI-5395_46_47_1	1160745	1164598	+	entF	1-3854/3882	===============	0/0	99.28	95.64	vfdb	NP_752604	(entF) enterobactin synthase multienzyme complex component ATP-dependent [Enterobactin (VF0228)] [Escherichia coli CFT073]	
AI-5395_46_47_assembly.fasta	AI-5395_46_47_1	1165972	1166787	-	fepC	1-816/816	===============	0/0	100.00	97.30	vfdb	NP_752606	(fepC) ferrienterobactin ABC transporter ATPase [Enterobactin (VF0228)] [Escherichia coli CFT073]	
AI-5395_46_47_assembly.fasta	AI-5395_46_47_1	1166784	1167776	-	fepG	1-993/993	===============	0/0	100.00	94.06	vfdb	NP_752607	(fepG) iron-enterobactin ABC transporter permease [Enterobactin (VF0228)] [Escherichia coli CFT073]	
AI-5395_46_47_assembly.fasta	AI-5395_46_47_1	1167773	1168789	-	fepD	1-1017/1017	===============	0/0	100.00	96.66	vfdb	NP_752608	(fepD) ferrienterobactin ABC transporter permease [Enterobactin (VF0228)] [Escherichia coli CFT073]	
AI-5395_46_47_assembly.fasta	AI-5395_46_47_1	1168888	1170138	+	entS	1-1251/1251	===============	0/0	100.00	96.08	vfdb	NP_752609	(entS) enterobactin exporter iron-regulated [enterobactin (IA019)] [Escherichia coli CFT073]	
AI-5395_46_47_assembly.fasta	AI-5395_46_47_1	1170142	1171098	-	fepB	1-957/957	===============	0/0	100.00	96.97	vfdb	NP_752610	(fepB) ferrienterobactin ABC transporter periplasmic binding protein [Enterobactin (VF0228)] [Escherichia coli CFT073]	
AI-5395_46_47_assembly.fasta	AI-5395_46_47_1	1171461	1172648	+	entC	1-1188/1188	===============	0/0	100.00	97.39	vfdb	NP_752611	(entC) isochorismate synthase 1 [Enterobactin (VF0228)] [Escherichia coli CFT073]	
AI-5395_46_47_assembly.fasta	AI-5395_46_47_1	1172658	1174268	+	entE	1-1611/1611	===============	0/0	100.00	95.78	vfdb	NP_752612	(entE) 23-dihydroxybenzoate-AMP ligase component of enterobactin synthase multienzyme complex [Enterobactin (VF0228)] [Escherichia coli CFT073]	
AI-5395_46_47_assembly.fasta	AI-5395_46_47_1	1174282	1175139	+	entB	1-858/858	===============	0/0	100.00	98.37	vfdb	NP_752613	(entB) isochorismatase [Enterobactin (VF0228)] [Escherichia coli CFT073]	
AI-5395_46_47_assembly.fasta	AI-5395_46_47_1	1175139	1175885	+	entA	1-747/747	===============	0/0	100.00	95.98	vfdb	NP_752614	(entA) 23-dihydro-23-dihydroxybenzoate dehydrogenase [Enterobactin (VF0228)] [Escherichia coli CFT073]	
AI-5395_46_47_assembly.fasta	AI-5395_46_47_1	1615112	1616164	-	ompA	1-1041/1041	========/======	1/12	100.00	94.30	vfdb	AAF37887	(ompA) outer membrane protein A [OmpA (VF0236)] [Escherichia coli O18:K1:H7 str. RS218]	
AI-5395_46_47_assembly.fasta	AI-5395_46_47_1	1694281	1695114	-	csgG	1-834/834	===============	0/0	100.00	83.45	vfdb	NP_460110	(csgG) curli production assembly/transport protein CsgG [Agf (VF0103)] [Salmonella enterica subsp. enterica serovar Typhimurium str. LT2]	
AI-5395_46_47_assembly.fasta	AI-5395_46_47_1	1695141	1695557	-	csgF	1-417/417	========/======	3/8	99.04	81.23	vfdb	NP_460111	(csgF) curli production assembly/transport protein CsgF [Agf (VF0103)] [Salmonella enterica subsp. enterica serovar Typhimurium str. LT2]	
AI-5395_46_47_assembly.fasta	AI-5395_46_47_1	1695976	1696626	-	csgD	1-651/651	===============	0/0	100.00	81.26	vfdb	NP_460113	(csgD) DNA-binding transcriptional regulator CsgD [curli fibers/thin aggregative fimbriae (AGF) (AI094)] [Salmonella enterica subsp. enterica serovar Typhimurium str. LT2]	
AI-5395_46_47_assembly.fasta	AI-5395_46_47_1	1697381	1697836	+	csgB	1-456/456	========/======	2/2	99.78	83.59	vfdb	NP_460114	(csgB) minor curlin subunit precursor curli nucleator protein CsgB [Agf (VF0103)] [Salmonella enterica subsp. enterica serovar Typhimurium str. LT2]	
AI-5395_46_47_assembly.fasta	AI-5395_46_47_1	2108112	2109166	-	espR1	198-1253/1260	..======/======	1/1	83.73	94.03	vfdb	NP_287686	(espR1) Type III secretion system effector espR1 [LEE encoded T3SS (SS020)] [Escherichia coli O157:H7 str. EDL933]	
AI-5395_46_47_assembly.fasta	AI-5395_46_47_1	2351895	2353794	+	espL1	1-1899/1899	========/======	1/1	100.00	97.53	vfdb	NP_288154	(espL1) Type III secretion system effector espL1 [LEE encoded T3SS (SS020)] [Escherichia coli O157:H7 str. EDL933]	
AI-5395_46_47_assembly.fasta	AI-5395_46_47_1	3768759	3769181	-	gspM	1-423/423	===============	0/0	100.00	97.16	vfdb	YP_404609	(gspM) general secretion pathway protein M [T2SS (VF0333)] [Shigella dysenteriae Sd197]	
AI-5395_46_47_assembly.fasta	AI-5395_46_47_1	3769297	3770157	-	gspL	1-861/861	===============	0/0	100.00	97.10	vfdb	YP_404608	(gspL) general secretion pathway protein L [T2SS (VF0333)] [Shigella dysenteriae Sd197]	
AI-5395_46_47_assembly.fasta	AI-5395_46_47_1	3770472	3771449	-	gspK	1-978/978	===============	0/0	100.00	96.73	vfdb	YP_404607	(gspK) general secretion pathway protein K [T2SS (VF0333)] [Shigella dysenteriae Sd197]	
AI-5395_46_47_assembly.fasta	AI-5395_46_47_1	3771446	3772015	-	gspJ	1-570/570	===============	0/0	100.00	96.49	vfdb	YP_404606	(gspJ) general secretion pathway protein J [T2SS (VF0333)] [Shigella dysenteriae Sd197]	
AI-5395_46_47_assembly.fasta	AI-5395_46_47_1	3772048	3772419	-	gspI	1-372/372	===============	0/0	100.00	95.16	vfdb	YP_404605	(gspI) general secretion pathway protein I [T2SS (VF0333)] [Shigella dysenteriae Sd197]	
AI-5395_46_47_assembly.fasta	AI-5395_46_47_1	3772416	3772946	-	gspH	1-531/531	===============	0/0	100.00	95.48	vfdb	YP_404604	(gspH) general secretion pathway protein H [T2SS (VF0333)] [Shigella dysenteriae Sd197]	
AI-5395_46_47_assembly.fasta	AI-5395_46_47_1	3772983	3773438	-	gspG	1-456/456	===============	0/0	100.00	94.96	vfdb	YP_404603	(gspG) general secretion pathway protein G [T2SS (VF0333)] [Shigella dysenteriae Sd197]	
AI-5395_46_47_assembly.fasta	AI-5395_46_47_1	3773479	3774678	-	gspF	1-1200/1200	===============	0/0	100.00	96.08	vfdb	YP_404602	(gspF) general secretion pathway protein F [T2SS (VF0333)] [Shigella dysenteriae Sd197]	
AI-5395_46_47_assembly.fasta	AI-5395_46_47_1	4691209	4692637	-	aslA	1-1428/1428	========/======	1/1	100.00	97.27	vfdb	AAG10151	(aslA) putative arylsulfatase [AslA (VF0238)] [Escherichia coli O18:K1:H7 str. RS218]	
AI-5395_47_48_assembly.fasta	AI-5395_47_48_2	335944	336697	-	yagV/ecpE	1-754/756	===============	0/0	99.74	96.95	vfdb	NP_286006	(yagV/ecpE) E. coli common pilus chaperone EcpE [ECP (VF0404)] [Escherichia coli O157:H7 str. EDL933]	
AI-5395_47_48_assembly.fasta	AI-5395_47_48_2	336621	338264	-	yagW/ecpD	1-1644/1644	===============	0/0	100.00	98.54	vfdb	NP_286007	(yagW/ecpD) polymerized tip adhesin of ECP fibers [ECP (VF0404)] [Escherichia coli O157:H7 str. EDL933]	
AI-5395_47_48_assembly.fasta	AI-5395_47_48_2	338254	340779	-	yagX/ecpC	1-2526/2526	===============	0/0	100.00	98.73	vfdb	NP_286008	(yagX/ecpC) E. coli common pilus usher EcpC [ECP (VF0404)] [Escherichia coli O157:H7 str. EDL933]	
AI-5395_47_48_assembly.fasta	AI-5395_47_48_2	340805	341473	-	yagY/ecpB	1-669/669	===============	0/0	100.00	98.50	vfdb	NP_286009	(yagY/ecpB) E. coli common pilus chaperone EcpB [ECP (VF0404)] [Escherichia coli O157:H7 str. EDL933]	
AI-5395_47_48_assembly.fasta	AI-5395_47_48_2	341530	342117	-	yagZ/ecpA	1-588/588	===============	0/0	100.00	99.32	vfdb	NP_286010	(yagZ/ecpA) E. coli common pilus structural subunit EcpA [ECP (VF0404)] [Escherichia coli O157:H7 str. EDL933]	
AI-5395_47_48_assembly.fasta	AI-5395_47_48_2	342192	342782	-	ykgK/ecpR	1-591/591	===============	0/0	100.00	97.63	vfdb	NP_286011	(ykgK/ecpR) regulator protein EcpR [ECP (VF0404)] [Escherichia coli O157:H7 str. EDL933]	
AI-5395_47_48_assembly.fasta	AI-5395_47_48_2	345803	350028	+	fdeC	1-4229/4251	========/======	1/3	99.41	91.20	vfdb	YP_002390132	(fdeC) adhesin FdeC [FdeC (VF0506)] [Escherichia coli O45:K1:H7 str. S88]	
AI-5395_47_48_assembly.fasta	AI-5395_47_48_2	642149	642919	-	entD	1-771/771	===============	0/0	100.00	94.03	vfdb	NP_752599	(entD) phosphopantetheinyl transferase component of enterobactin synthase multienzyme complex [Enterobactin (VF0228)] [Escherichia coli CFT073]	
AI-5395_47_48_assembly.fasta	AI-5395_47_48_2	642944	645184	-	fepA	1-2241/2241	===============	0/0	100.00	96.79	vfdb	NP_752600	(fepA) ferrienterobactin outer membrane transporter [Enterobactin (VF0228)] [Escherichia coli CFT073]	
AI-5395_47_48_assembly.fasta	AI-5395_47_48_2	645427	646629	+	fes	1-1203/1203	===============	0/0	100.00	96.76	vfdb	NP_752602	(fes) enterobactin/ferric enterobactin esterase [enterobactin (IA019)] [Escherichia coli CFT073]	
AI-5395_47_48_assembly.fasta	AI-5395_47_48_2	646847	650700	+	entF	1-3854/3882	===============	0/0	99.28	95.67	vfdb	NP_752604	(entF) enterobactin synthase multienzyme complex component ATP-dependent [Enterobactin (VF0228)] [Escherichia coli CFT073]	
AI-5395_47_48_assembly.fasta	AI-5395_47_48_2	652074	652889	-	fepC	1-816/816	===============	0/0	100.00	96.94	vfdb	NP_752606	(fepC) ferrienterobactin ABC transporter ATPase [Enterobactin (VF0228)] [Escherichia coli CFT073]	
AI-5395_47_48_assembly.fasta	AI-5395_47_48_2	652886	653878	-	fepG	1-993/993	===============	0/0	100.00	94.56	vfdb	NP_752607	(fepG) iron-enterobactin ABC transporter permease [Enterobactin (VF0228)] [Escherichia coli CFT073]	
AI-5395_47_48_assembly.fasta	AI-5395_47_48_2	653875	654891	-	fepD	1-1017/1017	===============	0/0	100.00	95.67	vfdb	NP_752608	(fepD) ferrienterobactin ABC transporter permease [Enterobactin (VF0228)] [Escherichia coli CFT073]	
AI-5395_47_48_assembly.fasta	AI-5395_47_48_2	654990	656240	+	entS	1-1251/1251	===============	0/0	100.00	95.84	vfdb	NP_752609	(entS) enterobactin exporter iron-regulated [enterobactin (IA019)] [Escherichia coli CFT073]	
AI-5395_47_48_assembly.fasta	AI-5395_47_48_2	656244	657200	-	fepB	1-957/957	===============	0/0	100.00	97.28	vfdb	NP_752610	(fepB) ferrienterobactin ABC transporter periplasmic binding protein [Enterobactin (VF0228)] [Escherichia coli CFT073]	
AI-5395_47_48_assembly.fasta	AI-5395_47_48_2	657563	658750	+	entC	1-1188/1188	===============	0/0	100.00	97.56	vfdb	NP_752611	(entC) isochorismate synthase 1 [Enterobactin (VF0228)] [Escherichia coli CFT073]	
AI-5395_47_48_assembly.fasta	AI-5395_47_48_2	658760	660370	+	entE	1-1611/1611	===============	0/0	100.00	95.90	vfdb	NP_752612	(entE) 23-dihydroxybenzoate-AMP ligase component of enterobactin synthase multienzyme complex [Enterobactin (VF0228)] [Escherichia coli CFT073]	
AI-5395_47_48_assembly.fasta	AI-5395_47_48_2	660384	661241	+	entB	1-858/858	===============	0/0	100.00	97.44	vfdb	NP_752613	(entB) isochorismatase [Enterobactin (VF0228)] [Escherichia coli CFT073]	
AI-5395_47_48_assembly.fasta	AI-5395_47_48_2	661241	661987	+	entA	1-747/747	===============	0/0	100.00	95.98	vfdb	NP_752614	(entA) 23-dihydro-23-dihydroxybenzoate dehydrogenase [Enterobactin (VF0228)] [Escherichia coli CFT073]	
AI-5395_47_48_assembly.fasta	AI-5395_47_48_2	1052284	1053336	-	ompA	1-1041/1041	========/======	1/12	100.00	94.30	vfdb	AAF37887	(ompA) outer membrane protein A [OmpA (VF0236)] [Escherichia coli O18:K1:H7 str. RS218]	
AI-5395_47_48_assembly.fasta	AI-5395_47_48_2	1132954	1133787	-	csgG	1-834/834	===============	0/0	100.00	83.09	vfdb	NP_460110	(csgG) curli production assembly/transport protein CsgG [Agf (VF0103)] [Salmonella enterica subsp. enterica serovar Typhimurium str. LT2]	
AI-5395_47_48_assembly.fasta	AI-5395_47_48_2	1133814	1134230	-	csgF	1-417/417	========/======	3/8	99.04	81.23	vfdb	NP_460111	(csgF) curli production assembly/transport protein CsgF [Agf (VF0103)] [Salmonella enterica subsp. enterica serovar Typhimurium str. LT2]	
AI-5395_47_48_assembly.fasta	AI-5395_47_48_2	1134649	1135299	-	csgD	1-651/651	===============	0/0	100.00	81.11	vfdb	NP_460113	(csgD) DNA-binding transcriptional regulator CsgD [curli fibers/thin aggregative fimbriae (AGF) (AI094)] [Salmonella enterica subsp. enterica serovar Typhimurium str. LT2]	
AI-5395_47_48_assembly.fasta	AI-5395_47_48_2	1136053	1136508	+	csgB	1-456/456	========/======	2/2	99.78	83.81	vfdb	NP_460114	(csgB) minor curlin subunit precursor curli nucleator protein CsgB [Agf (VF0103)] [Salmonella enterica subsp. enterica serovar Typhimurium str. LT2]	
AI-5395_47_48_assembly.fasta	AI-5395_47_48_2	1626165	1627220	-	espR1	198-1253/1260	..=============	0/0	83.81	93.94	vfdb	NP_287686	(espR1) Type III secretion system effector espR1 [LEE encoded T3SS (SS020)] [Escherichia coli O157:H7 str. EDL933]	
AI-5395_47_48_assembly.fasta	AI-5395_47_48_2	1922123	1923991	+	espL1	1-1899/1899	========/======	2/30	98.42	95.26	vfdb	NP_288154	(espL1) Type III secretion system effector espL1 [LEE encoded T3SS (SS020)] [Escherichia coli O157:H7 str. EDL933]	
AI-5395_47_48_assembly.fasta	AI-5395_47_48_2	3326334	3326756	-	gspM	1-423/423	===============	0/0	100.00	94.09	vfdb	YP_404609	(gspM) general secretion pathway protein M [T2SS (VF0333)] [Shigella dysenteriae Sd197]	
AI-5395_47_48_assembly.fasta	AI-5395_47_48_2	3326872	3327732	-	gspL	1-861/861	===============	0/0	100.00	97.21	vfdb	YP_404608	(gspL) general secretion pathway protein L [T2SS (VF0333)] [Shigella dysenteriae Sd197]	
AI-5395_47_48_assembly.fasta	AI-5395_47_48_2	3328047	3329024	-	gspK	1-978/978	===============	0/0	100.00	97.85	vfdb	YP_404607	(gspK) general secretion pathway protein K [T2SS (VF0333)] [Shigella dysenteriae Sd197]	
AI-5395_47_48_assembly.fasta	AI-5395_47_48_2	3329021	3329590	-	gspJ	1-570/570	===============	0/0	100.00	97.02	vfdb	YP_404606	(gspJ) general secretion pathway protein J [T2SS (VF0333)] [Shigella dysenteriae Sd197]	
AI-5395_47_48_assembly.fasta	AI-5395_47_48_2	3329623	3329994	-	gspI	1-372/372	===============	0/0	100.00	95.16	vfdb	YP_404605	(gspI) general secretion pathway protein I [T2SS (VF0333)] [Shigella dysenteriae Sd197]	
AI-5395_47_48_assembly.fasta	AI-5395_47_48_2	3329991	3330521	-	gspH	1-531/531	===============	0/0	100.00	96.05	vfdb	YP_404604	(gspH) general secretion pathway protein H [T2SS (VF0333)] [Shigella dysenteriae Sd197]	
AI-5395_47_48_assembly.fasta	AI-5395_47_48_2	3330558	3331013	-	gspG	1-456/456	===============	0/0	100.00	95.61	vfdb	YP_404603	(gspG) general secretion pathway protein G [T2SS (VF0333)] [Shigella dysenteriae Sd197]	
AI-5395_47_48_assembly.fasta	AI-5395_47_48_2	3331054	3332253	-	gspF	1-1200/1200	===============	0/0	100.00	96.25	vfdb	YP_404602	(gspF) general secretion pathway protein F [T2SS (VF0333)] [Shigella dysenteriae Sd197]	
AI-5395_47_48_assembly.fasta	AI-5395_47_48_2	3332253	3333746	-	gspE	1-1494/1494	===============	0/0	100.00	96.12	vfdb	YP_404601	(gspE) general secretion pathway protein E [T2SS (VF0333)] [Shigella dysenteriae Sd197]	
AI-5395_47_48_assembly.fasta	AI-5395_47_48_2	3333746	3335596	-	gspD	1-1836/1836	========/======	1/15	100.00	97.14	vfdb	YP_404600	(gspD) general secretion pathway protein D [T2SS (VF0333)] [Shigella dysenteriae Sd197]	
AI-5395_47_48_assembly.fasta	AI-5395_47_48_2	3335836	3336666	-	gspC	1-831/831	===============	0/0	100.00	95.07	vfdb	YP_404599	(gspC) general secretion pathway protein C [T2SS (VF0333)] [Shigella dysenteriae Sd197]	
AI-5395_47_48_assembly.fasta	AI-5395_47_48_2	4535583	4537163	+	espX4	1-1581/1581	========/======	2/2	99.94	92.98	vfdb	NP_290672	(espX4) Type III secretion system effector EspX4 [LEE encoded T3SS (SS020)] [Escherichia coli O157:H7 str. EDL933]	
AI-5395_47_48_assembly.fasta	AI-5395_47_48_2	4566682	4567974	-	espX5	1-1293/1293	===============	0/0	100.00	95.67	vfdb	NP_290699	(espX5) Type III secretion system effector EspX5 [LEE encoded T3SS (SS020)] [Escherichia coli O157:H7 str. EDL933]	
AI-5395_47_48_assembly.fasta	AI-5395_47_48_2	4803149	4803751	+	fimB	1-603/603	===============	0/0	100.00	97.84	vfdb	NP_757239	(fimB) Type 1 fimbriae Regulatory protein fimB [Type 1 fimbriae (VF0221)] [Escherichia coli CFT073]	
AI-5395_47_48_assembly.fasta	AI-5395_47_48_2	4804229	4804825	+	fimE	1-597/597	===============	0/0	100.00	99.16	vfdb	NP_757240	(fimE) Type 1 fimbriae Regulatory protein fimE [Type 1 fimbriae (VF0221)] [Escherichia coli CFT073]	
AI-5395_47_48_assembly.fasta	AI-5395_47_48_2	4805249	4805853	+	fimA	1-606/606	========/======	1/1	99.83	90.59	vfdb	NP_757241	(fimA) Type-1 fimbrial protein A chain precursor [Type 1 fimbriae (VF0221)] [Escherichia coli CFT073]	
AI-5395_47_48_assembly.fasta	AI-5395_47_48_2	4805918	4806457	+	fimI	1-540/540	===============	0/0	100.00	99.07	vfdb	NP_757242	(fimI) Fimbrin-like protein fimI precursor [Type 1 fimbriae (VF0221)] [Escherichia coli CFT073]	
AI-5395_47_48_assembly.fasta	AI-5395_47_48_2	4806494	4807219	+	fimC	1-726/726	===============	0/0	100.00	98.62	vfdb	NP_757243	(fimC) Chaperone protein fimC precursor [Type 1 fimbriae (VF0221)] [Escherichia coli CFT073]	
AI-5395_47_48_assembly.fasta	AI-5395_47_48_2	4807286	4809922	+	fimD	1-2637/2637	===============	0/0	100.00	98.60	vfdb	NP_757244	(fimD) Outer membrane usher protein fimD precursor [Type 1 fimbriae (VF0221)] [Escherichia coli CFT073]	
AI-5395_47_48_assembly.fasta	AI-5395_47_48_2	4809929	4810462	+	fimF	1-534/534	===============	0/0	100.00	98.13	vfdb	NP_757245	(fimF) FimF protein precursor [Type 1 fimbriae (VF0221)] [Escherichia coli CFT073]	
AI-5395_47_48_assembly.fasta	AI-5395_47_48_2	4810475	4810978	+	fimG	1-504/504	===============	0/0	100.00	97.82	vfdb	NP_757247	(fimG) FimG protein precursor [Type 1 fimbriae (VF0221)] [Escherichia coli CFT073]	
AI-5395_47_48_assembly.fasta	AI-5395_47_48_2	4810989	4811900	+	fimH	1-912/912	===============	0/0	100.00	97.48	vfdb	NP_757248	(fimH) FimH protein precursor [Type 1 fimbriae (VF0221)] [Escherichia coli CFT073]	
AI-5395_47_48_assembly.fasta	AI-5395_47_48_2	4922803	4924224	-	espX1	1-1422/1422	===============	0/0	100.00	94.44	vfdb	NP_285716	(espX1) Type III secretion system effector EspX1 [LEE encoded T3SS (SS020)] [Escherichia coli O157:H7 str. EDL933]	
AI-5395_48_49_assembly.fasta	AI-5395_48_49_1	210754	211500	-	entA	1-747/747	===============	0/0	100.00	95.85	vfdb	NP_752614	(entA) 23-dihydro-23-dihydroxybenzoate dehydrogenase [Enterobactin (VF0228)] [Escherichia coli CFT073]	
AI-5395_48_49_assembly.fasta	AI-5395_48_49_1	211500	212357	-	entB	1-858/858	===============	0/0	100.00	98.37	vfdb	NP_752613	(entB) isochorismatase [Enterobactin (VF0228)] [Escherichia coli CFT073]	
AI-5395_48_49_assembly.fasta	AI-5395_48_49_1	212371	213981	-	entE	1-1611/1611	===============	0/0	100.00	95.78	vfdb	NP_752612	(entE) 23-dihydroxybenzoate-AMP ligase component of enterobactin synthase multienzyme complex [Enterobactin (VF0228)] [Escherichia coli CFT073]	
AI-5395_48_49_assembly.fasta	AI-5395_48_49_1	213991	215178	-	entC	1-1188/1188	===============	0/0	100.00	98.32	vfdb	NP_752611	(entC) isochorismate synthase 1 [Enterobactin (VF0228)] [Escherichia coli CFT073]	
AI-5395_48_49_assembly.fasta	AI-5395_48_49_1	215529	216485	+	fepB	1-957/957	===============	0/0	100.00	97.49	vfdb	NP_752610	(fepB) ferrienterobactin ABC transporter periplasmic binding protein [Enterobactin (VF0228)] [Escherichia coli CFT073]	
AI-5395_48_49_assembly.fasta	AI-5395_48_49_1	216489	217739	-	entS	1-1251/1251	===============	0/0	100.00	95.44	vfdb	NP_752609	(entS) enterobactin exporter iron-regulated [enterobactin (IA019)] [Escherichia coli CFT073]	
AI-5395_48_49_assembly.fasta	AI-5395_48_49_1	217838	218854	+	fepD	1-1017/1017	===============	0/0	100.00	96.07	vfdb	NP_752608	(fepD) ferrienterobactin ABC transporter permease [Enterobactin (VF0228)] [Escherichia coli CFT073]	
AI-5395_48_49_assembly.fasta	AI-5395_48_49_1	218851	219843	+	fepG	1-993/993	===============	0/0	100.00	94.06	vfdb	NP_752607	(fepG) iron-enterobactin ABC transporter permease [Enterobactin (VF0228)] [Escherichia coli CFT073]	
AI-5395_48_49_assembly.fasta	AI-5395_48_49_1	219840	220655	+	fepC	1-816/816	===============	0/0	100.00	97.30	vfdb	NP_752606	(fepC) ferrienterobactin ABC transporter ATPase [Enterobactin (VF0228)] [Escherichia coli CFT073]	
AI-5395_48_49_assembly.fasta	AI-5395_48_49_1	222029	225882	-	entF	1-3854/3882	===============	0/0	99.28	95.69	vfdb	NP_752604	(entF) enterobactin synthase multienzyme complex component ATP-dependent [Enterobactin (VF0228)] [Escherichia coli CFT073]	
AI-5395_48_49_assembly.fasta	AI-5395_48_49_1	226100	227302	-	fes	1-1203/1203	===============	0/0	100.00	96.67	vfdb	NP_752602	(fes) enterobactin/ferric enterobactin esterase [enterobactin (IA019)] [Escherichia coli CFT073]	
AI-5395_48_49_assembly.fasta	AI-5395_48_49_1	227545	229785	+	fepA	1-2241/2241	===============	0/0	100.00	96.74	vfdb	NP_752600	(fepA) ferrienterobactin outer membrane transporter [Enterobactin (VF0228)] [Escherichia coli CFT073]	
AI-5395_48_49_assembly.fasta	AI-5395_48_49_1	229810	230580	+	entD	1-771/771	===============	0/0	100.00	95.07	vfdb	NP_752599	(entD) phosphopantetheinyl transferase component of enterobactin synthase multienzyme complex [Enterobactin (VF0228)] [Escherichia coli CFT073]	
AI-5395_48_49_assembly.fasta	AI-5395_48_49_1	805358	806154	-	espY1	1-753/753	========/======	3/46	99.87	88.72	vfdb	NP_285753	(espY1) Type III secretion system effector EspY1 [LEE encoded T3SS (SS020)] [Escherichia coli O157:H7 str. EDL933]	
AI-5395_48_49_assembly.fasta	AI-5395_48_49_1	844422	845842	+	espX1	1-1422/1422	========/======	1/1	99.93	95.22	vfdb	NP_285716	(espX1) Type III secretion system effector EspX1 [LEE encoded T3SS (SS020)] [Escherichia coli O157:H7 str. EDL933]	
AI-5395_48_49_assembly.fasta	AI-5395_48_49_1	942941	943852	-	fimH	1-912/912	===============	0/0	100.00	97.48	vfdb	NP_757248	(fimH) FimH protein precursor [Type 1 fimbriae (VF0221)] [Escherichia coli CFT073]	
AI-5395_48_49_assembly.fasta	AI-5395_48_49_1	943863	944366	-	fimG	1-504/504	===============	0/0	100.00	98.02	vfdb	NP_757247	(fimG) FimG protein precursor [Type 1 fimbriae (VF0221)] [Escherichia coli CFT073]	
AI-5395_48_49_assembly.fasta	AI-5395_48_49_1	944379	944912	-	fimF	1-534/534	===============	0/0	100.00	99.06	vfdb	NP_757245	(fimF) FimF protein precursor [Type 1 fimbriae (VF0221)] [Escherichia coli CFT073]	
AI-5395_48_49_assembly.fasta	AI-5395_48_49_1	944919	947555	-	fimD	1-2637/2637	===============	0/0	100.00	98.90	vfdb	NP_757244	(fimD) Outer membrane usher protein fimD precursor [Type 1 fimbriae (VF0221)] [Escherichia coli CFT073]	
AI-5395_48_49_assembly.fasta	AI-5395_48_49_1	947622	948347	-	fimC	1-726/726	===============	0/0	100.00	99.04	vfdb	NP_757243	(fimC) Chaperone protein fimC precursor [Type 1 fimbriae (VF0221)] [Escherichia coli CFT073]	
AI-5395_48_49_assembly.fasta	AI-5395_48_49_1	948384	948922	-	fimI	1-540/540	========/======	1/1	99.81	98.33	vfdb	NP_757242	(fimI) Fimbrin-like protein fimI precursor [Type 1 fimbriae (VF0221)] [Escherichia coli CFT073]	
AI-5395_48_49_assembly.fasta	AI-5395_48_49_1	948987	949592	-	fimA	1-606/606	===============	0/0	100.00	95.55	vfdb	NP_757241	(fimA) Type-1 fimbrial protein A chain precursor [Type 1 fimbriae (VF0221)] [Escherichia coli CFT073]	
AI-5395_48_49_assembly.fasta	AI-5395_48_49_1	950017	950613	-	fimE	1-597/597	===============	0/0	100.00	98.66	vfdb	NP_757240	(fimE) Type 1 fimbriae Regulatory protein fimE [Type 1 fimbriae (VF0221)] [Escherichia coli CFT073]	
AI-5395_48_49_assembly.fasta	AI-5395_48_49_1	951091	951693	-	fimB	1-603/603	===============	0/0	100.00	98.18	vfdb	NP_757239	(fimB) Type 1 fimbriae Regulatory protein fimB [Type 1 fimbriae (VF0221)] [Escherichia coli CFT073]	
AI-5395_48_49_assembly.fasta	AI-5395_48_49_1	1240341	1241633	+	espX5	1-1293/1293	===============	0/0	100.00	96.98	vfdb	NP_290699	(espX5) Type III secretion system effector EspX5 [LEE encoded T3SS (SS020)] [Escherichia coli O157:H7 str. EDL933]	
AI-5395_48_49_assembly.fasta	AI-5395_48_49_1	1272692	1274272	-	espX4	1-1581/1581	========/======	2/2	99.94	94.12	vfdb	NP_290672	(espX4) Type III secretion system effector EspX4 [LEE encoded T3SS (SS020)] [Escherichia coli O157:H7 str. EDL933]	
AI-5395_48_49_assembly.fasta	AI-5395_48_49_1	1540085	1541513	+	aslA	1-1428/1428	========/======	1/1	100.00	92.86	vfdb	AAG10151	(aslA) putative arylsulfatase [AslA (VF0238)] [Escherichia coli O18:K1:H7 str. RS218]	
AI-5395_48_49_assembly.fasta	AI-5395_48_49_1	3780521	3782420	-	espL1	1-1899/1899	========/======	1/1	100.00	97.32	vfdb	NP_288154	(espL1) Type III secretion system effector espL1 [LEE encoded T3SS (SS020)] [Escherichia coli O157:H7 str. EDL933]	
AI-5395_48_49_assembly.fasta	AI-5395_48_49_1	4065902	4066956	+	espR1	198-1253/1260	..======/======	1/1	83.73	94.03	vfdb	NP_287686	(espR1) Type III secretion system effector espR1 [LEE encoded T3SS (SS020)] [Escherichia coli O157:H7 str. EDL933]	
AI-5395_48_49_assembly.fasta	AI-5395_48_49_1	4491648	4492103	-	csgB	1-456/456	========/======	2/2	99.78	83.59	vfdb	NP_460114	(csgB) minor curlin subunit precursor curli nucleator protein CsgB [Agf (VF0103)] [Salmonella enterica subsp. enterica serovar Typhimurium str. LT2]	
AI-5395_48_49_assembly.fasta	AI-5395_48_49_1	4492858	4493508	+	csgD	1-651/651	===============	0/0	100.00	81.26	vfdb	NP_460113	(csgD) DNA-binding transcriptional regulator CsgD [curli fibers/thin aggregative fimbriae (AGF) (AI094)] [Salmonella enterica subsp. enterica serovar Typhimurium str. LT2]	
AI-5395_48_49_assembly.fasta	AI-5395_48_49_1	4493927	4494343	+	csgF	1-417/417	========/======	3/8	99.04	81.23	vfdb	NP_460111	(csgF) curli production assembly/transport protein CsgF [Agf (VF0103)] [Salmonella enterica subsp. enterica serovar Typhimurium str. LT2]	
AI-5395_48_49_assembly.fasta	AI-5395_48_49_1	4494370	4495203	+	csgG	1-834/834	===============	0/0	100.00	83.45	vfdb	NP_460110	(csgG) curli production assembly/transport protein CsgG [Agf (VF0103)] [Salmonella enterica subsp. enterica serovar Typhimurium str. LT2]	
AI-5395_48_49_assembly.fasta	AI-5395_48_49_1	4565867	4566907	+	ompA	1-1041/1041	===============	0/0	100.00	98.08	vfdb	AAF37887	(ompA) outer membrane protein A [OmpA (VF0236)] [Escherichia coli O18:K1:H7 str. RS218]	
AI-5395_48_49_assembly.fasta	AI-5395_48_49_3	76782	79083	-	iutA	1-2280/2280	========/======	3/24	99.96	88.36	vfdb	NP_755498	(iutA) ferric aerobactin receptor precusor IutA [Aerobactin (VF0229)] [Escherichia coli CFT073]	
AI-5395_48_49_assembly.fasta	AI-5395_48_49_3	79021	80342	-	iucD	1-1323/1338	========/======	1/1	98.80	96.30	vfdb	NP_755499	(iucD) L-lysine 6-monooxygenase IucD [Aerobactin (VF0229)] [Escherichia coli CFT073]	
AI-5395_48_49_assembly.fasta	AI-5395_48_49_3	80339	82081	-	iucC	1-1743/1743	===============	0/0	100.00	96.04	vfdb	NP_755500	(iucC) aerobactin siderophore biosynthesis protein IucC [Aerobactin (VF0229)] [Escherichia coli CFT073]	
AI-5395_48_49_assembly.fasta	AI-5395_48_49_3	82081	83028	-	iucB	1-948/948	===============	0/0	100.00	95.57	vfdb	NP_755501	(iucB) aerobactin siderophore biosynthesis protein IucB [Aerobactin (VF0229)] [Escherichia coli CFT073]	
AI-5395_48_49_assembly.fasta	AI-5395_48_49_3	83029	84816	-	iucA	1-1788/1788	===============	0/0	100.00	94.24	vfdb	NP_755502	(iucA) aerobactin siderophore biosynthesis protein IucD [Aerobactin (VF0229)] [Escherichia coli CFT073]	
AI-5395_49_50_assembly.fasta	AI-5395_49_50_1	271466	272506	-	ompA	1-1041/1041	===============	0/0	100.00	98.08	vfdb	AAF37887	(ompA) outer membrane protein A [OmpA (VF0236)] [Escherichia coli O18:K1:H7 str. RS218]	
AI-5395_49_50_assembly.fasta	AI-5395_49_50_1	343170	344003	-	csgG	1-834/834	===============	0/0	100.00	83.45	vfdb	NP_460110	(csgG) curli production assembly/transport protein CsgG [Agf (VF0103)] [Salmonella enterica subsp. enterica serovar Typhimurium str. LT2]	
AI-5395_49_50_assembly.fasta	AI-5395_49_50_1	344030	344446	-	csgF	1-417/417	========/======	3/8	99.04	81.23	vfdb	NP_460111	(csgF) curli production assembly/transport protein CsgF [Agf (VF0103)] [Salmonella enterica subsp. enterica serovar Typhimurium str. LT2]	
AI-5395_49_50_assembly.fasta	AI-5395_49_50_1	344865	345515	-	csgD	1-651/651	===============	0/0	100.00	81.26	vfdb	NP_460113	(csgD) DNA-binding transcriptional regulator CsgD [curli fibers/thin aggregative fimbriae (AGF) (AI094)] [Salmonella enterica subsp. enterica serovar Typhimurium str. LT2]	
AI-5395_49_50_assembly.fasta	AI-5395_49_50_1	346270	346725	+	csgB	1-456/456	========/======	2/2	99.78	83.59	vfdb	NP_460114	(csgB) minor curlin subunit precursor curli nucleator protein CsgB [Agf (VF0103)] [Salmonella enterica subsp. enterica serovar Typhimurium str. LT2]	
AI-5395_49_50_assembly.fasta	AI-5395_49_50_1	771417	772471	-	espR1	198-1253/1260	..======/======	1/1	83.73	94.03	vfdb	NP_287686	(espR1) Type III secretion system effector espR1 [LEE encoded T3SS (SS020)] [Escherichia coli O157:H7 str. EDL933]	
AI-5395_49_50_assembly.fasta	AI-5395_49_50_1	1055952	1057851	+	espL1	1-1899/1899	========/======	1/1	100.00	97.32	vfdb	NP_288154	(espL1) Type III secretion system effector espL1 [LEE encoded T3SS (SS020)] [Escherichia coli O157:H7 str. EDL933]	
AI-5395_49_50_assembly.fasta	AI-5395_49_50_1	3296860	3298288	-	aslA	1-1428/1428	========/======	1/1	100.00	92.86	vfdb	AAG10151	(aslA) putative arylsulfatase [AslA (VF0238)] [Escherichia coli O18:K1:H7 str. RS218]	
AI-5395_49_50_assembly.fasta	AI-5395_49_50_1	3564101	3565681	+	espX4	1-1581/1581	========/======	2/2	99.94	94.12	vfdb	NP_290672	(espX4) Type III secretion system effector EspX4 [LEE encoded T3SS (SS020)] [Escherichia coli O157:H7 str. EDL933]	
AI-5395_49_50_assembly.fasta	AI-5395_49_50_1	3596740	3598032	-	espX5	1-1293/1293	===============	0/0	100.00	96.98	vfdb	NP_290699	(espX5) Type III secretion system effector EspX5 [LEE encoded T3SS (SS020)] [Escherichia coli O157:H7 str. EDL933]	
AI-5395_49_50_assembly.fasta	AI-5395_49_50_1	3886680	3887282	+	fimB	1-603/603	===============	0/0	100.00	98.18	vfdb	NP_757239	(fimB) Type 1 fimbriae Regulatory protein fimB [Type 1 fimbriae (VF0221)] [Escherichia coli CFT073]	
AI-5395_49_50_assembly.fasta	AI-5395_49_50_1	3887760	3888356	+	fimE	1-597/597	===============	0/0	100.00	98.66	vfdb	NP_757240	(fimE) Type 1 fimbriae Regulatory protein fimE [Type 1 fimbriae (VF0221)] [Escherichia coli CFT073]	
AI-5395_49_50_assembly.fasta	AI-5395_49_50_1	3888781	3889386	+	fimA	1-606/606	===============	0/0	100.00	95.55	vfdb	NP_757241	(fimA) Type-1 fimbrial protein A chain precursor [Type 1 fimbriae (VF0221)] [Escherichia coli CFT073]	
AI-5395_49_50_assembly.fasta	AI-5395_49_50_1	3889451	3889989	+	fimI	1-540/540	========/======	1/1	99.81	98.33	vfdb	NP_757242	(fimI) Fimbrin-like protein fimI precursor [Type 1 fimbriae (VF0221)] [Escherichia coli CFT073]	
AI-5395_49_50_assembly.fasta	AI-5395_49_50_1	3890026	3890751	+	fimC	1-726/726	===============	0/0	100.00	99.04	vfdb	NP_757243	(fimC) Chaperone protein fimC precursor [Type 1 fimbriae (VF0221)] [Escherichia coli CFT073]	
AI-5395_49_50_assembly.fasta	AI-5395_49_50_1	3890818	3893454	+	fimD	1-2637/2637	===============	0/0	100.00	98.90	vfdb	NP_757244	(fimD) Outer membrane usher protein fimD precursor [Type 1 fimbriae (VF0221)] [Escherichia coli CFT073]	
AI-5395_49_50_assembly.fasta	AI-5395_49_50_1	3893461	3893994	+	fimF	1-534/534	===============	0/0	100.00	99.06	vfdb	NP_757245	(fimF) FimF protein precursor [Type 1 fimbriae (VF0221)] [Escherichia coli CFT073]	
AI-5395_49_50_assembly.fasta	AI-5395_49_50_1	3894007	3894510	+	fimG	1-504/504	===============	0/0	100.00	98.02	vfdb	NP_757247	(fimG) FimG protein precursor [Type 1 fimbriae (VF0221)] [Escherichia coli CFT073]	
AI-5395_49_50_assembly.fasta	AI-5395_49_50_1	3894521	3895432	+	fimH	1-912/912	===============	0/0	100.00	97.48	vfdb	NP_757248	(fimH) FimH protein precursor [Type 1 fimbriae (VF0221)] [Escherichia coli CFT073]	
AI-5395_49_50_assembly.fasta	AI-5395_49_50_1	3992531	3993951	-	espX1	1-1422/1422	========/======	1/1	99.93	95.22	vfdb	NP_285716	(espX1) Type III secretion system effector EspX1 [LEE encoded T3SS (SS020)] [Escherichia coli O157:H7 str. EDL933]	
AI-5395_49_50_assembly.fasta	AI-5395_49_50_1	4032219	4033015	+	espY1	1-753/753	========/======	3/46	99.87	88.72	vfdb	NP_285753	(espY1) Type III secretion system effector EspY1 [LEE encoded T3SS (SS020)] [Escherichia coli O157:H7 str. EDL933]	
AI-5395_49_50_assembly.fasta	AI-5395_49_50_1	4607793	4608563	-	entD	1-771/771	===============	0/0	100.00	95.07	vfdb	NP_752599	(entD) phosphopantetheinyl transferase component of enterobactin synthase multienzyme complex [Enterobactin (VF0228)] [Escherichia coli CFT073]	
AI-5395_49_50_assembly.fasta	AI-5395_49_50_1	4608588	4610828	-	fepA	1-2241/2241	===============	0/0	100.00	96.74	vfdb	NP_752600	(fepA) ferrienterobactin outer membrane transporter [Enterobactin (VF0228)] [Escherichia coli CFT073]	
AI-5395_49_50_assembly.fasta	AI-5395_49_50_1	4611071	4612273	+	fes	1-1203/1203	===============	0/0	100.00	96.67	vfdb	NP_752602	(fes) enterobactin/ferric enterobactin esterase [enterobactin (IA019)] [Escherichia coli CFT073]	
AI-5395_49_50_assembly.fasta	AI-5395_49_50_1	4612491	4616344	+	entF	1-3854/3882	===============	0/0	99.28	95.69	vfdb	NP_752604	(entF) enterobactin synthase multienzyme complex component ATP-dependent [Enterobactin (VF0228)] [Escherichia coli CFT073]	
AI-5395_49_50_assembly.fasta	AI-5395_49_50_1	4617718	4618533	-	fepC	1-816/816	===============	0/0	100.00	97.30	vfdb	NP_752606	(fepC) ferrienterobactin ABC transporter ATPase [Enterobactin (VF0228)] [Escherichia coli CFT073]	
AI-5395_49_50_assembly.fasta	AI-5395_49_50_1	4618530	4619522	-	fepG	1-993/993	===============	0/0	100.00	94.06	vfdb	NP_752607	(fepG) iron-enterobactin ABC transporter permease [Enterobactin (VF0228)] [Escherichia coli CFT073]	
AI-5395_49_50_assembly.fasta	AI-5395_49_50_1	4619519	4620535	-	fepD	1-1017/1017	===============	0/0	100.00	96.07	vfdb	NP_752608	(fepD) ferrienterobactin ABC transporter permease [Enterobactin (VF0228)] [Escherichia coli CFT073]	
AI-5395_49_50_assembly.fasta	AI-5395_49_50_1	4620634	4621884	+	entS	1-1251/1251	===============	0/0	100.00	95.44	vfdb	NP_752609	(entS) enterobactin exporter iron-regulated [enterobactin (IA019)] [Escherichia coli CFT073]	
AI-5395_49_50_assembly.fasta	AI-5395_49_50_1	4621888	4622844	-	fepB	1-957/957	===============	0/0	100.00	97.49	vfdb	NP_752610	(fepB) ferrienterobactin ABC transporter periplasmic binding protein [Enterobactin (VF0228)] [Escherichia coli CFT073]	
AI-5395_49_50_assembly.fasta	AI-5395_49_50_1	4623195	4624382	+	entC	1-1188/1188	===============	0/0	100.00	98.32	vfdb	NP_752611	(entC) isochorismate synthase 1 [Enterobactin (VF0228)] [Escherichia coli CFT073]	
AI-5395_49_50_assembly.fasta	AI-5395_49_50_1	4624392	4626002	+	entE	1-1611/1611	===============	0/0	100.00	95.78	vfdb	NP_752612	(entE) 23-dihydroxybenzoate-AMP ligase component of enterobactin synthase multienzyme complex [Enterobactin (VF0228)] [Escherichia coli CFT073]	
AI-5395_49_50_assembly.fasta	AI-5395_49_50_1	4626016	4626873	+	entB	1-858/858	===============	0/0	100.00	98.37	vfdb	NP_752613	(entB) isochorismatase [Enterobactin (VF0228)] [Escherichia coli CFT073]	
AI-5395_49_50_assembly.fasta	AI-5395_49_50_1	4626873	4627619	+	entA	1-747/747	===============	0/0	100.00	95.85	vfdb	NP_752614	(entA) 23-dihydro-23-dihydroxybenzoate dehydrogenase [Enterobactin (VF0228)] [Escherichia coli CFT073]	
AI-5395_4_4_assembly.fasta	AI-5395_4_4_1	384475	385386	-	fimH	1-912/912	===============	0/0	100.00	97.81	vfdb	NP_757248	(fimH) FimH protein precursor [Type 1 fimbriae (VF0221)] [Escherichia coli CFT073]	
AI-5395_4_4_assembly.fasta	AI-5395_4_4_1	385397	385900	-	fimG	1-504/504	===============	0/0	100.00	97.42	vfdb	NP_757247	(fimG) FimG protein precursor [Type 1 fimbriae (VF0221)] [Escherichia coli CFT073]	
AI-5395_4_4_assembly.fasta	AI-5395_4_4_1	385913	386446	-	fimF	1-534/534	===============	0/0	100.00	96.44	vfdb	NP_757245	(fimF) FimF protein precursor [Type 1 fimbriae (VF0221)] [Escherichia coli CFT073]	
AI-5395_4_4_assembly.fasta	AI-5395_4_4_1	386453	389089	-	fimD	1-2637/2637	===============	0/0	100.00	98.71	vfdb	NP_757244	(fimD) Outer membrane usher protein fimD precursor [Type 1 fimbriae (VF0221)] [Escherichia coli CFT073]	
AI-5395_4_4_assembly.fasta	AI-5395_4_4_1	389156	389881	-	fimC	1-726/726	===============	0/0	100.00	97.93	vfdb	NP_757243	(fimC) Chaperone protein fimC precursor [Type 1 fimbriae (VF0221)] [Escherichia coli CFT073]	
AI-5395_4_4_assembly.fasta	AI-5395_4_4_1	389918	390457	-	fimI	1-540/540	===============	0/0	100.00	99.07	vfdb	NP_757242	(fimI) Fimbrin-like protein fimI precursor [Type 1 fimbriae (VF0221)] [Escherichia coli CFT073]	
AI-5395_4_4_assembly.fasta	AI-5395_4_4_1	390522	391127	-	fimA	1-606/606	===============	0/0	100.00	92.74	vfdb	NP_757241	(fimA) Type-1 fimbrial protein A chain precursor [Type 1 fimbriae (VF0221)] [Escherichia coli CFT073]	
AI-5395_4_4_assembly.fasta	AI-5395_4_4_1	391551	392147	-	fimE	1-597/597	===============	0/0	100.00	98.83	vfdb	NP_757240	(fimE) Type 1 fimbriae Regulatory protein fimE [Type 1 fimbriae (VF0221)] [Escherichia coli CFT073]	
AI-5395_4_4_assembly.fasta	AI-5395_4_4_1	392625	393227	-	fimB	1-603/603	===============	0/0	100.00	97.84	vfdb	NP_757239	(fimB) Type 1 fimbriae Regulatory protein fimB [Type 1 fimbriae (VF0221)] [Escherichia coli CFT073]	
AI-5395_4_4_assembly.fasta	AI-5395_4_4_1	659999	661291	+	espX5	1-1293/1293	===============	0/0	100.00	96.06	vfdb	NP_290699	(espX5) Type III secretion system effector EspX5 [LEE encoded T3SS (SS020)] [Escherichia coli O157:H7 str. EDL933]	
AI-5395_4_4_assembly.fasta	AI-5395_4_4_1	690848	692428	-	espX4	1-1581/1581	========/======	2/2	99.94	92.98	vfdb	NP_290672	(espX4) Type III secretion system effector EspX4 [LEE encoded T3SS (SS020)] [Escherichia coli O157:H7 str. EDL933]	
AI-5395_4_4_assembly.fasta	AI-5395_4_4_1	1874952	1875782	+	gspC	1-831/831	===============	0/0	100.00	95.07	vfdb	YP_404599	(gspC) general secretion pathway protein C [T2SS (VF0333)] [Shigella dysenteriae Sd197]	
AI-5395_4_4_assembly.fasta	AI-5395_4_4_1	1876022	1877872	+	gspD	1-1836/1836	========/======	1/15	100.00	97.41	vfdb	YP_404600	(gspD) general secretion pathway protein D [T2SS (VF0333)] [Shigella dysenteriae Sd197]	
AI-5395_4_4_assembly.fasta	AI-5395_4_4_1	1877872	1879365	+	gspE	1-1494/1494	===============	0/0	100.00	96.39	vfdb	YP_404601	(gspE) general secretion pathway protein E [T2SS (VF0333)] [Shigella dysenteriae Sd197]	
AI-5395_4_4_assembly.fasta	AI-5395_4_4_1	1879365	1880564	+	gspF	1-1200/1200	===============	0/0	100.00	96.25	vfdb	YP_404602	(gspF) general secretion pathway protein F [T2SS (VF0333)] [Shigella dysenteriae Sd197]	
AI-5395_4_4_assembly.fasta	AI-5395_4_4_1	1880605	1881060	+	gspG	1-456/456	===============	0/0	100.00	95.61	vfdb	YP_404603	(gspG) general secretion pathway protein G [T2SS (VF0333)] [Shigella dysenteriae Sd197]	
AI-5395_4_4_assembly.fasta	AI-5395_4_4_1	1881097	1881627	+	gspH	1-531/531	===============	0/0	100.00	96.05	vfdb	YP_404604	(gspH) general secretion pathway protein H [T2SS (VF0333)] [Shigella dysenteriae Sd197]	
AI-5395_4_4_assembly.fasta	AI-5395_4_4_1	1881624	1881995	+	gspI	1-372/372	===============	0/0	100.00	95.16	vfdb	YP_404605	(gspI) general secretion pathway protein I [T2SS (VF0333)] [Shigella dysenteriae Sd197]	
AI-5395_4_4_assembly.fasta	AI-5395_4_4_1	1882028	1882597	+	gspJ	1-570/570	===============	0/0	100.00	97.19	vfdb	YP_404606	(gspJ) general secretion pathway protein J [T2SS (VF0333)] [Shigella dysenteriae Sd197]	
AI-5395_4_4_assembly.fasta	AI-5395_4_4_1	1882594	1883571	+	gspK	1-978/978	===============	0/0	100.00	97.85	vfdb	YP_404607	(gspK) general secretion pathway protein K [T2SS (VF0333)] [Shigella dysenteriae Sd197]	
AI-5395_4_4_assembly.fasta	AI-5395_4_4_1	1883886	1884746	+	gspL	1-861/861	===============	0/0	100.00	97.56	vfdb	YP_404608	(gspL) general secretion pathway protein L [T2SS (VF0333)] [Shigella dysenteriae Sd197]	
AI-5395_4_4_assembly.fasta	AI-5395_4_4_1	1884862	1885284	+	gspM	1-423/423	===============	0/0	100.00	94.09	vfdb	YP_404609	(gspM) general secretion pathway protein M [T2SS (VF0333)] [Shigella dysenteriae Sd197]	
AI-5395_4_4_assembly.fasta	AI-5395_4_4_1	3004343	3005179	-	fliG	157-993/993	..=============	0/0	84.29	80.29	vfdb	YP_001006742	(fliG) flagellar motor switch protein G [Flagella (VF0394)] [Yersinia enterocolitica subsp. enterocolitica 8081]	
AI-5395_4_4_assembly.fasta	AI-5395_4_4_1	3230413	3232310	-	espL1	1-1899/1899	========/======	1/1	99.95	94.73	vfdb	NP_288154	(espL1) Type III secretion system effector espL1 [LEE encoded T3SS (SS020)] [Escherichia coli O157:H7 str. EDL933]	
AI-5395_4_4_assembly.fasta	AI-5395_4_4_1	3545073	3546128	+	espR1	198-1253/1260	..=============	0/0	83.81	94.03	vfdb	NP_287686	(espR1) Type III secretion system effector espR1 [LEE encoded T3SS (SS020)] [Escherichia coli O157:H7 str. EDL933]	
AI-5395_4_4_assembly.fasta	AI-5395_4_4_1	4026836	4027291	-	csgB	1-456/456	========/======	2/2	99.78	83.81	vfdb	NP_460114	(csgB) minor curlin subunit precursor curli nucleator protein CsgB [Agf (VF0103)] [Salmonella enterica subsp. enterica serovar Typhimurium str. LT2]	
AI-5395_4_4_assembly.fasta	AI-5395_4_4_1	4028045	4028695	+	csgD	1-651/651	===============	0/0	100.00	81.11	vfdb	NP_460113	(csgD) DNA-binding transcriptional regulator CsgD [curli fibers/thin aggregative fimbriae (AGF) (AI094)] [Salmonella enterica subsp. enterica serovar Typhimurium str. LT2]	
AI-5395_4_4_assembly.fasta	AI-5395_4_4_1	4029114	4029530	+	csgF	1-417/417	========/======	3/8	99.04	81.00	vfdb	NP_460111	(csgF) curli production assembly/transport protein CsgF [Agf (VF0103)] [Salmonella enterica subsp. enterica serovar Typhimurium str. LT2]	
AI-5395_4_4_assembly.fasta	AI-5395_4_4_1	4029557	4030389	+	csgG	1-833/834	===============	0/0	99.88	83.07	vfdb	NP_460110	(csgG) curli production assembly/transport protein CsgG [Agf (VF0103)] [Salmonella enterica subsp. enterica serovar Typhimurium str. LT2]	
AI-5395_4_4_assembly.fasta	AI-5395_4_4_1	4152593	4153633	+	ompA	1-1041/1041	===============	0/0	100.00	98.08	vfdb	AAF37887	(ompA) outer membrane protein A [OmpA (VF0236)] [Escherichia coli O18:K1:H7 str. RS218]	
AI-5395_4_4_assembly.fasta	AI-5395_4_4_1	4618010	4618756	-	entA	1-747/747	===============	0/0	100.00	95.85	vfdb	NP_752614	(entA) 23-dihydro-23-dihydroxybenzoate dehydrogenase [Enterobactin (VF0228)] [Escherichia coli CFT073]	
AI-5395_4_4_assembly.fasta	AI-5395_4_4_1	4618756	4619613	-	entB	1-858/858	===============	0/0	100.00	97.44	vfdb	NP_752613	(entB) isochorismatase [Enterobactin (VF0228)] [Escherichia coli CFT073]	
AI-5395_4_4_assembly.fasta	AI-5395_4_4_1	4619627	4621237	-	entE	1-1611/1611	===============	0/0	100.00	95.97	vfdb	NP_752612	(entE) 23-dihydroxybenzoate-AMP ligase component of enterobactin synthase multienzyme complex [Enterobactin (VF0228)] [Escherichia coli CFT073]	
AI-5395_4_4_assembly.fasta	AI-5395_4_4_1	4621247	4622434	-	entC	1-1188/1188	===============	0/0	100.00	97.56	vfdb	NP_752611	(entC) isochorismate synthase 1 [Enterobactin (VF0228)] [Escherichia coli CFT073]	
AI-5395_4_4_assembly.fasta	AI-5395_4_4_1	4622797	4623753	+	fepB	1-957/957	===============	0/0	100.00	97.39	vfdb	NP_752610	(fepB) ferrienterobactin ABC transporter periplasmic binding protein [Enterobactin (VF0228)] [Escherichia coli CFT073]	
AI-5395_4_4_assembly.fasta	AI-5395_4_4_1	4623757	4625007	-	entS	1-1251/1251	===============	0/0	100.00	96.00	vfdb	NP_752609	(entS) enterobactin exporter iron-regulated [enterobactin (IA019)] [Escherichia coli CFT073]	
AI-5395_4_4_assembly.fasta	AI-5395_4_4_1	4625106	4626122	+	fepD	1-1017/1017	===============	0/0	100.00	95.97	vfdb	NP_752608	(fepD) ferrienterobactin ABC transporter permease [Enterobactin (VF0228)] [Escherichia coli CFT073]	
AI-5395_4_4_assembly.fasta	AI-5395_4_4_1	4626119	4627111	+	fepG	1-993/993	===============	0/0	100.00	94.06	vfdb	NP_752607	(fepG) iron-enterobactin ABC transporter permease [Enterobactin (VF0228)] [Escherichia coli CFT073]	
AI-5395_4_4_assembly.fasta	AI-5395_4_4_1	4627108	4627923	+	fepC	1-816/816	===============	0/0	100.00	97.18	vfdb	NP_752606	(fepC) ferrienterobactin ABC transporter ATPase [Enterobactin (VF0228)] [Escherichia coli CFT073]	
AI-5395_4_4_assembly.fasta	AI-5395_4_4_1	4629297	4633150	-	entF	1-3854/3882	===============	0/0	99.28	95.59	vfdb	NP_752604	(entF) enterobactin synthase multienzyme complex component ATP-dependent [Enterobactin (VF0228)] [Escherichia coli CFT073]	
AI-5395_4_4_assembly.fasta	AI-5395_4_4_1	4633368	4634570	-	fes	1-1203/1203	===============	0/0	100.00	96.59	vfdb	NP_752602	(fes) enterobactin/ferric enterobactin esterase [enterobactin (IA019)] [Escherichia coli CFT073]	
AI-5395_4_4_assembly.fasta	AI-5395_4_4_1	4634813	4637053	+	fepA	1-2241/2241	===============	0/0	100.00	96.79	vfdb	NP_752600	(fepA) ferrienterobactin outer membrane transporter [Enterobactin (VF0228)] [Escherichia coli CFT073]	
AI-5395_4_4_assembly.fasta	AI-5395_4_4_1	4637078	4637848	+	entD	1-771/771	===============	0/0	100.00	94.03	vfdb	NP_752599	(entD) phosphopantetheinyl transferase component of enterobactin synthase multienzyme complex [Enterobactin (VF0228)] [Escherichia coli CFT073]	
AI-5395_4_4_assembly.fasta	AI-5395_4_4_1	4933147	4937372	-	fdeC	1-4229/4251	========/======	1/3	99.41	90.85	vfdb	YP_002390132	(fdeC) adhesin FdeC [FdeC (VF0506)] [Escherichia coli O45:K1:H7 str. S88]	
AI-5395_4_4_assembly.fasta	AI-5395_4_4_1	4940392	4940982	+	ykgK/ecpR	1-591/591	===============	0/0	100.00	97.63	vfdb	NP_286011	(ykgK/ecpR) regulator protein EcpR [ECP (VF0404)] [Escherichia coli O157:H7 str. EDL933]	
AI-5395_4_4_assembly.fasta	AI-5395_4_4_1	4941057	4941644	+	yagZ/ecpA	1-588/588	===============	0/0	100.00	99.15	vfdb	NP_286010	(yagZ/ecpA) E. coli common pilus structural subunit EcpA [ECP (VF0404)] [Escherichia coli O157:H7 str. EDL933]	
AI-5395_4_4_assembly.fasta	AI-5395_4_4_1	4941702	4942370	+	yagY/ecpB	1-669/669	===============	0/0	100.00	98.66	vfdb	NP_286009	(yagY/ecpB) E. coli common pilus chaperone EcpB [ECP (VF0404)] [Escherichia coli O157:H7 str. EDL933]	
AI-5395_4_4_assembly.fasta	AI-5395_4_4_1	4942396	4944921	+	yagX/ecpC	1-2526/2526	===============	0/0	100.00	98.65	vfdb	NP_286008	(yagX/ecpC) E. coli common pilus usher EcpC [ECP (VF0404)] [Escherichia coli O157:H7 str. EDL933]	
AI-5395_4_4_assembly.fasta	AI-5395_4_4_1	4944911	4946554	+	yagW/ecpD	1-1644/1644	===============	0/0	100.00	98.60	vfdb	NP_286007	(yagW/ecpD) polymerized tip adhesin of ECP fibers [ECP (VF0404)] [Escherichia coli O157:H7 str. EDL933]	
AI-5395_4_4_assembly.fasta	AI-5395_4_4_1	4946478	4947231	+	yagV/ecpE	1-754/756	===============	0/0	99.74	96.82	vfdb	NP_286006	(yagV/ecpE) E. coli common pilus chaperone EcpE [ECP (VF0404)] [Escherichia coli O157:H7 str. EDL933]	
AI-5395_4_4_assembly.fasta	AI-5395_4_4_2	26384	29080	-	stcE	1-2697/2697	========/======	2/2	99.96	84.69	vfdb	YP_325591	(stcE) metalloprotease  [StcE (VF0209)] [Escherichia coli O157:H7 str. EDL933]	
AI-5395_50_51_assembly.fasta	AI-5395_50_51_1	219392	221290	-	espL1	1-1899/1899	===============	0/0	100.00	97.42	vfdb	NP_288154	(espL1) Type III secretion system effector espL1 [LEE encoded T3SS (SS020)] [Escherichia coli O157:H7 str. EDL933]	
AI-5395_50_51_assembly.fasta	AI-5395_50_51_1	564869	566119	+	espR1	1-1251/1260	===============	0/0	99.29	97.92	vfdb	NP_287686	(espR1) Type III secretion system effector espR1 [LEE encoded T3SS (SS020)] [Escherichia coli O157:H7 str. EDL933]	
AI-5395_50_51_assembly.fasta	AI-5395_50_51_1	974761	975216	-	csgB	1-456/456	========/======	2/2	99.78	83.59	vfdb	NP_460114	(csgB) minor curlin subunit precursor curli nucleator protein CsgB [Agf (VF0103)] [Salmonella enterica subsp. enterica serovar Typhimurium str. LT2]	
AI-5395_50_51_assembly.fasta	AI-5395_50_51_1	975970	976620	+	csgD	1-651/651	===============	0/0	100.00	81.26	vfdb	NP_460113	(csgD) DNA-binding transcriptional regulator CsgD [curli fibers/thin aggregative fimbriae (AGF) (AI094)] [Salmonella enterica subsp. enterica serovar Typhimurium str. LT2]	
AI-5395_50_51_assembly.fasta	AI-5395_50_51_1	977039	977455	+	csgF	1-417/417	========/======	3/8	99.04	81.23	vfdb	NP_460111	(csgF) curli production assembly/transport protein CsgF [Agf (VF0103)] [Salmonella enterica subsp. enterica serovar Typhimurium str. LT2]	
AI-5395_50_51_assembly.fasta	AI-5395_50_51_1	977482	978315	+	csgG	1-834/834	===============	0/0	100.00	83.33	vfdb	NP_460110	(csgG) curli production assembly/transport protein CsgG [Agf (VF0103)] [Salmonella enterica subsp. enterica serovar Typhimurium str. LT2]	
AI-5395_50_51_assembly.fasta	AI-5395_50_51_1	1090228	1091280	+	ompA	1-1041/1041	========/======	1/12	100.00	95.44	vfdb	AAF37887	(ompA) outer membrane protein A [OmpA (VF0236)] [Escherichia coli O18:K1:H7 str. RS218]	
AI-5395_50_51_assembly.fasta	AI-5395_50_51_1	1283380	1285392	-	espX2	1-2013/2013	===============	0/0	100.00	96.97	vfdb	NP_286562	(espX2) Type III secretion system effector EspX2 [LEE encoded T3SS (SS020)] [Escherichia coli O157:H7 str. EDL933]	
AI-5395_50_51_assembly.fasta	AI-5395_50_51_1	1479840	1480586	-	entA	1-747/747	===============	0/0	100.00	95.31	vfdb	NP_752614	(entA) 23-dihydro-23-dihydroxybenzoate dehydrogenase [Enterobactin (VF0228)] [Escherichia coli CFT073]	
AI-5395_50_51_assembly.fasta	AI-5395_50_51_1	1480586	1481443	-	entB	1-858/858	===============	0/0	100.00	97.55	vfdb	NP_752613	(entB) isochorismatase [Enterobactin (VF0228)] [Escherichia coli CFT073]	
AI-5395_50_51_assembly.fasta	AI-5395_50_51_1	1481457	1483067	-	entE	1-1611/1611	===============	0/0	100.00	96.40	vfdb	NP_752612	(entE) 23-dihydroxybenzoate-AMP ligase component of enterobactin synthase multienzyme complex [Enterobactin (VF0228)] [Escherichia coli CFT073]	
AI-5395_50_51_assembly.fasta	AI-5395_50_51_1	1483077	1484264	-	entC	1-1188/1188	===============	0/0	100.00	98.15	vfdb	NP_752611	(entC) isochorismate synthase 1 [Enterobactin (VF0228)] [Escherichia coli CFT073]	
AI-5395_50_51_assembly.fasta	AI-5395_50_51_1	1484441	1485397	+	fepB	1-957/957	===============	0/0	100.00	98.12	vfdb	NP_752610	(fepB) ferrienterobactin ABC transporter periplasmic binding protein [Enterobactin (VF0228)] [Escherichia coli CFT073]	
AI-5395_50_51_assembly.fasta	AI-5395_50_51_1	1485401	1486651	-	entS	1-1251/1251	===============	0/0	100.00	96.08	vfdb	NP_752609	(entS) enterobactin exporter iron-regulated [enterobactin (IA019)] [Escherichia coli CFT073]	
AI-5395_50_51_assembly.fasta	AI-5395_50_51_1	1486750	1487766	+	fepD	1-1017/1017	===============	0/0	100.00	96.46	vfdb	NP_752608	(fepD) ferrienterobactin ABC transporter permease [Enterobactin (VF0228)] [Escherichia coli CFT073]	
AI-5395_50_51_assembly.fasta	AI-5395_50_51_1	1487763	1488755	+	fepG	1-993/993	===============	0/0	100.00	94.16	vfdb	NP_752607	(fepG) iron-enterobactin ABC transporter permease [Enterobactin (VF0228)] [Escherichia coli CFT073]	
AI-5395_50_51_assembly.fasta	AI-5395_50_51_1	1488752	1489567	+	fepC	1-816/816	===============	0/0	100.00	97.18	vfdb	NP_752606	(fepC) ferrienterobactin ABC transporter ATPase [Enterobactin (VF0228)] [Escherichia coli CFT073]	
AI-5395_50_51_assembly.fasta	AI-5395_50_51_1	1490941	1494794	-	entF	1-3854/3882	========/======	2/2	99.25	95.67	vfdb	NP_752604	(entF) enterobactin synthase multienzyme complex component ATP-dependent [Enterobactin (VF0228)] [Escherichia coli CFT073]	
AI-5395_50_51_assembly.fasta	AI-5395_50_51_1	1495012	1496214	-	fes	1-1203/1203	===============	0/0	100.00	96.84	vfdb	NP_752602	(fes) enterobactin/ferric enterobactin esterase [enterobactin (IA019)] [Escherichia coli CFT073]	
AI-5395_50_51_assembly.fasta	AI-5395_50_51_1	1496457	1498697	+	fepA	1-2241/2241	===============	0/0	100.00	96.97	vfdb	NP_752600	(fepA) ferrienterobactin outer membrane transporter [Enterobactin (VF0228)] [Escherichia coli CFT073]	
AI-5395_50_51_assembly.fasta	AI-5395_50_51_1	1498722	1499492	+	entD	1-771/771	===============	0/0	100.00	94.16	vfdb	NP_752599	(entD) phosphopantetheinyl transferase component of enterobactin synthase multienzyme complex [Enterobactin (VF0228)] [Escherichia coli CFT073]	
AI-5395_50_51_assembly.fasta	AI-5395_50_51_1	1691052	1692611	+	espY3	1-1572/1572	========/======	1/12	99.24	97.20	vfdb	NP_286160	(espY3) Type III secretion system effector EspY3 [LEE encoded T3SS (SS020)] [Escherichia coli O157:H7 str. EDL933]	
AI-5395_50_51_assembly.fasta	AI-5395_50_51_1	1832348	1836593	-	fdeC	1-4246/4251	========/======	2/6	99.81	91.72	vfdb	YP_002390132	(fdeC) adhesin FdeC [FdeC (VF0506)] [Escherichia coli O45:K1:H7 str. S88]	
AI-5395_50_51_assembly.fasta	AI-5395_50_51_1	1845919	1846509	+	ykgK/ecpR	1-591/591	===============	0/0	100.00	99.83	vfdb	NP_286011	(ykgK/ecpR) regulator protein EcpR [ECP (VF0404)] [Escherichia coli O157:H7 str. EDL933]	
AI-5395_50_51_assembly.fasta	AI-5395_50_51_1	1846584	1847171	+	yagZ/ecpA	1-588/588	===============	0/0	100.00	99.32	vfdb	NP_286010	(yagZ/ecpA) E. coli common pilus structural subunit EcpA [ECP (VF0404)] [Escherichia coli O157:H7 str. EDL933]	
AI-5395_50_51_assembly.fasta	AI-5395_50_51_1	1847229	1847897	+	yagY/ecpB	1-669/669	===============	0/0	100.00	100.00	vfdb	NP_286009	(yagY/ecpB) E. coli common pilus chaperone EcpB [ECP (VF0404)] [Escherichia coli O157:H7 str. EDL933]	
AI-5395_50_51_assembly.fasta	AI-5395_50_51_1	1847923	1850448	+	yagX/ecpC	1-2526/2526	===============	0/0	100.00	99.37	vfdb	NP_286008	(yagX/ecpC) E. coli common pilus usher EcpC [ECP (VF0404)] [Escherichia coli O157:H7 str. EDL933]	
AI-5395_50_51_assembly.fasta	AI-5395_50_51_1	1850438	1852081	+	yagW/ecpD	1-1644/1644	===============	0/0	100.00	99.39	vfdb	NP_286007	(yagW/ecpD) polymerized tip adhesin of ECP fibers [ECP (VF0404)] [Escherichia coli O157:H7 str. EDL933]	
AI-5395_50_51_assembly.fasta	AI-5395_50_51_1	1852005	1852760	+	yagV/ecpE	1-756/756	===============	0/0	100.00	97.62	vfdb	NP_286006	(yagV/ecpE) E. coli common pilus chaperone EcpE [ECP (VF0404)] [Escherichia coli O157:H7 str. EDL933]	
AI-5395_50_51_assembly.fasta	AI-5395_50_51_1	2118274	2118843	-	espY2	1-570/570	===============	0/0	100.00	96.32	vfdb	NP_285765	(espY2) Type III secretion system effector EspY2 [LEE encoded T3SS (SS020)] [Escherichia coli O157:H7 str. EDL933]	
AI-5395_50_51_assembly.fasta	AI-5395_50_51_1	2135282	2136034	-	espY1	1-753/753	===============	0/0	100.00	98.41	vfdb	NP_285753	(espY1) Type III secretion system effector EspY1 [LEE encoded T3SS (SS020)] [Escherichia coli O157:H7 str. EDL933]	
AI-5395_50_51_assembly.fasta	AI-5395_50_51_1	2174724	2176145	+	espX1	1-1422/1422	===============	0/0	100.00	97.05	vfdb	NP_285716	(espX1) Type III secretion system effector EspX1 [LEE encoded T3SS (SS020)] [Escherichia coli O157:H7 str. EDL933]	
AI-5395_50_51_assembly.fasta	AI-5395_50_51_1	2292136	2293047	-	fimH	1-912/912	===============	0/0	100.00	97.48	vfdb	NP_757248	(fimH) FimH protein precursor [Type 1 fimbriae (VF0221)] [Escherichia coli CFT073]	
AI-5395_50_51_assembly.fasta	AI-5395_50_51_1	2293058	2293561	-	fimG	1-504/504	===============	0/0	100.00	98.21	vfdb	NP_757247	(fimG) FimG protein precursor [Type 1 fimbriae (VF0221)] [Escherichia coli CFT073]	
AI-5395_50_51_assembly.fasta	AI-5395_50_51_1	2293574	2294107	-	fimF	1-534/534	===============	0/0	100.00	96.25	vfdb	NP_757245	(fimF) FimF protein precursor [Type 1 fimbriae (VF0221)] [Escherichia coli CFT073]	
AI-5395_50_51_assembly.fasta	AI-5395_50_51_1	2294114	2296750	-	fimD	1-2637/2637	===============	0/0	100.00	98.67	vfdb	NP_757244	(fimD) Outer membrane usher protein fimD precursor [Type 1 fimbriae (VF0221)] [Escherichia coli CFT073]	
AI-5395_50_51_assembly.fasta	AI-5395_50_51_1	2296817	2297542	-	fimC	1-726/726	===============	0/0	100.00	98.48	vfdb	NP_757243	(fimC) Chaperone protein fimC precursor [Type 1 fimbriae (VF0221)] [Escherichia coli CFT073]	
AI-5395_50_51_assembly.fasta	AI-5395_50_51_1	2297579	2298118	-	fimI	1-540/540	===============	0/0	100.00	98.52	vfdb	NP_757242	(fimI) Fimbrin-like protein fimI precursor [Type 1 fimbriae (VF0221)] [Escherichia coli CFT073]	
AI-5395_50_51_assembly.fasta	AI-5395_50_51_1	2298183	2298788	-	fimA	1-606/606	===============	0/0	100.00	92.90	vfdb	NP_757241	(fimA) Type-1 fimbrial protein A chain precursor [Type 1 fimbriae (VF0221)] [Escherichia coli CFT073]	
AI-5395_50_51_assembly.fasta	AI-5395_50_51_1	2299212	2299808	-	fimE	1-597/597	===============	0/0	100.00	98.83	vfdb	NP_757240	(fimE) Type 1 fimbriae Regulatory protein fimE [Type 1 fimbriae (VF0221)] [Escherichia coli CFT073]	
AI-5395_50_51_assembly.fasta	AI-5395_50_51_1	2300286	2300888	-	fimB	1-603/603	===============	0/0	100.00	98.01	vfdb	NP_757239	(fimB) Type 1 fimbriae Regulatory protein fimB [Type 1 fimbriae (VF0221)] [Escherichia coli CFT073]	
AI-5395_50_51_assembly.fasta	AI-5395_50_51_1	2487059	2487175	+	astA	1-117/117	===============	0/0	100.00	100.00	vfdb	BAA94855	(astA) heat-stable enterotoxin 1 [EAST1 (VF0216)] [Escherichia coli O44:H18 042]	
AI-5395_50_51_assembly.fasta	AI-5395_50_51_1	2509932	2510048	-	astA	1-117/117	===============	0/0	100.00	100.00	vfdb	BAA94855	(astA) heat-stable enterotoxin 1 [EAST1 (VF0216)] [Escherichia coli O44:H18 042]	
AI-5395_50_51_assembly.fasta	AI-5395_50_51_1	2611237	2612529	+	espX5	1-1293/1293	===============	0/0	100.00	97.83	vfdb	NP_290699	(espX5) Type III secretion system effector EspX5 [LEE encoded T3SS (SS020)] [Escherichia coli O157:H7 str. EDL933]	
AI-5395_50_51_assembly.fasta	AI-5395_50_51_1	2688521	2690101	-	espX4	1-1581/1581	===============	0/0	100.00	98.36	vfdb	NP_290672	(espX4) Type III secretion system effector EspX4 [LEE encoded T3SS (SS020)] [Escherichia coli O157:H7 str. EDL933]	
AI-5395_50_51_assembly.fasta	AI-5395_50_51_1	2728446	2730632	+	espL4	1-2187/2187	===============	0/0	100.00	98.35	vfdb	NP_290644	(espL4) Type III secretion system effector EspL4 [LEE encoded T3SS (SS020)] [Escherichia coli O157:H7 str. EDL933]	
AI-5395_50_51_assembly.fasta	AI-5395_50_51_1	3009274	3010702	+	aslA	1-1428/1428	========/======	1/1	100.00	93.91	vfdb	AAG10151	(aslA) putative arylsulfatase [AslA (VF0238)] [Escherichia coli O18:K1:H7 str. RS218]	
AI-5395_50_51_assembly.fasta	AI-5395_50_51_1	3099951	3102359	+	espY4	1-2409/2409	===============	0/0	100.00	93.90	vfdb	NP_290352	(espY4) Type III secretion system effector EspY4 [LEE encoded T3SS (SS020)] [Escherichia coli O157:H7 str. EDL933]	
AI-5395_50_51_assembly.fasta	AI-5395_50_51_1	3372396	3373196	-	chuV	1-801/801	===============	0/0	100.00	98.50	vfdb	NP_756180	(chuV) ATP-binding hydrophilic protein ChuV [Chu (VF0227)] [Escherichia coli CFT073]	
AI-5395_50_51_assembly.fasta	AI-5395_50_51_1	3373163	3374155	-	chuU	1-993/993	===============	0/0	100.00	98.39	vfdb	NP_756179	(chuU) heme permease protein ChuU [Chu (VF0227)] [Escherichia coli CFT073]	
AI-5395_50_51_assembly.fasta	AI-5395_50_51_1	3374206	3374829	-	shuY	1-624/624	===============	0/0	100.00	95.99	vfdb	YP_405015	(shuY) shu locus protein ShuY [Shu (VF0256)] [Shigella dysenteriae Sd197]	
AI-5395_50_51_assembly.fasta	AI-5395_50_51_1	3374829	3375323	-	shuX	1-495/495	===============	0/0	100.00	98.79	vfdb	YP_405016	(shuX) shu locus protein ShuX [Shu (VF0256)] [Shigella dysenteriae Sd197]	
AI-5395_50_51_assembly.fasta	AI-5395_50_51_1	3375336	3376673	-	chuW	1-1338/1338	===============	0/0	100.00	96.79	vfdb	NP_756176	(chuW) Putative oxygen independent coproporphyrinogen III oxidase [Chu (VF0227)] [Escherichia coli CFT073]	
AI-5395_50_51_assembly.fasta	AI-5395_50_51_1	3376693	3377685	-	shuT	1-993/993	===============	0/0	100.00	98.29	vfdb	YP_405017	(shuT) periplasmic binding protein ShuT [Shu (VF0256)] [Shigella dysenteriae Sd197]	
AI-5395_50_51_assembly.fasta	AI-5395_50_51_1	3378290	3380272	+	shuA	1-1983/1983	===============	0/0	100.00	99.39	vfdb	YP_405019	(shuA) outer membrane heme/hemoglobin receptor ShuA [Shu (VF0256)] [Shigella dysenteriae Sd197]	
AI-5395_50_51_assembly.fasta	AI-5395_50_51_1	3380321	3381349	+	shuS	1-1029/1029	===============	0/0	100.00	98.74	vfdb	YP_405020	(shuS) heme/hemoglobin transport protein ShuS [Shu (VF0256)] [Shigella dysenteriae Sd197]	
AI-5395_50_51_assembly.fasta	AI-5395_50_51_1	3919624	3920454	+	gspC	1-831/831	===============	0/0	100.00	97.59	vfdb	YP_404599	(gspC) general secretion pathway protein C [T2SS (VF0333)] [Shigella dysenteriae Sd197]	
AI-5395_50_51_assembly.fasta	AI-5395_50_51_1	3920694	3922544	+	gspD	1-1836/1836	========/======	1/15	100.00	98.33	vfdb	YP_404600	(gspD) general secretion pathway protein D [T2SS (VF0333)] [Shigella dysenteriae Sd197]	
AI-5395_50_51_assembly.fasta	AI-5395_50_51_1	3922544	3924037	+	gspE	1-1494/1494	===============	0/0	100.00	97.79	vfdb	YP_404601	(gspE) general secretion pathway protein E [T2SS (VF0333)] [Shigella dysenteriae Sd197]	
AI-5395_50_51_assembly.fasta	AI-5395_50_51_1	3924037	3925236	+	gspF	1-1200/1200	===============	0/0	100.00	95.42	vfdb	YP_404602	(gspF) general secretion pathway protein F [T2SS (VF0333)] [Shigella dysenteriae Sd197]	
AI-5395_50_51_assembly.fasta	AI-5395_50_51_1	3925277	3925732	+	gspG	1-456/456	===============	0/0	100.00	97.59	vfdb	YP_404603	(gspG) general secretion pathway protein G [T2SS (VF0333)] [Shigella dysenteriae Sd197]	
AI-5395_50_51_assembly.fasta	AI-5395_50_51_1	3925769	3926299	+	gspH	1-531/531	===============	0/0	100.00	98.12	vfdb	YP_404604	(gspH) general secretion pathway protein H [T2SS (VF0333)] [Shigella dysenteriae Sd197]	
AI-5395_50_51_assembly.fasta	AI-5395_50_51_1	3926296	3926667	+	gspI	1-372/372	===============	0/0	100.00	97.04	vfdb	YP_404605	(gspI) general secretion pathway protein I [T2SS (VF0333)] [Shigella dysenteriae Sd197]	
AI-5395_50_51_assembly.fasta	AI-5395_50_51_1	3926700	3927269	+	gspJ	1-570/570	===============	0/0	100.00	94.91	vfdb	YP_404606	(gspJ) general secretion pathway protein J [T2SS (VF0333)] [Shigella dysenteriae Sd197]	
AI-5395_50_51_assembly.fasta	AI-5395_50_51_1	3927266	3928243	+	gspK	1-978/978	===============	0/0	100.00	98.06	vfdb	YP_404607	(gspK) general secretion pathway protein K [T2SS (VF0333)] [Shigella dysenteriae Sd197]	
AI-5395_50_51_assembly.fasta	AI-5395_50_51_1	3928558	3929416	+	gspL	1-859/861	===============	0/0	99.77	98.72	vfdb	YP_404608	(gspL) general secretion pathway protein L [T2SS (VF0333)] [Shigella dysenteriae Sd197]	
AI-5395_50_51_assembly.fasta	AI-5395_50_51_1	3929534	3929956	+	gspM	1-423/423	===============	0/0	100.00	98.34	vfdb	YP_404609	(gspM) general secretion pathway protein M [T2SS (VF0333)] [Shigella dysenteriae Sd197]	
AI-5395_50_51_assembly.fasta	AI-5395_50_51_1	5115449	5116584	+	espR4	1-1140/1140	========/======	4/6	99.56	84.40	vfdb	NP_288396	(espR4) Type III secretion system effector espR4 [LEE encoded T3SS (SS020)] [Escherichia coli O157:H7 str. EDL933]	
AI-5395_50_51_assembly.fasta	AI-5395_50_51_2	25417	25533	+	astA	1-117/117	===============	0/0	100.00	100.00	vfdb	BAA94855	(astA) heat-stable enterotoxin 1 [EAST1 (VF0216)] [Escherichia coli O44:H18 042]	
AI-5395_50_51_assembly.fasta	AI-5395_50_51_2	107096	107796	+	faeE	106-777/777	.=======/======	2/31	86.36	88.03	vfdb	YP_002295986	(faeE) fimbrial chaperone FaeE [K88 pili/F4 fimbriae (AI040)] [Escherichia coli SE11]	
AI-5395_50_51_assembly.fasta	AI-5395_50_51_2	107831	108322	+	faeF	1-492/492	========/======	2/2	99.80	84.38	vfdb	YP_002295987	(faeF) fimbrial protein FaeF [K88 pili/F4 fimbriae (AI040)] [Escherichia coli SE11]	
AI-5395_50_51_assembly.fasta	AI-5395_50_51_2	229915	230031	-	astA	1-117/117	===============	0/0	100.00	100.00	vfdb	BAA94855	(astA) heat-stable enterotoxin 1 [EAST1 (VF0216)] [Escherichia coli O44:H18 042]	
AI-5395_51_53_assembly.fasta	AI-5395_51_53_1	224792	226220	-	aslA	1-1428/1428	========/======	1/1	100.00	93.56	vfdb	AAG10151	(aslA) putative arylsulfatase [AslA (VF0238)] [Escherichia coli O18:K1:H7 str. RS218]	
AI-5395_51_53_assembly.fasta	AI-5395_51_53_1	490894	493080	-	espL4	1-2187/2187	===============	0/0	100.00	97.35	vfdb	NP_290644	(espL4) Type III secretion system effector EspL4 [LEE encoded T3SS (SS020)] [Escherichia coli O157:H7 str. EDL933]	
AI-5395_51_53_assembly.fasta	AI-5395_51_53_1	522107	523562	+	espX4	126-1581/1581	.=======/======	2/2	92.03	93.75	vfdb	NP_290672	(espX4) Type III secretion system effector EspX4 [LEE encoded T3SS (SS020)] [Escherichia coli O157:H7 str. EDL933]	
AI-5395_51_53_assembly.fasta	AI-5395_51_53_1	564962	566254	-	espX5	1-1293/1293	===============	0/0	100.00	97.06	vfdb	NP_290699	(espX5) Type III secretion system effector EspX5 [LEE encoded T3SS (SS020)] [Escherichia coli O157:H7 str. EDL933]	
AI-5395_51_53_assembly.fasta	AI-5395_51_53_1	881212	881814	+	fimB	1-603/603	===============	0/0	100.00	98.18	vfdb	NP_757239	(fimB) Type 1 fimbriae Regulatory protein fimB [Type 1 fimbriae (VF0221)] [Escherichia coli CFT073]	
AI-5395_51_53_assembly.fasta	AI-5395_51_53_1	882291	882885	+	fimE	1-595/597	===============	0/0	99.66	99.33	vfdb	NP_757240	(fimE) Type 1 fimbriae Regulatory protein fimE [Type 1 fimbriae (VF0221)] [Escherichia coli CFT073]	
AI-5395_51_53_assembly.fasta	AI-5395_51_53_1	883312	883923	+	fimA	1-606/606	========/======	1/6	100.00	88.56	vfdb	NP_757241	(fimA) Type-1 fimbrial protein A chain precursor [Type 1 fimbriae (VF0221)] [Escherichia coli CFT073]	
AI-5395_51_53_assembly.fasta	AI-5395_51_53_1	883988	884527	+	fimI	1-540/540	===============	0/0	100.00	98.70	vfdb	NP_757242	(fimI) Fimbrin-like protein fimI precursor [Type 1 fimbriae (VF0221)] [Escherichia coli CFT073]	
AI-5395_51_53_assembly.fasta	AI-5395_51_53_1	884564	885289	+	fimC	1-726/726	===============	0/0	100.00	98.90	vfdb	NP_757243	(fimC) Chaperone protein fimC precursor [Type 1 fimbriae (VF0221)] [Escherichia coli CFT073]	
AI-5395_51_53_assembly.fasta	AI-5395_51_53_1	885356	887992	+	fimD	1-2637/2637	===============	0/0	100.00	98.60	vfdb	NP_757244	(fimD) Outer membrane usher protein fimD precursor [Type 1 fimbriae (VF0221)] [Escherichia coli CFT073]	
AI-5395_51_53_assembly.fasta	AI-5395_51_53_1	887999	888532	+	fimF	1-534/534	===============	0/0	100.00	97.94	vfdb	NP_757245	(fimF) FimF protein precursor [Type 1 fimbriae (VF0221)] [Escherichia coli CFT073]	
AI-5395_51_53_assembly.fasta	AI-5395_51_53_1	888545	889048	+	fimG	1-504/504	===============	0/0	100.00	97.82	vfdb	NP_757247	(fimG) FimG protein precursor [Type 1 fimbriae (VF0221)] [Escherichia coli CFT073]	
AI-5395_51_53_assembly.fasta	AI-5395_51_53_1	889059	889970	+	fimH	1-912/912	===============	0/0	100.00	97.37	vfdb	NP_757248	(fimH) FimH protein precursor [Type 1 fimbriae (VF0221)] [Escherichia coli CFT073]	
AI-5395_51_53_assembly.fasta	AI-5395_51_53_1	988462	989883	-	espX1	1-1422/1422	===============	0/0	100.00	93.25	vfdb	NP_285716	(espX1) Type III secretion system effector EspX1 [LEE encoded T3SS (SS020)] [Escherichia coli O157:H7 str. EDL933]	
AI-5395_51_53_assembly.fasta	AI-5395_51_53_1	1028029	1028840	+	espY1	1-753/753	========/======	3/61	99.87	86.96	vfdb	NP_285753	(espY1) Type III secretion system effector EspY1 [LEE encoded T3SS (SS020)] [Escherichia coli O157:H7 str. EDL933]	
AI-5395_51_53_assembly.fasta	AI-5395_51_53_1	1246820	1247573	-	yagV/ecpE	1-754/756	===============	0/0	99.74	97.08	vfdb	NP_286006	(yagV/ecpE) E. coli common pilus chaperone EcpE [ECP (VF0404)] [Escherichia coli O157:H7 str. EDL933]	
AI-5395_51_53_assembly.fasta	AI-5395_51_53_1	1247497	1249140	-	yagW/ecpD	1-1644/1644	===============	0/0	100.00	99.09	vfdb	NP_286007	(yagW/ecpD) polymerized tip adhesin of ECP fibers [ECP (VF0404)] [Escherichia coli O157:H7 str. EDL933]	
AI-5395_51_53_assembly.fasta	AI-5395_51_53_1	1249130	1251655	-	yagX/ecpC	1-2526/2526	===============	0/0	100.00	98.77	vfdb	NP_286008	(yagX/ecpC) E. coli common pilus usher EcpC [ECP (VF0404)] [Escherichia coli O157:H7 str. EDL933]	
AI-5395_51_53_assembly.fasta	AI-5395_51_53_1	1251681	1252349	-	yagY/ecpB	1-669/669	===============	0/0	100.00	98.06	vfdb	NP_286009	(yagY/ecpB) E. coli common pilus chaperone EcpB [ECP (VF0404)] [Escherichia coli O157:H7 str. EDL933]	
AI-5395_51_53_assembly.fasta	AI-5395_51_53_1	1252407	1252994	-	yagZ/ecpA	1-588/588	===============	0/0	100.00	99.15	vfdb	NP_286010	(yagZ/ecpA) E. coli common pilus structural subunit EcpA [ECP (VF0404)] [Escherichia coli O157:H7 str. EDL933]	
AI-5395_51_53_assembly.fasta	AI-5395_51_53_1	1253069	1253659	-	ykgK/ecpR	1-591/591	===============	0/0	100.00	96.95	vfdb	NP_286011	(ykgK/ecpR) regulator protein EcpR [ECP (VF0404)] [Escherichia coli O157:H7 str. EDL933]	
AI-5395_51_53_assembly.fasta	AI-5395_51_53_1	1256681	1260929	+	fdeC	1-4246/4251	========/======	1/3	99.88	94.23	vfdb	YP_002390132	(fdeC) adhesin FdeC [FdeC (VF0506)] [Escherichia coli O45:K1:H7 str. S88]	
AI-5395_51_53_assembly.fasta	AI-5395_51_53_1	1545837	1546607	-	entD	1-771/771	===============	0/0	100.00	95.20	vfdb	NP_752599	(entD) phosphopantetheinyl transferase component of enterobactin synthase multienzyme complex [Enterobactin (VF0228)] [Escherichia coli CFT073]	
AI-5395_51_53_assembly.fasta	AI-5395_51_53_1	1546632	1548872	-	fepA	1-2241/2241	===============	0/0	100.00	96.74	vfdb	NP_752600	(fepA) ferrienterobactin outer membrane transporter [Enterobactin (VF0228)] [Escherichia coli CFT073]	
AI-5395_51_53_assembly.fasta	AI-5395_51_53_1	1549115	1550317	+	fes	1-1203/1203	===============	0/0	100.00	96.67	vfdb	NP_752602	(fes) enterobactin/ferric enterobactin esterase [enterobactin (IA019)] [Escherichia coli CFT073]	
AI-5395_51_53_assembly.fasta	AI-5395_51_53_1	1550535	1554388	+	entF	1-3854/3882	===============	0/0	99.28	95.69	vfdb	NP_752604	(entF) enterobactin synthase multienzyme complex component ATP-dependent [Enterobactin (VF0228)] [Escherichia coli CFT073]	
AI-5395_51_53_assembly.fasta	AI-5395_51_53_1	1555762	1556577	-	fepC	1-816/816	===============	0/0	100.00	97.30	vfdb	NP_752606	(fepC) ferrienterobactin ABC transporter ATPase [Enterobactin (VF0228)] [Escherichia coli CFT073]	
AI-5395_51_53_assembly.fasta	AI-5395_51_53_1	1556574	1557566	-	fepG	1-993/993	===============	0/0	100.00	94.06	vfdb	NP_752607	(fepG) iron-enterobactin ABC transporter permease [Enterobactin (VF0228)] [Escherichia coli CFT073]	
AI-5395_51_53_assembly.fasta	AI-5395_51_53_1	1557563	1558579	-	fepD	1-1017/1017	===============	0/0	100.00	96.07	vfdb	NP_752608	(fepD) ferrienterobactin ABC transporter permease [Enterobactin (VF0228)] [Escherichia coli CFT073]	
AI-5395_51_53_assembly.fasta	AI-5395_51_53_1	1558678	1559928	+	entS	1-1251/1251	===============	0/0	100.00	95.44	vfdb	NP_752609	(entS) enterobactin exporter iron-regulated [enterobactin (IA019)] [Escherichia coli CFT073]	
AI-5395_51_53_assembly.fasta	AI-5395_51_53_1	1559932	1560888	-	fepB	1-957/957	===============	0/0	100.00	97.49	vfdb	NP_752610	(fepB) ferrienterobactin ABC transporter periplasmic binding protein [Enterobactin (VF0228)] [Escherichia coli CFT073]	
AI-5395_51_53_assembly.fasta	AI-5395_51_53_1	1561251	1562438	+	entC	1-1188/1188	===============	0/0	100.00	97.90	vfdb	NP_752611	(entC) isochorismate synthase 1 [Enterobactin (VF0228)] [Escherichia coli CFT073]	
AI-5395_51_53_assembly.fasta	AI-5395_51_53_1	1562448	1564058	+	entE	1-1611/1611	===============	0/0	100.00	95.47	vfdb	NP_752612	(entE) 23-dihydroxybenzoate-AMP ligase component of enterobactin synthase multienzyme complex [Enterobactin (VF0228)] [Escherichia coli CFT073]	
AI-5395_51_53_assembly.fasta	AI-5395_51_53_1	1564072	1564929	+	entB	1-858/858	===============	0/0	100.00	98.14	vfdb	NP_752613	(entB) isochorismatase [Enterobactin (VF0228)] [Escherichia coli CFT073]	
AI-5395_51_53_assembly.fasta	AI-5395_51_53_1	1564929	1565675	+	entA	1-747/747	===============	0/0	100.00	95.72	vfdb	NP_752614	(entA) 23-dihydro-23-dihydroxybenzoate dehydrogenase [Enterobactin (VF0228)] [Escherichia coli CFT073]	
AI-5395_51_53_assembly.fasta	AI-5395_51_53_1	1989242	1990282	-	ompA	1-1041/1041	===============	0/0	100.00	97.98	vfdb	AAF37887	(ompA) outer membrane protein A [OmpA (VF0236)] [Escherichia coli O18:K1:H7 str. RS218]	
AI-5395_51_53_assembly.fasta	AI-5395_51_53_1	2070899	2071732	-	csgG	1-834/834	===============	0/0	100.00	83.45	vfdb	NP_460110	(csgG) curli production assembly/transport protein CsgG [Agf (VF0103)] [Salmonella enterica subsp. enterica serovar Typhimurium str. LT2]	
AI-5395_51_53_assembly.fasta	AI-5395_51_53_1	2071759	2072175	-	csgF	1-417/417	========/======	3/8	99.04	81.23	vfdb	NP_460111	(csgF) curli production assembly/transport protein CsgF [Agf (VF0103)] [Salmonella enterica subsp. enterica serovar Typhimurium str. LT2]	
AI-5395_51_53_assembly.fasta	AI-5395_51_53_1	2072594	2073244	-	csgD	1-651/651	===============	0/0	100.00	81.11	vfdb	NP_460113	(csgD) DNA-binding transcriptional regulator CsgD [curli fibers/thin aggregative fimbriae (AGF) (AI094)] [Salmonella enterica subsp. enterica serovar Typhimurium str. LT2]	
AI-5395_51_53_assembly.fasta	AI-5395_51_53_1	2073999	2074454	+	csgB	1-456/456	========/======	2/2	99.78	83.81	vfdb	NP_460114	(csgB) minor curlin subunit precursor curli nucleator protein CsgB [Agf (VF0103)] [Salmonella enterica subsp. enterica serovar Typhimurium str. LT2]	
AI-5395_51_53_assembly.fasta	AI-5395_51_53_1	2781619	2783518	+	espL1	1-1899/1899	========/======	1/1	100.00	97.58	vfdb	NP_288154	(espL1) Type III secretion system effector espL1 [LEE encoded T3SS (SS020)] [Escherichia coli O157:H7 str. EDL933]	
AI-5395_51_53_assembly.fasta	AI-5395_51_53_1	2999777	3000912	-	espR4	1-1140/1140	========/======	4/6	99.56	84.40	vfdb	NP_288396	(espR4) Type III secretion system effector espR4 [LEE encoded T3SS (SS020)] [Escherichia coli O157:H7 str. EDL933]	
AI-5395_51_53_assembly.fasta	AI-5395_51_53_2	114140	115927	+	iucA	1-1788/1788	===============	0/0	100.00	94.24	vfdb	NP_755502	(iucA) aerobactin siderophore biosynthesis protein IucD [Aerobactin (VF0229)] [Escherichia coli CFT073]	
AI-5395_51_53_assembly.fasta	AI-5395_51_53_2	115928	116875	+	iucB	1-948/948	===============	0/0	100.00	95.57	vfdb	NP_755501	(iucB) aerobactin siderophore biosynthesis protein IucB [Aerobactin (VF0229)] [Escherichia coli CFT073]	
AI-5395_51_53_assembly.fasta	AI-5395_51_53_2	116875	118617	+	iucC	1-1743/1743	===============	0/0	100.00	96.04	vfdb	NP_755500	(iucC) aerobactin siderophore biosynthesis protein IucC [Aerobactin (VF0229)] [Escherichia coli CFT073]	
AI-5395_51_53_assembly.fasta	AI-5395_51_53_2	118614	119935	+	iucD	1-1323/1338	========/======	1/1	98.80	96.30	vfdb	NP_755499	(iucD) L-lysine 6-monooxygenase IucD [Aerobactin (VF0229)] [Escherichia coli CFT073]	
AI-5395_51_53_assembly.fasta	AI-5395_51_53_2	119873	122174	+	iutA	1-2280/2280	========/======	3/24	99.96	88.36	vfdb	NP_755498	(iutA) ferric aerobactin receptor precusor IutA [Aerobactin (VF0229)] [Escherichia coli CFT073]	
AI-5395_52_54_assembly.fasta	AI-5395_52_54_105	29842	30444	+	fimB	1-603/603	========/======	2/2	99.83	97.85	vfdb	NP_757239	(fimB) Type 1 fimbriae Regulatory protein fimB [Type 1 fimbriae (VF0221)] [Escherichia coli CFT073]	
AI-5395_52_54_assembly.fasta	AI-5395_52_54_105	30922	31518	+	fimE	1-597/597	===============	0/0	100.00	98.83	vfdb	NP_757240	(fimE) Type 1 fimbriae Regulatory protein fimE [Type 1 fimbriae (VF0221)] [Escherichia coli CFT073]	
AI-5395_52_54_assembly.fasta	AI-5395_52_54_105	31943	32548	+	fimA	1-606/606	===============	0/0	100.00	90.76	vfdb	NP_757241	(fimA) Type-1 fimbrial protein A chain precursor [Type 1 fimbriae (VF0221)] [Escherichia coli CFT073]	
AI-5395_52_54_assembly.fasta	AI-5395_52_54_105	32613	33152	+	fimI	1-540/540	===============	0/0	100.00	99.07	vfdb	NP_757242	(fimI) Fimbrin-like protein fimI precursor [Type 1 fimbriae (VF0221)] [Escherichia coli CFT073]	
AI-5395_52_54_assembly.fasta	AI-5395_52_54_105	33189	33914	+	fimC	1-726/726	===============	0/0	100.00	98.90	vfdb	NP_757243	(fimC) Chaperone protein fimC precursor [Type 1 fimbriae (VF0221)] [Escherichia coli CFT073]	
AI-5395_52_54_assembly.fasta	AI-5395_52_54_105	33981	36617	+	fimD	1-2637/2637	===============	0/0	100.00	98.67	vfdb	NP_757244	(fimD) Outer membrane usher protein fimD precursor [Type 1 fimbriae (VF0221)] [Escherichia coli CFT073]	
AI-5395_52_54_assembly.fasta	AI-5395_52_54_105	36624	37157	+	fimF	1-534/534	===============	0/0	100.00	97.75	vfdb	NP_757245	(fimF) FimF protein precursor [Type 1 fimbriae (VF0221)] [Escherichia coli CFT073]	
AI-5395_52_54_assembly.fasta	AI-5395_52_54_105	37170	37673	+	fimG	1-504/504	===============	0/0	100.00	98.21	vfdb	NP_757247	(fimG) FimG protein precursor [Type 1 fimbriae (VF0221)] [Escherichia coli CFT073]	
AI-5395_52_54_assembly.fasta	AI-5395_52_54_105	37684	38595	+	fimH	1-912/912	===============	0/0	100.00	96.82	vfdb	NP_757248	(fimH) FimH protein precursor [Type 1 fimbriae (VF0221)] [Escherichia coli CFT073]	
AI-5395_52_54_assembly.fasta	AI-5395_52_54_109	18422	19168	-	entA	1-747/747	===============	0/0	100.00	96.25	vfdb	NP_752614	(entA) 23-dihydro-23-dihydroxybenzoate dehydrogenase [Enterobactin (VF0228)] [Escherichia coli CFT073]	
AI-5395_52_54_assembly.fasta	AI-5395_52_54_109	19168	20025	-	entB	1-858/858	===============	0/0	100.00	98.60	vfdb	NP_752613	(entB) isochorismatase [Enterobactin (VF0228)] [Escherichia coli CFT073]	
AI-5395_52_54_assembly.fasta	AI-5395_52_54_109	20039	21649	-	entE	1-1611/1611	===============	0/0	100.00	97.52	vfdb	NP_752612	(entE) 23-dihydroxybenzoate-AMP ligase component of enterobactin synthase multienzyme complex [Enterobactin (VF0228)] [Escherichia coli CFT073]	
AI-5395_52_54_assembly.fasta	AI-5395_52_54_109	21659	22846	-	entC	1-1188/1188	===============	0/0	100.00	96.89	vfdb	NP_752611	(entC) isochorismate synthase 1 [Enterobactin (VF0228)] [Escherichia coli CFT073]	
AI-5395_52_54_assembly.fasta	AI-5395_52_54_109	23023	23979	+	fepB	1-957/957	===============	0/0	100.00	97.28	vfdb	NP_752610	(fepB) ferrienterobactin ABC transporter periplasmic binding protein [Enterobactin (VF0228)] [Escherichia coli CFT073]	
AI-5395_52_54_assembly.fasta	AI-5395_52_54_109	23983	25233	-	entS	1-1251/1251	===============	0/0	100.00	95.92	vfdb	NP_752609	(entS) enterobactin exporter iron-regulated [enterobactin (IA019)] [Escherichia coli CFT073]	
AI-5395_52_54_assembly.fasta	AI-5395_52_54_109	25332	26348	+	fepD	1-1017/1017	===============	0/0	100.00	95.77	vfdb	NP_752608	(fepD) ferrienterobactin ABC transporter permease [Enterobactin (VF0228)] [Escherichia coli CFT073]	
AI-5395_52_54_assembly.fasta	AI-5395_52_54_109	26345	27337	+	fepG	1-993/993	===============	0/0	100.00	95.06	vfdb	NP_752607	(fepG) iron-enterobactin ABC transporter permease [Enterobactin (VF0228)] [Escherichia coli CFT073]	
AI-5395_52_54_assembly.fasta	AI-5395_52_54_109	27334	28149	+	fepC	1-816/816	===============	0/0	100.00	98.16	vfdb	NP_752606	(fepC) ferrienterobactin ABC transporter ATPase [Enterobactin (VF0228)] [Escherichia coli CFT073]	
AI-5395_52_54_assembly.fasta	AI-5395_52_54_109	29523	33375	-	entF	1-3854/3882	========/======	1/1	99.25	95.04	vfdb	NP_752604	(entF) enterobactin synthase multienzyme complex component ATP-dependent [Enterobactin (VF0228)] [Escherichia coli CFT073]	
AI-5395_52_54_assembly.fasta	AI-5395_52_54_109	33593	34795	-	fes	1-1203/1203	===============	0/0	100.00	96.18	vfdb	NP_752602	(fes) enterobactin/ferric enterobactin esterase [enterobactin (IA019)] [Escherichia coli CFT073]	
AI-5395_52_54_assembly.fasta	AI-5395_52_54_109	35038	37277	+	fepA	1-2241/2241	========/======	1/1	99.96	96.88	vfdb	NP_752600	(fepA) ferrienterobactin outer membrane transporter [Enterobactin (VF0228)] [Escherichia coli CFT073]	
AI-5395_52_54_assembly.fasta	AI-5395_52_54_109	37302	38072	+	entD	1-771/771	===============	0/0	100.00	94.03	vfdb	NP_752599	(entD) phosphopantetheinyl transferase component of enterobactin synthase multienzyme complex [Enterobactin (VF0228)] [Escherichia coli CFT073]	
AI-5395_52_54_assembly.fasta	AI-5395_52_54_115	3703	4536	-	csgG	1-834/834	===============	0/0	100.00	83.57	vfdb	NP_460110	(csgG) curli production assembly/transport protein CsgG [Agf (VF0103)] [Salmonella enterica subsp. enterica serovar Typhimurium str. LT2]	
AI-5395_52_54_assembly.fasta	AI-5395_52_54_115	4563	4979	-	csgF	1-417/417	========/======	3/8	99.04	80.76	vfdb	NP_460111	(csgF) curli production assembly/transport protein CsgF [Agf (VF0103)] [Salmonella enterica subsp. enterica serovar Typhimurium str. LT2]	
AI-5395_52_54_assembly.fasta	AI-5395_52_54_115	5398	6048	-	csgD	1-651/651	===============	0/0	100.00	81.72	vfdb	NP_460113	(csgD) DNA-binding transcriptional regulator CsgD [curli fibers/thin aggregative fimbriae (AGF) (AI094)] [Salmonella enterica subsp. enterica serovar Typhimurium str. LT2]	
AI-5395_52_54_assembly.fasta	AI-5395_52_54_115	6802	7257	+	csgB	1-456/456	========/======	2/2	99.78	83.37	vfdb	NP_460114	(csgB) minor curlin subunit precursor curli nucleator protein CsgB [Agf (VF0103)] [Salmonella enterica subsp. enterica serovar Typhimurium str. LT2]	
AI-5395_52_54_assembly.fasta	AI-5395_52_54_117	65427	66467	+	ompA	1-1041/1041	===============	0/0	100.00	98.94	vfdb	AAF37887	(ompA) outer membrane protein A [OmpA (VF0236)] [Escherichia coli O18:K1:H7 str. RS218]	
AI-5395_52_54_assembly.fasta	AI-5395_52_54_124	5848	11954	-	irp2	1-6108/6108	========/======	1/1	99.98	99.62	vfdb	NP_405472	(irp2) yersiniabactin biosynthetic protein Irp2 [Yersiniabactin (VF0136)] [Yersinia pestis CO92]	
AI-5395_52_54_assembly.fasta	AI-5395_52_54_124	12145	13104	-	ybtA	1-960/960	===============	0/0	100.00	99.58	vfdb	NP_405473	(ybtA) transcriptional regulator YbtA [Yersiniabactin (VF0136)] [Yersinia pestis CO92]	
AI-5395_52_54_assembly.fasta	AI-5395_52_54_124	13271	15073	+	ybtP	1-1803/1803	===============	0/0	100.00	99.67	vfdb	NP_405474	(ybtP) lipoprotein inner membrane ABC-transporter [Yersiniabactin (VF0136)] [Yersinia pestis CO92]	
AI-5395_52_54_assembly.fasta	AI-5395_52_54_124	15060	16862	+	ybtQ	1-1803/1803	===============	0/0	100.00	99.78	vfdb	NP_405475	(ybtQ) inner membrane ABC-transporter YbtQ [Yersiniabactin (VF0136)] [Yersinia pestis CO92]	
AI-5395_52_54_assembly.fasta	AI-5395_52_54_124	16855	18135	+	ybtX	1-1281/1281	===============	0/0	100.00	99.38	vfdb	NP_405476	(ybtX) putative signal transducer [Yersiniabactin (VF0136)] [Yersinia pestis CO92]	
AI-5395_52_54_assembly.fasta	AI-5395_52_54_124	18163	19467	+	ybtS	1-1305/1305	===============	0/0	100.00	99.46	vfdb	NP_405477	(ybtS) salicylate synthase Irp9 [Yersiniabactin (VF0136)] [Yersinia pestis CO92]	
AI-5395_52_54_assembly.fasta	AI-5395_52_54_125	10158	10988	+	gspC	1-831/831	===============	0/0	100.00	93.62	vfdb	YP_404599	(gspC) general secretion pathway protein C [T2SS (VF0333)] [Shigella dysenteriae Sd197]	
AI-5395_52_54_assembly.fasta	AI-5395_52_54_125	11228	13078	+	gspD	1-1836/1836	========/======	1/15	100.00	94.11	vfdb	YP_404600	(gspD) general secretion pathway protein D [T2SS (VF0333)] [Shigella dysenteriae Sd197]	
AI-5395_52_54_assembly.fasta	AI-5395_52_54_125	13078	14571	+	gspE	1-1494/1494	===============	0/0	100.00	93.91	vfdb	YP_404601	(gspE) general secretion pathway protein E [T2SS (VF0333)] [Shigella dysenteriae Sd197]	
AI-5395_52_54_assembly.fasta	AI-5395_52_54_125	14571	15770	+	gspF	1-1200/1200	===============	0/0	100.00	94.42	vfdb	YP_404602	(gspF) general secretion pathway protein F [T2SS (VF0333)] [Shigella dysenteriae Sd197]	
AI-5395_52_54_assembly.fasta	AI-5395_52_54_125	15811	16266	+	gspG	1-456/456	===============	0/0	100.00	98.25	vfdb	YP_404603	(gspG) general secretion pathway protein G [T2SS (VF0333)] [Shigella dysenteriae Sd197]	
AI-5395_52_54_assembly.fasta	AI-5395_52_54_125	16303	16833	+	gspH	1-531/531	===============	0/0	100.00	96.61	vfdb	YP_404604	(gspH) general secretion pathway protein H [T2SS (VF0333)] [Shigella dysenteriae Sd197]	
AI-5395_52_54_assembly.fasta	AI-5395_52_54_125	16830	17201	+	gspI	1-372/372	===============	0/0	100.00	94.09	vfdb	YP_404605	(gspI) general secretion pathway protein I [T2SS (VF0333)] [Shigella dysenteriae Sd197]	
AI-5395_52_54_assembly.fasta	AI-5395_52_54_125	17234	17803	+	gspJ	1-570/570	===============	0/0	100.00	95.79	vfdb	YP_404606	(gspJ) general secretion pathway protein J [T2SS (VF0333)] [Shigella dysenteriae Sd197]	
AI-5395_52_54_assembly.fasta	AI-5395_52_54_125	17800	18777	+	gspK	1-978/978	===============	0/0	100.00	96.73	vfdb	YP_404607	(gspK) general secretion pathway protein K [T2SS (VF0333)] [Shigella dysenteriae Sd197]	
AI-5395_52_54_assembly.fasta	AI-5395_52_54_125	19092	19952	+	gspL	1-861/861	===============	0/0	100.00	93.50	vfdb	YP_404608	(gspL) general secretion pathway protein L [T2SS (VF0333)] [Shigella dysenteriae Sd197]	
AI-5395_52_54_assembly.fasta	AI-5395_52_54_125	20068	20490	+	gspM	1-423/423	===============	0/0	100.00	92.44	vfdb	YP_404609	(gspM) general secretion pathway protein M [T2SS (VF0333)] [Shigella dysenteriae Sd197]	
AI-5395_52_54_assembly.fasta	AI-5395_52_54_13	109423	113670	-	fdeC	1-4251/4251	========/======	1/3	99.93	97.84	vfdb	YP_002390132	(fdeC) adhesin FdeC [FdeC (VF0506)] [Escherichia coli O45:K1:H7 str. S88]	
AI-5395_52_54_assembly.fasta	AI-5395_52_54_13	120015	120605	+	ykgK/ecpR	1-591/591	===============	0/0	100.00	99.32	vfdb	NP_286011	(ykgK/ecpR) regulator protein EcpR [ECP (VF0404)] [Escherichia coli O157:H7 str. EDL933]	
AI-5395_52_54_assembly.fasta	AI-5395_52_54_13	120680	121267	+	yagZ/ecpA	1-588/588	===============	0/0	100.00	98.30	vfdb	NP_286010	(yagZ/ecpA) E. coli common pilus structural subunit EcpA [ECP (VF0404)] [Escherichia coli O157:H7 str. EDL933]	
AI-5395_52_54_assembly.fasta	AI-5395_52_54_13	121324	121992	+	yagY/ecpB	1-669/669	===============	0/0	100.00	98.21	vfdb	NP_286009	(yagY/ecpB) E. coli common pilus chaperone EcpB [ECP (VF0404)] [Escherichia coli O157:H7 str. EDL933]	
AI-5395_52_54_assembly.fasta	AI-5395_52_54_13	122018	124543	+	yagX/ecpC	1-2526/2526	===============	0/0	100.00	97.62	vfdb	NP_286008	(yagX/ecpC) E. coli common pilus usher EcpC [ECP (VF0404)] [Escherichia coli O157:H7 str. EDL933]	
AI-5395_52_54_assembly.fasta	AI-5395_52_54_13	124533	126176	+	yagW/ecpD	1-1644/1644	===============	0/0	100.00	98.97	vfdb	NP_286007	(yagW/ecpD) polymerized tip adhesin of ECP fibers [ECP (VF0404)] [Escherichia coli O157:H7 str. EDL933]	
AI-5395_52_54_assembly.fasta	AI-5395_52_54_13	126100	126853	+	yagV/ecpE	1-754/756	===============	0/0	99.74	97.08	vfdb	NP_286006	(yagV/ecpE) E. coli common pilus chaperone EcpE [ECP (VF0404)] [Escherichia coli O157:H7 str. EDL933]	
AI-5395_52_54_assembly.fasta	AI-5395_52_54_13	130470	134599	+	vat	1-4131/4131	========/======	1/1	99.98	99.98	vfdb	NP_752330	(vat) Haemoglobin protease [Tsh (VF0233)] [Escherichia coli CFT073]	
AI-5395_52_54_assembly.fasta	AI-5395_52_54_26	50723	52621	+	espL1	1-1899/1899	===============	0/0	100.00	96.47	vfdb	NP_288154	(espL1) Type III secretion system effector espL1 [LEE encoded T3SS (SS020)] [Escherichia coli O157:H7 str. EDL933]	
AI-5395_52_54_assembly.fasta	AI-5395_52_54_31	23762	24562	-	chuV	1-801/801	===============	0/0	100.00	98.38	vfdb	NP_756180	(chuV) ATP-binding hydrophilic protein ChuV [Chu (VF0227)] [Escherichia coli CFT073]	
AI-5395_52_54_assembly.fasta	AI-5395_52_54_31	24529	25521	-	chuU	1-993/993	===============	0/0	100.00	99.09	vfdb	NP_756179	(chuU) heme permease protein ChuU [Chu (VF0227)] [Escherichia coli CFT073]	
AI-5395_52_54_assembly.fasta	AI-5395_52_54_31	25570	26193	-	chuY	1-624/624	===============	0/0	100.00	96.31	vfdb	NP_756178	(chuY) ChuY [Chu (VF0227)] [Escherichia coli CFT073]	
AI-5395_52_54_assembly.fasta	AI-5395_52_54_31	26193	26687	-	shuX	1-495/495	===============	0/0	100.00	96.57	vfdb	YP_405016	(shuX) shu locus protein ShuX [Shu (VF0256)] [Shigella dysenteriae Sd197]	
AI-5395_52_54_assembly.fasta	AI-5395_52_54_31	26700	28037	-	chuW	1-1338/1338	===============	0/0	100.00	98.28	vfdb	NP_756176	(chuW) Putative oxygen independent coproporphyrinogen III oxidase [Chu (VF0227)] [Escherichia coli CFT073]	
AI-5395_52_54_assembly.fasta	AI-5395_52_54_31	28057	29049	-	chuT	1-993/993	===============	0/0	100.00	98.19	vfdb	NP_756175	(chuT) periplasmic heme-binding protein ChuT [Chu (VF0227)] [Escherichia coli CFT073]	
AI-5395_52_54_assembly.fasta	AI-5395_52_54_31	29655	31637	+	shuA	1-1983/1983	===============	0/0	100.00	98.69	vfdb	YP_405019	(shuA) outer membrane heme/hemoglobin receptor ShuA [Shu (VF0256)] [Shigella dysenteriae Sd197]	
AI-5395_52_54_assembly.fasta	AI-5395_52_54_31	31686	32714	+	shuS	1-1029/1029	===============	0/0	100.00	97.67	vfdb	YP_405020	(shuS) heme/hemoglobin transport protein ShuS [Shu (VF0256)] [Shigella dysenteriae Sd197]	
AI-5395_52_54_assembly.fasta	AI-5395_52_54_45	9389	9609	-	papI	1-221/234	===============	0/0	94.44	98.64	vfdb	NP_755468	(papI) regulatory protein PapI [P fimbriae (VF0220)] [Escherichia coli CFT073]	
AI-5395_52_54_assembly.fasta	AI-5395_52_54_56	38815	40243	+	aslA	1-1428/1428	========/======	1/1	100.00	97.62	vfdb	AAG10151	(aslA) putative arylsulfatase [AslA (VF0238)] [Escherichia coli O18:K1:H7 str. RS218]	
AI-5395_52_54_assembly.fasta	AI-5395_52_54_60	35456	37477	-	fyuA	1-2022/2022	===============	0/0	100.00	99.75	vfdb	NP_405467	(fyuA) pesticin/yersiniabactin receptor protein [Yersiniabactin (VF0136)] [Yersinia pestis CO92]	
AI-5395_52_54_assembly.fasta	AI-5395_52_54_60	37608	39185	-	ybtE	1-1578/1578	===============	0/0	100.00	99.68	vfdb	NP_405468	(ybtE) yersiniabactin siderophore biosynthetic protein [Yersiniabactin (VF0136)] [Yersinia pestis CO92]	
AI-5395_52_54_assembly.fasta	AI-5395_52_54_94	1775	2937	+	iroB	1-1163/1164	===============	0/0	99.91	98.37	vfdb	NP_753168	(iroB) glucosyltransferase IroB [Salmochelin (IA013)] [Escherichia coli CFT073]	
AI-5395_52_54_assembly.fasta	AI-5395_52_54_94	3000	6738	+	iroC	1-3738/3738	========/======	1/1	100.00	99.12	vfdb	NP_753167	(iroC) ATP binding cassette transporter [Salmochelin (IA013)] [Escherichia coli CFT073]	
AI-5395_52_54_assembly.fasta	AI-5395_52_54_94	6842	8070	+	iroD	1-1230/1230	========/======	1/1	99.92	98.70	vfdb	NP_753166	(iroD) esterase [Salmochelin (IA013)] [Escherichia coli CFT073]	
AI-5395_52_54_assembly.fasta	AI-5395_52_54_94	8155	9111	+	iroE	1-957/957	===============	0/0	100.00	99.69	vfdb	NP_753165	(iroE) esterase [Salmochelin (IA013)] [Escherichia coli CFT073]	
AI-5395_52_54_assembly.fasta	AI-5395_52_54_94	9156	11333	-	iroN	1-2178/2178	===============	0/0	100.00	99.08	vfdb	NP_753164	(iroN) salmochelin receptor IroN [IroN (VF0230)] [Escherichia coli CFT073]	
AI-5395_53_55_assembly.fasta	AI-5395_53_55_1	235594	237022	+	aslA	1-1428/1428	========/======	1/1	100.00	97.27	vfdb	AAG10151	(aslA) putative arylsulfatase [AslA (VF0238)] [Escherichia coli O18:K1:H7 str. RS218]	
AI-5395_53_55_assembly.fasta	AI-5395_53_55_1	318630	321038	+	espY4	1-2409/2409	===============	0/0	100.00	92.69	vfdb	NP_290352	(espY4) Type III secretion system effector EspY4 [LEE encoded T3SS (SS020)] [Escherichia coli O157:H7 str. EDL933]	
AI-5395_53_55_assembly.fasta	AI-5395_53_55_1	592784	593584	-	chuV	1-801/801	===============	0/0	100.00	98.38	vfdb	NP_756180	(chuV) ATP-binding hydrophilic protein ChuV [Chu (VF0227)] [Escherichia coli CFT073]	
AI-5395_53_55_assembly.fasta	AI-5395_53_55_1	593551	594543	-	chuU	1-993/993	===============	0/0	100.00	98.59	vfdb	NP_756179	(chuU) heme permease protein ChuU [Chu (VF0227)] [Escherichia coli CFT073]	
AI-5395_53_55_assembly.fasta	AI-5395_53_55_1	594592	595215	-	chuY	1-624/624	===============	0/0	100.00	96.95	vfdb	NP_756178	(chuY) ChuY [Chu (VF0227)] [Escherichia coli CFT073]	
AI-5395_53_55_assembly.fasta	AI-5395_53_55_1	595215	595709	-	shuX	1-495/495	===============	0/0	100.00	96.57	vfdb	YP_405016	(shuX) shu locus protein ShuX [Shu (VF0256)] [Shigella dysenteriae Sd197]	
AI-5395_53_55_assembly.fasta	AI-5395_53_55_1	595722	597059	-	chuW	1-1338/1338	===============	0/0	100.00	96.79	vfdb	NP_756176	(chuW) Putative oxygen independent coproporphyrinogen III oxidase [Chu (VF0227)] [Escherichia coli CFT073]	
AI-5395_53_55_assembly.fasta	AI-5395_53_55_1	597079	598071	-	shuT	1-993/993	===============	0/0	100.00	97.78	vfdb	YP_405017	(shuT) periplasmic binding protein ShuT [Shu (VF0256)] [Shigella dysenteriae Sd197]	
AI-5395_53_55_assembly.fasta	AI-5395_53_55_1	598677	600659	+	shuA	1-1983/1983	===============	0/0	100.00	98.84	vfdb	YP_405019	(shuA) outer membrane heme/hemoglobin receptor ShuA [Shu (VF0256)] [Shigella dysenteriae Sd197]	
AI-5395_53_55_assembly.fasta	AI-5395_53_55_1	600708	601736	+	shuS	1-1029/1029	===============	0/0	100.00	96.79	vfdb	YP_405020	(shuS) heme/hemoglobin transport protein ShuS [Shu (VF0256)] [Shigella dysenteriae Sd197]	
AI-5395_53_55_assembly.fasta	AI-5395_53_55_1	2601378	2603276	-	espL1	1-1899/1899	===============	0/0	100.00	96.37	vfdb	NP_288154	(espL1) Type III secretion system effector espL1 [LEE encoded T3SS (SS020)] [Escherichia coli O157:H7 str. EDL933]	
AI-5395_53_55_assembly.fasta	AI-5395_53_55_1	2979751	2981001	+	espR1	1-1251/1260	===============	0/0	99.29	94.25	vfdb	NP_287686	(espR1) Type III secretion system effector espR1 [LEE encoded T3SS (SS020)] [Escherichia coli O157:H7 str. EDL933]	
AI-5395_53_55_assembly.fasta	AI-5395_53_55_1	3480494	3480949	-	csgB	1-456/456	========/======	2/2	99.78	83.59	vfdb	NP_460114	(csgB) minor curlin subunit precursor curli nucleator protein CsgB [Agf (VF0103)] [Salmonella enterica subsp. enterica serovar Typhimurium str. LT2]	
AI-5395_53_55_assembly.fasta	AI-5395_53_55_1	3481704	3482354	+	csgD	1-651/651	===============	0/0	100.00	81.26	vfdb	NP_460113	(csgD) DNA-binding transcriptional regulator CsgD [curli fibers/thin aggregative fimbriae (AGF) (AI094)] [Salmonella enterica subsp. enterica serovar Typhimurium str. LT2]	
AI-5395_53_55_assembly.fasta	AI-5395_53_55_1	3482773	3483189	+	csgF	1-417/417	========/======	3/8	99.04	81.00	vfdb	NP_460111	(csgF) curli production assembly/transport protein CsgF [Agf (VF0103)] [Salmonella enterica subsp. enterica serovar Typhimurium str. LT2]	
AI-5395_53_55_assembly.fasta	AI-5395_53_55_1	3483216	3484049	+	csgG	1-834/834	===============	0/0	100.00	83.33	vfdb	NP_460110	(csgG) curli production assembly/transport protein CsgG [Agf (VF0103)] [Salmonella enterica subsp. enterica serovar Typhimurium str. LT2]	
AI-5395_53_55_assembly.fasta	AI-5395_53_55_1	3550373	3551425	+	ompA	1-1041/1041	========/======	1/12	100.00	95.16	vfdb	AAF37887	(ompA) outer membrane protein A [OmpA (VF0236)] [Escherichia coli O18:K1:H7 str. RS218]	
AI-5395_53_55_assembly.fasta	AI-5395_53_55_1	3740113	3742125	-	espX2	1-2013/2013	===============	0/0	100.00	96.67	vfdb	NP_286562	(espX2) Type III secretion system effector EspX2 [LEE encoded T3SS (SS020)] [Escherichia coli O157:H7 str. EDL933]	
AI-5395_53_55_assembly.fasta	AI-5395_53_55_1	3934645	3935391	-	entA	1-747/747	===============	0/0	100.00	95.85	vfdb	NP_752614	(entA) 23-dihydro-23-dihydroxybenzoate dehydrogenase [Enterobactin (VF0228)] [Escherichia coli CFT073]	
AI-5395_53_55_assembly.fasta	AI-5395_53_55_1	3935391	3936248	-	entB	1-858/858	===============	0/0	100.00	97.20	vfdb	NP_752613	(entB) isochorismatase [Enterobactin (VF0228)] [Escherichia coli CFT073]	
AI-5395_53_55_assembly.fasta	AI-5395_53_55_1	3936262	3937872	-	entE	1-1611/1611	===============	0/0	100.00	97.64	vfdb	NP_752612	(entE) 23-dihydroxybenzoate-AMP ligase component of enterobactin synthase multienzyme complex [Enterobactin (VF0228)] [Escherichia coli CFT073]	
AI-5395_53_55_assembly.fasta	AI-5395_53_55_1	3937882	3939069	-	entC	1-1188/1188	===============	0/0	100.00	98.23	vfdb	NP_752611	(entC) isochorismate synthase 1 [Enterobactin (VF0228)] [Escherichia coli CFT073]	
AI-5395_53_55_assembly.fasta	AI-5395_53_55_1	3939246	3940202	+	fepB	1-957/957	===============	0/0	100.00	96.97	vfdb	NP_752610	(fepB) ferrienterobactin ABC transporter periplasmic binding protein [Enterobactin (VF0228)] [Escherichia coli CFT073]	
AI-5395_53_55_assembly.fasta	AI-5395_53_55_1	3940206	3941456	-	entS	1-1251/1251	===============	0/0	100.00	95.68	vfdb	NP_752609	(entS) enterobactin exporter iron-regulated [enterobactin (IA019)] [Escherichia coli CFT073]	
AI-5395_53_55_assembly.fasta	AI-5395_53_55_1	3941555	3942571	+	fepD	1-1017/1017	===============	0/0	100.00	95.58	vfdb	NP_752608	(fepD) ferrienterobactin ABC transporter permease [Enterobactin (VF0228)] [Escherichia coli CFT073]	
AI-5395_53_55_assembly.fasta	AI-5395_53_55_1	3942568	3943560	+	fepG	1-993/993	===============	0/0	100.00	95.06	vfdb	NP_752607	(fepG) iron-enterobactin ABC transporter permease [Enterobactin (VF0228)] [Escherichia coli CFT073]	
AI-5395_53_55_assembly.fasta	AI-5395_53_55_1	3943557	3944372	+	fepC	1-816/816	===============	0/0	100.00	97.30	vfdb	NP_752606	(fepC) ferrienterobactin ABC transporter ATPase [Enterobactin (VF0228)] [Escherichia coli CFT073]	
AI-5395_53_55_assembly.fasta	AI-5395_53_55_1	3945745	3949598	-	entF	1-3854/3882	===============	0/0	99.28	95.87	vfdb	NP_752604	(entF) enterobactin synthase multienzyme complex component ATP-dependent [Enterobactin (VF0228)] [Escherichia coli CFT073]	
AI-5395_53_55_assembly.fasta	AI-5395_53_55_1	3949816	3951018	-	fes	1-1203/1203	===============	0/0	100.00	97.42	vfdb	NP_752602	(fes) enterobactin/ferric enterobactin esterase [enterobactin (IA019)] [Escherichia coli CFT073]	
AI-5395_53_55_assembly.fasta	AI-5395_53_55_1	3951261	3953501	+	fepA	1-2241/2241	===============	0/0	100.00	97.23	vfdb	NP_752600	(fepA) ferrienterobactin outer membrane transporter [Enterobactin (VF0228)] [Escherichia coli CFT073]	
AI-5395_53_55_assembly.fasta	AI-5395_53_55_1	3953526	3954296	+	entD	1-771/771	===============	0/0	100.00	93.77	vfdb	NP_752599	(entD) phosphopantetheinyl transferase component of enterobactin synthase multienzyme complex [Enterobactin (VF0228)] [Escherichia coli CFT073]	
AI-5395_53_55_assembly.fasta	AI-5395_53_55_1	4132700	4134271	+	espY3	1-1572/1572	===============	0/0	100.00	95.42	vfdb	NP_286160	(espY3) Type III secretion system effector EspY3 [LEE encoded T3SS (SS020)] [Escherichia coli O157:H7 str. EDL933]	
AI-5395_53_55_assembly.fasta	AI-5395_53_55_1	4258505	4262746	-	fdeC	1-4245/4251	========/======	3/5	99.76	91.26	vfdb	YP_002390132	(fdeC) adhesin FdeC [FdeC (VF0506)] [Escherichia coli O45:K1:H7 str. S88]	
AI-5395_53_55_assembly.fasta	AI-5395_53_55_1	4272071	4272661	+	ykgK/ecpR	1-591/591	===============	0/0	100.00	98.82	vfdb	NP_286011	(ykgK/ecpR) regulator protein EcpR [ECP (VF0404)] [Escherichia coli O157:H7 str. EDL933]	
AI-5395_53_55_assembly.fasta	AI-5395_53_55_1	4272735	4273322	+	yagZ/ecpA	1-588/588	===============	0/0	100.00	99.32	vfdb	NP_286010	(yagZ/ecpA) E. coli common pilus structural subunit EcpA [ECP (VF0404)] [Escherichia coli O157:H7 str. EDL933]	
AI-5395_53_55_assembly.fasta	AI-5395_53_55_1	4273380	4274048	+	yagY/ecpB	1-669/669	===============	0/0	100.00	97.61	vfdb	NP_286009	(yagY/ecpB) E. coli common pilus chaperone EcpB [ECP (VF0404)] [Escherichia coli O157:H7 str. EDL933]	
AI-5395_53_55_assembly.fasta	AI-5395_53_55_1	4274074	4276599	+	yagX/ecpC	1-2526/2526	===============	0/0	100.00	98.85	vfdb	NP_286008	(yagX/ecpC) E. coli common pilus usher EcpC [ECP (VF0404)] [Escherichia coli O157:H7 str. EDL933]	
AI-5395_53_55_assembly.fasta	AI-5395_53_55_1	4276589	4278232	+	yagW/ecpD	1-1644/1644	===============	0/0	100.00	98.24	vfdb	NP_286007	(yagW/ecpD) polymerized tip adhesin of ECP fibers [ECP (VF0404)] [Escherichia coli O157:H7 str. EDL933]	
AI-5395_53_55_assembly.fasta	AI-5395_53_55_1	4278156	4278909	+	yagV/ecpE	1-754/756	===============	0/0	99.74	96.82	vfdb	NP_286006	(yagV/ecpE) E. coli common pilus chaperone EcpE [ECP (VF0404)] [Escherichia coli O157:H7 str. EDL933]	
AI-5395_53_55_assembly.fasta	AI-5395_53_55_1	4520370	4520939	-	espY2	1-570/570	===============	0/0	100.00	94.21	vfdb	NP_285765	(espY2) Type III secretion system effector EspY2 [LEE encoded T3SS (SS020)] [Escherichia coli O157:H7 str. EDL933]	
AI-5395_53_55_assembly.fasta	AI-5395_53_55_1	4537350	4538069	-	espY1	1-753/753	========/======	2/33	95.62	88.58	vfdb	NP_285753	(espY1) Type III secretion system effector EspY1 [LEE encoded T3SS (SS020)] [Escherichia coli O157:H7 str. EDL933]	
AI-5395_53_55_assembly.fasta	AI-5395_53_55_1	4576774	4578195	+	espX1	1-1422/1422	===============	0/0	100.00	94.23	vfdb	NP_285716	(espX1) Type III secretion system effector EspX1 [LEE encoded T3SS (SS020)] [Escherichia coli O157:H7 str. EDL933]	
AI-5395_53_55_assembly.fasta	AI-5395_53_55_1	4712994	4713905	-	fimH	1-912/912	===============	0/0	100.00	97.26	vfdb	NP_757248	(fimH) FimH protein precursor [Type 1 fimbriae (VF0221)] [Escherichia coli CFT073]	
AI-5395_53_55_assembly.fasta	AI-5395_53_55_1	4713916	4714419	-	fimG	1-504/504	===============	0/0	100.00	97.82	vfdb	NP_757247	(fimG) FimG protein precursor [Type 1 fimbriae (VF0221)] [Escherichia coli CFT073]	
AI-5395_53_55_assembly.fasta	AI-5395_53_55_1	4714432	4714965	-	fimF	1-534/534	===============	0/0	100.00	97.38	vfdb	NP_757245	(fimF) FimF protein precursor [Type 1 fimbriae (VF0221)] [Escherichia coli CFT073]	
AI-5395_53_55_assembly.fasta	AI-5395_53_55_1	4714972	4717608	-	fimD	1-2637/2637	===============	0/0	100.00	98.26	vfdb	NP_757244	(fimD) Outer membrane usher protein fimD precursor [Type 1 fimbriae (VF0221)] [Escherichia coli CFT073]	
AI-5395_53_55_assembly.fasta	AI-5395_53_55_1	4717675	4718400	-	fimC	1-726/726	===============	0/0	100.00	98.48	vfdb	NP_757243	(fimC) Chaperone protein fimC precursor [Type 1 fimbriae (VF0221)] [Escherichia coli CFT073]	
AI-5395_53_55_assembly.fasta	AI-5395_53_55_1	4718437	4718976	-	fimI	1-540/540	===============	0/0	100.00	98.33	vfdb	NP_757242	(fimI) Fimbrin-like protein fimI precursor [Type 1 fimbriae (VF0221)] [Escherichia coli CFT073]	
AI-5395_53_55_assembly.fasta	AI-5395_53_55_1	4719041	4719646	-	fimA	1-606/606	===============	0/0	100.00	92.57	vfdb	NP_757241	(fimA) Type-1 fimbrial protein A chain precursor [Type 1 fimbriae (VF0221)] [Escherichia coli CFT073]	
AI-5395_53_55_assembly.fasta	AI-5395_53_55_1	4720071	4720667	-	fimE	1-597/597	===============	0/0	100.00	98.66	vfdb	NP_757240	(fimE) Type 1 fimbriae Regulatory protein fimE [Type 1 fimbriae (VF0221)] [Escherichia coli CFT073]	
AI-5395_53_55_assembly.fasta	AI-5395_53_55_1	4721145	4721747	-	fimB	1-603/603	===============	0/0	100.00	98.18	vfdb	NP_757239	(fimB) Type 1 fimbriae Regulatory protein fimB [Type 1 fimbriae (VF0221)] [Escherichia coli CFT073]	
AI-5395_53_55_assembly.fasta	AI-5395_53_55_1	4950399	4950515	+	astA	1-117/117	===============	0/0	100.00	100.00	vfdb	BAA94855	(astA) heat-stable enterotoxin 1 [EAST1 (VF0216)] [Escherichia coli O44:H18 042]	
AI-5395_53_55_assembly.fasta	AI-5395_53_55_1	5068584	5069876	+	espX5	1-1293/1293	===============	0/0	100.00	95.59	vfdb	NP_290699	(espX5) Type III secretion system effector EspX5 [LEE encoded T3SS (SS020)] [Escherichia coli O157:H7 str. EDL933]	
AI-5395_53_55_assembly.fasta	AI-5395_53_55_1	5137880	5139460	-	espX4	1-1581/1581	===============	0/0	100.00	94.31	vfdb	NP_290672	(espX4) Type III secretion system effector EspX4 [LEE encoded T3SS (SS020)] [Escherichia coli O157:H7 str. EDL933]	
AI-5395_53_55_assembly.fasta	AI-5395_53_55_1	5171688	5173874	+	espL4	1-2187/2187	===============	0/0	100.00	97.07	vfdb	NP_290644	(espL4) Type III secretion system effector EspL4 [LEE encoded T3SS (SS020)] [Escherichia coli O157:H7 str. EDL933]	
AI-5395_54_56_assembly.fasta	AI-5395_54_56_1	12091	14277	-	espL4	1-2187/2187	===============	0/0	100.00	97.07	vfdb	NP_290644	(espL4) Type III secretion system effector EspL4 [LEE encoded T3SS (SS020)] [Escherichia coli O157:H7 str. EDL933]	
AI-5395_54_56_assembly.fasta	AI-5395_54_56_1	46613	48193	+	espX4	1-1581/1581	===============	0/0	100.00	96.20	vfdb	NP_290672	(espX4) Type III secretion system effector EspX4 [LEE encoded T3SS (SS020)] [Escherichia coli O157:H7 str. EDL933]	
AI-5395_54_56_assembly.fasta	AI-5395_54_56_1	77866	79158	-	espX5	1-1293/1293	===============	0/0	100.00	95.98	vfdb	NP_290699	(espX5) Type III secretion system effector EspX5 [LEE encoded T3SS (SS020)] [Escherichia coli O157:H7 str. EDL933]	
AI-5395_54_56_assembly.fasta	AI-5395_54_56_1	378330	378822	+	fimB	111-603/603	..=============	0/0	81.76	98.17	vfdb	NP_757239	(fimB) Type 1 fimbriae Regulatory protein fimB [Type 1 fimbriae (VF0221)] [Escherichia coli CFT073]	
AI-5395_54_56_assembly.fasta	AI-5395_54_56_1	379300	379896	+	fimE	1-597/597	===============	0/0	100.00	98.66	vfdb	NP_757240	(fimE) Type 1 fimbriae Regulatory protein fimE [Type 1 fimbriae (VF0221)] [Escherichia coli CFT073]	
AI-5395_54_56_assembly.fasta	AI-5395_54_56_1	380321	380926	+	fimA	1-606/606	===============	0/0	100.00	92.24	vfdb	NP_757241	(fimA) Type-1 fimbrial protein A chain precursor [Type 1 fimbriae (VF0221)] [Escherichia coli CFT073]	
AI-5395_54_56_assembly.fasta	AI-5395_54_56_1	380991	381530	+	fimI	1-540/540	===============	0/0	100.00	98.33	vfdb	NP_757242	(fimI) Fimbrin-like protein fimI precursor [Type 1 fimbriae (VF0221)] [Escherichia coli CFT073]	
AI-5395_54_56_assembly.fasta	AI-5395_54_56_1	381567	382292	+	fimC	1-726/726	===============	0/0	100.00	98.48	vfdb	NP_757243	(fimC) Chaperone protein fimC precursor [Type 1 fimbriae (VF0221)] [Escherichia coli CFT073]	
AI-5395_54_56_assembly.fasta	AI-5395_54_56_1	382359	384995	+	fimD	1-2637/2637	===============	0/0	100.00	98.26	vfdb	NP_757244	(fimD) Outer membrane usher protein fimD precursor [Type 1 fimbriae (VF0221)] [Escherichia coli CFT073]	
AI-5395_54_56_assembly.fasta	AI-5395_54_56_1	385002	385535	+	fimF	1-534/534	===============	0/0	100.00	97.38	vfdb	NP_757245	(fimF) FimF protein precursor [Type 1 fimbriae (VF0221)] [Escherichia coli CFT073]	
AI-5395_54_56_assembly.fasta	AI-5395_54_56_1	385548	386051	+	fimG	1-504/504	===============	0/0	100.00	98.02	vfdb	NP_757247	(fimG) FimG protein precursor [Type 1 fimbriae (VF0221)] [Escherichia coli CFT073]	
AI-5395_54_56_assembly.fasta	AI-5395_54_56_1	386062	386973	+	fimH	1-912/912	===============	0/0	100.00	97.26	vfdb	NP_757248	(fimH) FimH protein precursor [Type 1 fimbriae (VF0221)] [Escherichia coli CFT073]	
AI-5395_54_56_assembly.fasta	AI-5395_54_56_1	496213	497634	-	espX1	1-1422/1422	===============	0/0	100.00	95.71	vfdb	NP_285716	(espX1) Type III secretion system effector EspX1 [LEE encoded T3SS (SS020)] [Escherichia coli O157:H7 str. EDL933]	
AI-5395_54_56_assembly.fasta	AI-5395_54_56_1	535858	536579	+	espY1	1-753/753	========/======	2/31	95.88	88.58	vfdb	NP_285753	(espY1) Type III secretion system effector EspY1 [LEE encoded T3SS (SS020)] [Escherichia coli O157:H7 str. EDL933]	
AI-5395_54_56_assembly.fasta	AI-5395_54_56_1	553160	553710	+	espY2	1-551/570	========/======	2/2	96.49	88.04	vfdb	NP_285765	(espY2) Type III secretion system effector EspY2 [LEE encoded T3SS (SS020)] [Escherichia coli O157:H7 str. EDL933]	
AI-5395_54_56_assembly.fasta	AI-5395_54_56_1	824154	824907	-	yagV/ecpE	1-754/756	===============	0/0	99.74	97.22	vfdb	NP_286006	(yagV/ecpE) E. coli common pilus chaperone EcpE [ECP (VF0404)] [Escherichia coli O157:H7 str. EDL933]	
AI-5395_54_56_assembly.fasta	AI-5395_54_56_1	824831	826474	-	yagW/ecpD	1-1644/1644	===============	0/0	100.00	98.97	vfdb	NP_286007	(yagW/ecpD) polymerized tip adhesin of ECP fibers [ECP (VF0404)] [Escherichia coli O157:H7 str. EDL933]	
AI-5395_54_56_assembly.fasta	AI-5395_54_56_1	826464	828989	-	yagX/ecpC	1-2526/2526	===============	0/0	100.00	97.90	vfdb	NP_286008	(yagX/ecpC) E. coli common pilus usher EcpC [ECP (VF0404)] [Escherichia coli O157:H7 str. EDL933]	
AI-5395_54_56_assembly.fasta	AI-5395_54_56_1	829015	829683	-	yagY/ecpB	1-669/669	===============	0/0	100.00	98.36	vfdb	NP_286009	(yagY/ecpB) E. coli common pilus chaperone EcpB [ECP (VF0404)] [Escherichia coli O157:H7 str. EDL933]	
AI-5395_54_56_assembly.fasta	AI-5395_54_56_1	829741	830328	-	yagZ/ecpA	1-588/588	===============	0/0	100.00	98.81	vfdb	NP_286010	(yagZ/ecpA) E. coli common pilus structural subunit EcpA [ECP (VF0404)] [Escherichia coli O157:H7 str. EDL933]	
AI-5395_54_56_assembly.fasta	AI-5395_54_56_1	830403	830993	-	ykgK/ecpR	1-591/591	===============	0/0	100.00	98.98	vfdb	NP_286011	(ykgK/ecpR) regulator protein EcpR [ECP (VF0404)] [Escherichia coli O157:H7 str. EDL933]	
AI-5395_54_56_assembly.fasta	AI-5395_54_56_1	840345	844586	+	fdeC	1-4245/4251	========/======	3/5	99.76	92.72	vfdb	YP_002390132	(fdeC) adhesin FdeC [FdeC (VF0506)] [Escherichia coli O45:K1:H7 str. S88]	
AI-5395_54_56_assembly.fasta	AI-5395_54_56_1	970891	972462	-	espY3	1-1572/1572	===============	0/0	100.00	95.67	vfdb	NP_286160	(espY3) Type III secretion system effector EspY3 [LEE encoded T3SS (SS020)] [Escherichia coli O157:H7 str. EDL933]	
AI-5395_54_56_assembly.fasta	AI-5395_54_56_1	1210960	1211730	-	entD	1-771/771	===============	0/0	100.00	92.09	vfdb	NP_752599	(entD) phosphopantetheinyl transferase component of enterobactin synthase multienzyme complex [Enterobactin (VF0228)] [Escherichia coli CFT073]	
AI-5395_54_56_assembly.fasta	AI-5395_54_56_1	1211755	1213995	-	fepA	1-2241/2241	===============	0/0	100.00	96.79	vfdb	NP_752600	(fepA) ferrienterobactin outer membrane transporter [Enterobactin (VF0228)] [Escherichia coli CFT073]	
AI-5395_54_56_assembly.fasta	AI-5395_54_56_1	1214238	1215440	+	fes	1-1203/1203	===============	0/0	100.00	96.76	vfdb	NP_752602	(fes) enterobactin/ferric enterobactin esterase [enterobactin (IA019)] [Escherichia coli CFT073]	
AI-5395_54_56_assembly.fasta	AI-5395_54_56_1	1215658	1219511	+	entF	1-3854/3882	===============	0/0	99.28	95.43	vfdb	NP_752604	(entF) enterobactin synthase multienzyme complex component ATP-dependent [Enterobactin (VF0228)] [Escherichia coli CFT073]	
AI-5395_54_56_assembly.fasta	AI-5395_54_56_1	1220885	1221700	-	fepC	1-816/816	===============	0/0	100.00	96.81	vfdb	NP_752606	(fepC) ferrienterobactin ABC transporter ATPase [Enterobactin (VF0228)] [Escherichia coli CFT073]	
AI-5395_54_56_assembly.fasta	AI-5395_54_56_1	1221697	1222689	-	fepG	1-993/993	===============	0/0	100.00	94.26	vfdb	NP_752607	(fepG) iron-enterobactin ABC transporter permease [Enterobactin (VF0228)] [Escherichia coli CFT073]	
AI-5395_54_56_assembly.fasta	AI-5395_54_56_1	1222686	1223702	-	fepD	1-1017/1017	===============	0/0	100.00	96.17	vfdb	NP_752608	(fepD) ferrienterobactin ABC transporter permease [Enterobactin (VF0228)] [Escherichia coli CFT073]	
AI-5395_54_56_assembly.fasta	AI-5395_54_56_1	1223801	1225051	+	entS	1-1251/1251	===============	0/0	100.00	95.84	vfdb	NP_752609	(entS) enterobactin exporter iron-regulated [enterobactin (IA019)] [Escherichia coli CFT073]	
AI-5395_54_56_assembly.fasta	AI-5395_54_56_1	1225055	1226011	-	fepB	1-957/957	===============	0/0	100.00	97.91	vfdb	NP_752610	(fepB) ferrienterobactin ABC transporter periplasmic binding protein [Enterobactin (VF0228)] [Escherichia coli CFT073]	
AI-5395_54_56_assembly.fasta	AI-5395_54_56_1	1226188	1227375	+	entC	1-1188/1188	===============	0/0	100.00	96.89	vfdb	NP_752611	(entC) isochorismate synthase 1 [Enterobactin (VF0228)] [Escherichia coli CFT073]	
AI-5395_54_56_assembly.fasta	AI-5395_54_56_1	1227385	1228995	+	entE	1-1611/1611	===============	0/0	100.00	96.59	vfdb	NP_752612	(entE) 23-dihydroxybenzoate-AMP ligase component of enterobactin synthase multienzyme complex [Enterobactin (VF0228)] [Escherichia coli CFT073]	
AI-5395_54_56_assembly.fasta	AI-5395_54_56_1	1229009	1229866	+	entB	1-858/858	===============	0/0	100.00	98.37	vfdb	NP_752613	(entB) isochorismatase [Enterobactin (VF0228)] [Escherichia coli CFT073]	
AI-5395_54_56_assembly.fasta	AI-5395_54_56_1	1229866	1230612	+	entA	1-747/747	===============	0/0	100.00	95.98	vfdb	NP_752614	(entA) 23-dihydro-23-dihydroxybenzoate dehydrogenase [Enterobactin (VF0228)] [Escherichia coli CFT073]	
AI-5395_54_56_assembly.fasta	AI-5395_54_56_1	1618289	1619329	-	ompA	1-1041/1041	===============	0/0	100.00	99.14	vfdb	AAF37887	(ompA) outer membrane protein A [OmpA (VF0236)] [Escherichia coli O18:K1:H7 str. RS218]	
AI-5395_54_56_assembly.fasta	AI-5395_54_56_1	1682845	1683678	-	csgG	1-834/834	===============	0/0	100.00	83.33	vfdb	NP_460110	(csgG) curli production assembly/transport protein CsgG [Agf (VF0103)] [Salmonella enterica subsp. enterica serovar Typhimurium str. LT2]	
AI-5395_54_56_assembly.fasta	AI-5395_54_56_1	1683705	1684121	-	csgF	1-417/417	========/======	3/8	99.04	81.00	vfdb	NP_460111	(csgF) curli production assembly/transport protein CsgF [Agf (VF0103)] [Salmonella enterica subsp. enterica serovar Typhimurium str. LT2]	
AI-5395_54_56_assembly.fasta	AI-5395_54_56_1	1684540	1685190	-	csgD	1-651/651	===============	0/0	100.00	81.41	vfdb	NP_460113	(csgD) DNA-binding transcriptional regulator CsgD [curli fibers/thin aggregative fimbriae (AGF) (AI094)] [Salmonella enterica subsp. enterica serovar Typhimurium str. LT2]	
AI-5395_54_56_assembly.fasta	AI-5395_54_56_1	1685945	1686400	+	csgB	1-456/456	========/======	2/2	99.78	83.59	vfdb	NP_460114	(csgB) minor curlin subunit precursor curli nucleator protein CsgB [Agf (VF0103)] [Salmonella enterica subsp. enterica serovar Typhimurium str. LT2]	
AI-5395_54_56_assembly.fasta	AI-5395_54_56_1	2110032	2111282	-	espR1	1-1251/1260	===============	0/0	99.29	94.25	vfdb	NP_287686	(espR1) Type III secretion system effector espR1 [LEE encoded T3SS (SS020)] [Escherichia coli O157:H7 str. EDL933]	
AI-5395_54_56_assembly.fasta	AI-5395_54_56_1	2408087	2409985	+	espL1	1-1899/1899	===============	0/0	100.00	96.68	vfdb	NP_288154	(espL1) Type III secretion system effector espL1 [LEE encoded T3SS (SS020)] [Escherichia coli O157:H7 str. EDL933]	
AI-5395_54_56_assembly.fasta	AI-5395_54_56_1	2616670	2617778	-	espR4	1-1113/1140	========/======	4/6	97.19	84.38	vfdb	NP_288396	(espR4) Type III secretion system effector espR4 [LEE encoded T3SS (SS020)] [Escherichia coli O157:H7 str. EDL933]	
AI-5395_54_56_assembly.fasta	AI-5395_54_56_1	2650908	2652212	-	ybtS	1-1305/1305	===============	0/0	100.00	99.77	vfdb	NP_405477	(ybtS) salicylate synthase Irp9 [Yersiniabactin (VF0136)] [Yersinia pestis CO92]	
AI-5395_54_56_assembly.fasta	AI-5395_54_56_1	2652240	2653520	-	ybtX	1-1281/1281	===============	0/0	100.00	99.61	vfdb	NP_405476	(ybtX) putative signal transducer [Yersiniabactin (VF0136)] [Yersinia pestis CO92]	
AI-5395_54_56_assembly.fasta	AI-5395_54_56_1	2653513	2655315	-	ybtQ	1-1803/1803	===============	0/0	100.00	99.78	vfdb	NP_405475	(ybtQ) inner membrane ABC-transporter YbtQ [Yersiniabactin (VF0136)] [Yersinia pestis CO92]	
AI-5395_54_56_assembly.fasta	AI-5395_54_56_1	2655302	2657104	-	ybtP	1-1803/1803	===============	0/0	100.00	99.72	vfdb	NP_405474	(ybtP) lipoprotein inner membrane ABC-transporter [Yersiniabactin (VF0136)] [Yersinia pestis CO92]	
AI-5395_54_56_assembly.fasta	AI-5395_54_56_1	2657271	2658230	+	ybtA	1-960/960	===============	0/0	100.00	99.27	vfdb	NP_405473	(ybtA) transcriptional regulator YbtA [Yersiniabactin (VF0136)] [Yersinia pestis CO92]	
AI-5395_54_56_assembly.fasta	AI-5395_54_56_1	2658422	2664529	+	irp2	1-6108/6108	===============	0/0	100.00	99.51	vfdb	NP_405472	(irp2) yersiniabactin biosynthetic protein Irp2 [Yersiniabactin (VF0136)] [Yersinia pestis CO92]	
AI-5395_54_56_assembly.fasta	AI-5395_54_56_1	2664617	2674108	+	irp1	1-9492/9492	===============	0/0	100.00	99.69	vfdb	NP_405471	(irp1) yersiniabactin biosynthetic protein Irp1 [Yersiniabactin (VF0136)] [Yersinia pestis CO92]	
AI-5395_54_56_assembly.fasta	AI-5395_54_56_1	2674105	2675205	+	ybtU	1-1101/1101	===============	0/0	100.00	99.64	vfdb	NP_405470	(ybtU) yersiniabactin biosynthetic protein YbtU [Yersiniabactin (VF0136)] [Yersinia pestis CO92]	
AI-5395_54_56_assembly.fasta	AI-5395_54_56_1	2675202	2676005	+	ybtT	1-804/804	===============	0/0	100.00	99.75	vfdb	NP_405469	(ybtT) yersiniabactin biosynthetic protein YbtT [Yersiniabactin (VF0136)] [Yersinia pestis CO92]	
AI-5395_54_56_assembly.fasta	AI-5395_54_56_1	2676009	2677586	+	ybtE	1-1578/1578	===============	0/0	100.00	99.87	vfdb	NP_405468	(ybtE) yersiniabactin siderophore biosynthetic protein [Yersiniabactin (VF0136)] [Yersinia pestis CO92]	
AI-5395_54_56_assembly.fasta	AI-5395_54_56_1	2677717	2679738	+	fyuA	1-2022/2022	===============	0/0	100.00	99.95	vfdb	NP_405467	(fyuA) pesticin/yersiniabactin receptor protein [Yersiniabactin (VF0136)] [Yersinia pestis CO92]	
AI-5395_54_56_assembly.fasta	AI-5395_54_56_1	3817262	3817813	-	papX	1-552/552	===============	0/0	100.00	97.64	vfdb	NP_755457	(papX) PapX protein regulates flagellum synthesis to repress motility [P fimbriae (CVF425)] [Escherichia coli CFT073]	
AI-5395_54_56_assembly.fasta	AI-5395_54_56_1	3820334	3820867	-	papF	1-531/531	========/======	1/3	100.00	94.01	vfdb	NP_755459	(papF) P pilus minor subunit PapF  [P fimbriae (VF0220)] [Escherichia coli CFT073]	
AI-5395_54_56_assembly.fasta	AI-5395_54_56_1	3820912	3821451	-	papE	1-540/540	========/======	2/6	99.44	93.92	vfdb	NP_755460	(papE) P pilus minor subunit PapE [P fimbriae (VF0220)] [Escherichia coli CFT073]	
AI-5395_54_56_assembly.fasta	AI-5395_54_56_1	3822993	3823306	-	papB	1-315/315	========/======	1/1	99.68	98.41	vfdb		(papB) regulatory protein PapB [P fimbriae (VF0220)] [Escherichia coli CFT073]	
AI-5395_54_56_assembly.fasta	AI-5395_54_56_1	3823711	3823944	+	papI	1-234/234	===============	0/0	100.00	95.30	vfdb	NP_755468	(papI) regulatory protein PapI [P fimbriae (VF0220)] [Escherichia coli CFT073]	
AI-5395_54_56_assembly.fasta	AI-5395_54_56_1	3843691	3845367	+	kpsD	1-1677/1677	===============	0/0	100.00	98.21	vfdb	AAA21682	(kpsD) KpsD [K1 capsule (VF0239)] [Escherichia coli O18:K1:H7 str. RS218]	
AI-5395_54_56_assembly.fasta	AI-5395_54_56_1	3855467	3856243	-	kpsM	1-777/777	===============	0/0	100.00	92.41	vfdb	AAA24046	(kpsM) KpsM [K1 capsule (VF0239)] [Escherichia coli O18:K1:H7 str. RS218]	
AI-5395_54_56_assembly.fasta	AI-5395_54_56_1	3857418	3857839	-	gspM	1-422/423	===============	0/0	99.76	94.79	vfdb	YP_404609	(gspM) general secretion pathway protein M [T2SS (VF0333)] [Shigella dysenteriae Sd197]	
AI-5395_54_56_assembly.fasta	AI-5395_54_56_1	3857955	3858814	-	gspL	1-861/861	========/======	1/1	99.88	94.89	vfdb	YP_404608	(gspL) general secretion pathway protein L [T2SS (VF0333)] [Shigella dysenteriae Sd197]	
AI-5395_54_56_assembly.fasta	AI-5395_54_56_1	4406084	4407112	-	chuS	1-1029/1029	===============	0/0	100.00	96.21	vfdb	NP_756169	(chuS) heme oxygenase ChuS [Chu (VF0227)] [Escherichia coli CFT073]	
AI-5395_54_56_assembly.fasta	AI-5395_54_56_1	4407161	4409143	-	shuA	1-1983/1983	===============	0/0	100.00	98.13	vfdb	YP_405019	(shuA) outer membrane heme/hemoglobin receptor ShuA [Shu (VF0256)] [Shigella dysenteriae Sd197]	
AI-5395_54_56_assembly.fasta	AI-5395_54_56_1	4409749	4410741	+	shuT	1-993/993	===============	0/0	100.00	98.29	vfdb	YP_405017	(shuT) periplasmic binding protein ShuT [Shu (VF0256)] [Shigella dysenteriae Sd197]	
AI-5395_54_56_assembly.fasta	AI-5395_54_56_1	4410761	4412098	+	chuW	1-1338/1338	===============	0/0	100.00	96.71	vfdb	NP_756176	(chuW) Putative oxygen independent coproporphyrinogen III oxidase [Chu (VF0227)] [Escherichia coli CFT073]	
AI-5395_54_56_assembly.fasta	AI-5395_54_56_1	4412111	4412605	+	shuX	1-495/495	===============	0/0	100.00	96.36	vfdb	YP_405016	(shuX) shu locus protein ShuX [Shu (VF0256)] [Shigella dysenteriae Sd197]	
AI-5395_54_56_assembly.fasta	AI-5395_54_56_1	4412605	4413228	+	chuY	1-624/624	===============	0/0	100.00	96.95	vfdb	NP_756178	(chuY) ChuY [Chu (VF0227)] [Escherichia coli CFT073]	
AI-5395_54_56_assembly.fasta	AI-5395_54_56_1	4413277	4414269	+	chuU	1-993/993	===============	0/0	100.00	98.59	vfdb	NP_756179	(chuU) heme permease protein ChuU [Chu (VF0227)] [Escherichia coli CFT073]	
AI-5395_54_56_assembly.fasta	AI-5395_54_56_1	4414236	4415036	+	chuV	1-801/801	===============	0/0	100.00	98.88	vfdb	NP_756180	(chuV) ATP-binding hydrophilic protein ChuV [Chu (VF0227)] [Escherichia coli CFT073]	
AI-5395_54_56_assembly.fasta	AI-5395_54_56_1	4691064	4693472	-	espY4	1-2409/2409	===============	0/0	100.00	96.26	vfdb	NP_290352	(espY4) Type III secretion system effector EspY4 [LEE encoded T3SS (SS020)] [Escherichia coli O157:H7 str. EDL933]	
AI-5395_54_56_assembly.fasta	AI-5395_54_56_1	4780274	4781702	-	aslA	1-1428/1428	========/======	1/1	100.00	97.20	vfdb	AAG10151	(aslA) putative arylsulfatase [AslA (VF0238)] [Escherichia coli O18:K1:H7 str. RS218]	
AI-5395_54_56_assembly.fasta	AI-5395_54_56_2	51211	52349	+	senB	2-1140/1140	===============	0/0	99.91	99.74	vfdb	YP_406304	(senB) enterotoxin [ShET2 (VF0258)] [Shigella flexneri 2a str. 301]	
AI-5395_54_56_assembly.fasta	AI-5395_54_56_2	79670	81457	+	iucA	1-1788/1788	===============	0/0	100.00	94.30	vfdb	NP_755502	(iucA) aerobactin siderophore biosynthesis protein IucD [Aerobactin (VF0229)] [Escherichia coli CFT073]	
AI-5395_54_56_assembly.fasta	AI-5395_54_56_2	81458	82405	+	iucB	1-948/948	===============	0/0	100.00	95.67	vfdb	NP_755501	(iucB) aerobactin siderophore biosynthesis protein IucB [Aerobactin (VF0229)] [Escherichia coli CFT073]	
AI-5395_54_56_assembly.fasta	AI-5395_54_56_2	82405	84147	+	iucC	1-1743/1743	===============	0/0	100.00	96.10	vfdb	NP_755500	(iucC) aerobactin siderophore biosynthesis protein IucC [Aerobactin (VF0229)] [Escherichia coli CFT073]	
AI-5395_54_56_assembly.fasta	AI-5395_54_56_2	84144	85465	+	iucD	1-1323/1338	========/======	1/1	98.80	96.30	vfdb	NP_755499	(iucD) L-lysine 6-monooxygenase IucD [Aerobactin (VF0229)] [Escherichia coli CFT073]	
AI-5395_54_56_assembly.fasta	AI-5395_54_56_2	85403	87704	+	iutA	1-2280/2280	========/======	3/24	99.96	88.41	vfdb	NP_755498	(iutA) ferric aerobactin receptor precusor IutA [Aerobactin (VF0229)] [Escherichia coli CFT073]	
AI-5395_55_57_assembly.fasta	AI-5395_55_57_1	54788	57089	-	iutA	1-2280/2280	========/======	3/24	99.96	88.36	vfdb	NP_755498	(iutA) ferric aerobactin receptor precusor IutA [Aerobactin (VF0229)] [Escherichia coli CFT073]	
AI-5395_55_57_assembly.fasta	AI-5395_55_57_1	57027	58348	-	iucD	1-1323/1338	========/======	1/1	98.80	96.30	vfdb	NP_755499	(iucD) L-lysine 6-monooxygenase IucD [Aerobactin (VF0229)] [Escherichia coli CFT073]	
AI-5395_55_57_assembly.fasta	AI-5395_55_57_1	58345	60087	-	iucC	1-1743/1743	===============	0/0	100.00	96.04	vfdb	NP_755500	(iucC) aerobactin siderophore biosynthesis protein IucC [Aerobactin (VF0229)] [Escherichia coli CFT073]	
AI-5395_55_57_assembly.fasta	AI-5395_55_57_1	60087	61034	-	iucB	1-948/948	===============	0/0	100.00	95.67	vfdb	NP_755501	(iucB) aerobactin siderophore biosynthesis protein IucB [Aerobactin (VF0229)] [Escherichia coli CFT073]	
AI-5395_55_57_assembly.fasta	AI-5395_55_57_1	61035	62822	-	iucA	1-1788/1788	===============	0/0	100.00	94.24	vfdb	NP_755502	(iucA) aerobactin siderophore biosynthesis protein IucD [Aerobactin (VF0229)] [Escherichia coli CFT073]	
AI-5395_55_57_assembly.fasta	AI-5395_55_57_1	99579	100741	+	iroB	1-1163/1164	===============	0/0	99.91	98.37	vfdb	NP_753168	(iroB) glucosyltransferase IroB [Salmochelin (IA013)] [Escherichia coli CFT073]	
AI-5395_55_57_assembly.fasta	AI-5395_55_57_1	100804	104541	+	iroC	1-3738/3738	===============	0/0	100.00	99.20	vfdb	NP_753167	(iroC) ATP binding cassette transporter [Salmochelin (IA013)] [Escherichia coli CFT073]	
AI-5395_55_57_assembly.fasta	AI-5395_55_57_1	104645	105874	+	iroD	1-1230/1230	===============	0/0	100.00	98.94	vfdb	NP_753166	(iroD) esterase [Salmochelin (IA013)] [Escherichia coli CFT073]	
AI-5395_55_57_assembly.fasta	AI-5395_55_57_1	105959	106915	+	iroE	1-957/957	===============	0/0	100.00	99.58	vfdb	NP_753165	(iroE) esterase [Salmochelin (IA013)] [Escherichia coli CFT073]	
AI-5395_55_57_assembly.fasta	AI-5395_55_57_1	106960	109137	-	iroN	1-2178/2178	===============	0/0	100.00	99.08	vfdb	NP_753164	(iroN) salmochelin receptor IroN [IroN (VF0230)] [Escherichia coli CFT073]	
AI-5395_55_57_assembly.fasta	AI-5395_55_57_2	1119156	1119986	+	gspC	1-831/831	===============	0/0	100.00	95.91	vfdb	YP_404599	(gspC) general secretion pathway protein C [T2SS (VF0333)] [Shigella dysenteriae Sd197]	
AI-5395_55_57_assembly.fasta	AI-5395_55_57_2	1120226	1122076	+	gspD	1-1836/1836	========/======	1/15	100.00	97.30	vfdb	YP_404600	(gspD) general secretion pathway protein D [T2SS (VF0333)] [Shigella dysenteriae Sd197]	
AI-5395_55_57_assembly.fasta	AI-5395_55_57_2	1122076	1123569	+	gspE	1-1494/1494	===============	0/0	100.00	96.59	vfdb	YP_404601	(gspE) general secretion pathway protein E [T2SS (VF0333)] [Shigella dysenteriae Sd197]	
AI-5395_55_57_assembly.fasta	AI-5395_55_57_2	1123569	1124768	+	gspF	1-1200/1200	===============	0/0	100.00	96.25	vfdb	YP_404602	(gspF) general secretion pathway protein F [T2SS (VF0333)] [Shigella dysenteriae Sd197]	
AI-5395_55_57_assembly.fasta	AI-5395_55_57_2	1124809	1125264	+	gspG	1-456/456	===============	0/0	100.00	95.61	vfdb	YP_404603	(gspG) general secretion pathway protein G [T2SS (VF0333)] [Shigella dysenteriae Sd197]	
AI-5395_55_57_assembly.fasta	AI-5395_55_57_2	1125301	1125831	+	gspH	1-531/531	===============	0/0	100.00	96.05	vfdb	YP_404604	(gspH) general secretion pathway protein H [T2SS (VF0333)] [Shigella dysenteriae Sd197]	
AI-5395_55_57_assembly.fasta	AI-5395_55_57_2	1125828	1126199	+	gspI	1-372/372	===============	0/0	100.00	95.16	vfdb	YP_404605	(gspI) general secretion pathway protein I [T2SS (VF0333)] [Shigella dysenteriae Sd197]	
AI-5395_55_57_assembly.fasta	AI-5395_55_57_2	1126232	1126801	+	gspJ	1-570/570	===============	0/0	100.00	97.19	vfdb	YP_404606	(gspJ) general secretion pathway protein J [T2SS (VF0333)] [Shigella dysenteriae Sd197]	
AI-5395_55_57_assembly.fasta	AI-5395_55_57_2	1126798	1127775	+	gspK	1-978/978	===============	0/0	100.00	97.85	vfdb	YP_404607	(gspK) general secretion pathway protein K [T2SS (VF0333)] [Shigella dysenteriae Sd197]	
AI-5395_55_57_assembly.fasta	AI-5395_55_57_2	1128090	1128950	+	gspL	1-861/861	===============	0/0	100.00	97.56	vfdb	YP_404608	(gspL) general secretion pathway protein L [T2SS (VF0333)] [Shigella dysenteriae Sd197]	
AI-5395_55_57_assembly.fasta	AI-5395_55_57_2	1129066	1129488	+	gspM	1-423/423	===============	0/0	100.00	94.09	vfdb	YP_404609	(gspM) general secretion pathway protein M [T2SS (VF0333)] [Shigella dysenteriae Sd197]	
AI-5395_55_57_assembly.fasta	AI-5395_55_57_2	2528678	2530576	-	espL1	1-1899/1899	===============	0/0	100.00	94.79	vfdb	NP_288154	(espL1) Type III secretion system effector espL1 [LEE encoded T3SS (SS020)] [Escherichia coli O157:H7 str. EDL933]	
AI-5395_55_57_assembly.fasta	AI-5395_55_57_2	2815443	2816498	+	espR1	198-1253/1260	..=============	0/0	83.81	94.03	vfdb	NP_287686	(espR1) Type III secretion system effector espR1 [LEE encoded T3SS (SS020)] [Escherichia coli O157:H7 str. EDL933]	
AI-5395_55_57_assembly.fasta	AI-5395_55_57_2	3304370	3304825	-	csgB	1-456/456	========/======	2/2	99.78	84.03	vfdb	NP_460114	(csgB) minor curlin subunit precursor curli nucleator protein CsgB [Agf (VF0103)] [Salmonella enterica subsp. enterica serovar Typhimurium str. LT2]	
AI-5395_55_57_assembly.fasta	AI-5395_55_57_2	3305579	3306229	+	csgD	1-651/651	===============	0/0	100.00	81.11	vfdb	NP_460113	(csgD) DNA-binding transcriptional regulator CsgD [curli fibers/thin aggregative fimbriae (AGF) (AI094)] [Salmonella enterica subsp. enterica serovar Typhimurium str. LT2]	
AI-5395_55_57_assembly.fasta	AI-5395_55_57_2	3306648	3307064	+	csgF	1-417/417	========/======	3/8	99.04	81.23	vfdb	NP_460111	(csgF) curli production assembly/transport protein CsgF [Agf (VF0103)] [Salmonella enterica subsp. enterica serovar Typhimurium str. LT2]	
AI-5395_55_57_assembly.fasta	AI-5395_55_57_2	3307091	3307924	+	csgG	1-834/834	===============	0/0	100.00	83.09	vfdb	NP_460110	(csgG) curli production assembly/transport protein CsgG [Agf (VF0103)] [Salmonella enterica subsp. enterica serovar Typhimurium str. LT2]	
AI-5395_55_57_assembly.fasta	AI-5395_55_57_2	3387347	3388399	+	ompA	1-1041/1041	========/======	1/12	100.00	94.49	vfdb	AAF37887	(ompA) outer membrane protein A [OmpA (VF0236)] [Escherichia coli O18:K1:H7 str. RS218]	
AI-5395_55_57_assembly.fasta	AI-5395_55_57_2	3853208	3853954	-	entA	1-747/747	===============	0/0	100.00	95.05	vfdb	NP_752614	(entA) 23-dihydro-23-dihydroxybenzoate dehydrogenase [Enterobactin (VF0228)] [Escherichia coli CFT073]	
AI-5395_55_57_assembly.fasta	AI-5395_55_57_2	3853954	3854811	-	entB	1-858/858	===============	0/0	100.00	98.37	vfdb	NP_752613	(entB) isochorismatase [Enterobactin (VF0228)] [Escherichia coli CFT073]	
AI-5395_55_57_assembly.fasta	AI-5395_55_57_2	3854825	3856435	-	entE	1-1611/1611	===============	0/0	100.00	95.59	vfdb	NP_752612	(entE) 23-dihydroxybenzoate-AMP ligase component of enterobactin synthase multienzyme complex [Enterobactin (VF0228)] [Escherichia coli CFT073]	
AI-5395_55_57_assembly.fasta	AI-5395_55_57_2	3856445	3857632	-	entC	1-1188/1188	===============	0/0	100.00	97.56	vfdb	NP_752611	(entC) isochorismate synthase 1 [Enterobactin (VF0228)] [Escherichia coli CFT073]	
AI-5395_55_57_assembly.fasta	AI-5395_55_57_2	3857995	3858951	+	fepB	1-957/957	===============	0/0	100.00	97.18	vfdb	NP_752610	(fepB) ferrienterobactin ABC transporter periplasmic binding protein [Enterobactin (VF0228)] [Escherichia coli CFT073]	
AI-5395_55_57_assembly.fasta	AI-5395_55_57_2	3858955	3860205	-	entS	1-1251/1251	===============	0/0	100.00	95.52	vfdb	NP_752609	(entS) enterobactin exporter iron-regulated [enterobactin (IA019)] [Escherichia coli CFT073]	
AI-5395_55_57_assembly.fasta	AI-5395_55_57_2	3860304	3861320	+	fepD	1-1017/1017	===============	0/0	100.00	95.77	vfdb	NP_752608	(fepD) ferrienterobactin ABC transporter permease [Enterobactin (VF0228)] [Escherichia coli CFT073]	
AI-5395_55_57_assembly.fasta	AI-5395_55_57_2	3861317	3862309	+	fepG	1-993/993	===============	0/0	100.00	94.76	vfdb	NP_752607	(fepG) iron-enterobactin ABC transporter permease [Enterobactin (VF0228)] [Escherichia coli CFT073]	
AI-5395_55_57_assembly.fasta	AI-5395_55_57_2	3862306	3863121	+	fepC	1-816/816	===============	0/0	100.00	96.94	vfdb	NP_752606	(fepC) ferrienterobactin ABC transporter ATPase [Enterobactin (VF0228)] [Escherichia coli CFT073]	
AI-5395_55_57_assembly.fasta	AI-5395_55_57_2	3864495	3868348	-	entF	1-3854/3882	===============	0/0	99.28	95.56	vfdb	NP_752604	(entF) enterobactin synthase multienzyme complex component ATP-dependent [Enterobactin (VF0228)] [Escherichia coli CFT073]	
AI-5395_55_57_assembly.fasta	AI-5395_55_57_2	3868566	3869768	-	fes	1-1203/1203	===============	0/0	100.00	96.51	vfdb	NP_752602	(fes) enterobactin/ferric enterobactin esterase [enterobactin (IA019)] [Escherichia coli CFT073]	
AI-5395_55_57_assembly.fasta	AI-5395_55_57_2	3870011	3872251	+	fepA	1-2241/2241	===============	0/0	100.00	96.70	vfdb	NP_752600	(fepA) ferrienterobactin outer membrane transporter [Enterobactin (VF0228)] [Escherichia coli CFT073]	
AI-5395_55_57_assembly.fasta	AI-5395_55_57_2	3872276	3873046	+	entD	1-771/771	===============	0/0	100.00	94.03	vfdb	NP_752599	(entD) phosphopantetheinyl transferase component of enterobactin synthase multienzyme complex [Enterobactin (VF0228)] [Escherichia coli CFT073]	
AI-5395_55_57_assembly.fasta	AI-5395_55_57_2	4220404	4224629	-	fdeC	1-4229/4251	========/======	1/3	99.41	92.50	vfdb	YP_002390132	(fdeC) adhesin FdeC [FdeC (VF0506)] [Escherichia coli O45:K1:H7 str. S88]	
AI-5395_55_57_assembly.fasta	AI-5395_55_57_2	4227649	4228239	+	ykgK/ecpR	1-591/591	===============	0/0	100.00	97.63	vfdb	NP_286011	(ykgK/ecpR) regulator protein EcpR [ECP (VF0404)] [Escherichia coli O157:H7 str. EDL933]	
AI-5395_55_57_assembly.fasta	AI-5395_55_57_2	4228314	4228901	+	yagZ/ecpA	1-588/588	===============	0/0	100.00	99.15	vfdb	NP_286010	(yagZ/ecpA) E. coli common pilus structural subunit EcpA [ECP (VF0404)] [Escherichia coli O157:H7 str. EDL933]	
AI-5395_55_57_assembly.fasta	AI-5395_55_57_2	4228959	4229627	+	yagY/ecpB	1-669/669	===============	0/0	100.00	98.66	vfdb	NP_286009	(yagY/ecpB) E. coli common pilus chaperone EcpB [ECP (VF0404)] [Escherichia coli O157:H7 str. EDL933]	
AI-5395_55_57_assembly.fasta	AI-5395_55_57_2	4229653	4232178	+	yagX/ecpC	1-2526/2526	===============	0/0	100.00	98.65	vfdb	NP_286008	(yagX/ecpC) E. coli common pilus usher EcpC [ECP (VF0404)] [Escherichia coli O157:H7 str. EDL933]	
AI-5395_55_57_assembly.fasta	AI-5395_55_57_2	4232168	4233811	+	yagW/ecpD	1-1644/1644	===============	0/0	100.00	97.99	vfdb	NP_286007	(yagW/ecpD) polymerized tip adhesin of ECP fibers [ECP (VF0404)] [Escherichia coli O157:H7 str. EDL933]	
AI-5395_55_57_assembly.fasta	AI-5395_55_57_2	4233735	4234488	+	yagV/ecpE	1-754/756	===============	0/0	99.74	96.82	vfdb	NP_286006	(yagV/ecpE) E. coli common pilus chaperone EcpE [ECP (VF0404)] [Escherichia coli O157:H7 str. EDL933]	
AI-5395_55_57_assembly.fasta	AI-5395_55_57_2	4523435	4524856	+	espX1	1-1422/1422	===============	0/0	100.00	94.30	vfdb	NP_285716	(espX1) Type III secretion system effector EspX1 [LEE encoded T3SS (SS020)] [Escherichia coli O157:H7 str. EDL933]	
AI-5395_55_57_assembly.fasta	AI-5395_55_57_2	4635888	4636799	-	fimH	1-912/912	===============	0/0	100.00	97.70	vfdb	NP_757248	(fimH) FimH protein precursor [Type 1 fimbriae (VF0221)] [Escherichia coli CFT073]	
AI-5395_55_57_assembly.fasta	AI-5395_55_57_2	4636810	4637313	-	fimG	1-504/504	===============	0/0	100.00	98.41	vfdb	NP_757247	(fimG) FimG protein precursor [Type 1 fimbriae (VF0221)] [Escherichia coli CFT073]	
AI-5395_55_57_assembly.fasta	AI-5395_55_57_2	4637326	4637859	-	fimF	1-534/534	===============	0/0	100.00	97.75	vfdb	NP_757245	(fimF) FimF protein precursor [Type 1 fimbriae (VF0221)] [Escherichia coli CFT073]	
AI-5395_55_57_assembly.fasta	AI-5395_55_57_2	4637866	4640502	-	fimD	1-2637/2637	===============	0/0	100.00	98.79	vfdb	NP_757244	(fimD) Outer membrane usher protein fimD precursor [Type 1 fimbriae (VF0221)] [Escherichia coli CFT073]	
AI-5395_55_57_assembly.fasta	AI-5395_55_57_2	4640569	4641294	-	fimC	1-726/726	===============	0/0	100.00	98.62	vfdb	NP_757243	(fimC) Chaperone protein fimC precursor [Type 1 fimbriae (VF0221)] [Escherichia coli CFT073]	
AI-5395_55_57_assembly.fasta	AI-5395_55_57_2	4641331	4641870	-	fimI	1-540/540	===============	0/0	100.00	97.59	vfdb	NP_757242	(fimI) Fimbrin-like protein fimI precursor [Type 1 fimbriae (VF0221)] [Escherichia coli CFT073]	
AI-5395_55_57_assembly.fasta	AI-5395_55_57_2	4641935	4642540	-	fimA	1-606/606	===============	0/0	100.00	89.60	vfdb	NP_757241	(fimA) Type-1 fimbrial protein A chain precursor [Type 1 fimbriae (VF0221)] [Escherichia coli CFT073]	
AI-5395_55_57_assembly.fasta	AI-5395_55_57_2	4642964	4643560	-	fimE	1-597/597	===============	0/0	100.00	99.16	vfdb	NP_757240	(fimE) Type 1 fimbriae Regulatory protein fimE [Type 1 fimbriae (VF0221)] [Escherichia coli CFT073]	
AI-5395_55_57_assembly.fasta	AI-5395_55_57_2	4644038	4644640	-	fimB	1-603/603	===============	0/0	100.00	98.01	vfdb	NP_757239	(fimB) Type 1 fimbriae Regulatory protein fimB [Type 1 fimbriae (VF0221)] [Escherichia coli CFT073]	
AI-5395_55_57_assembly.fasta	AI-5395_55_57_2	4873270	4874562	+	espX5	1-1293/1293	===============	0/0	100.00	96.06	vfdb	NP_290699	(espX5) Type III secretion system effector EspX5 [LEE encoded T3SS (SS020)] [Escherichia coli O157:H7 str. EDL933]	
AI-5395_55_57_assembly.fasta	AI-5395_55_57_2	4904092	4905672	-	espX4	1-1581/1581	========/======	2/2	99.94	93.05	vfdb	NP_290672	(espX4) Type III secretion system effector EspX4 [LEE encoded T3SS (SS020)] [Escherichia coli O157:H7 str. EDL933]	
AI-5395_56_58_assembly.fasta	AI-5395_56_58_1	115293	116348	+	espR1	198-1253/1260	..=============	0/0	83.81	94.03	vfdb	NP_287686	(espR1) Type III secretion system effector espR1 [LEE encoded T3SS (SS020)] [Escherichia coli O157:H7 str. EDL933]	
AI-5395_56_58_assembly.fasta	AI-5395_56_58_1	615277	615732	-	csgB	1-456/456	========/======	2/2	99.78	83.81	vfdb	NP_460114	(csgB) minor curlin subunit precursor curli nucleator protein CsgB [Agf (VF0103)] [Salmonella enterica subsp. enterica serovar Typhimurium str. LT2]	
AI-5395_56_58_assembly.fasta	AI-5395_56_58_1	616486	617136	+	csgD	1-651/651	===============	0/0	100.00	81.11	vfdb	NP_460113	(csgD) DNA-binding transcriptional regulator CsgD [curli fibers/thin aggregative fimbriae (AGF) (AI094)] [Salmonella enterica subsp. enterica serovar Typhimurium str. LT2]	
AI-5395_56_58_assembly.fasta	AI-5395_56_58_1	617555	617971	+	csgF	1-417/417	========/======	3/8	99.04	81.23	vfdb	NP_460111	(csgF) curli production assembly/transport protein CsgF [Agf (VF0103)] [Salmonella enterica subsp. enterica serovar Typhimurium str. LT2]	
AI-5395_56_58_assembly.fasta	AI-5395_56_58_1	617998	618831	+	csgG	1-834/834	===============	0/0	100.00	83.09	vfdb	NP_460110	(csgG) curli production assembly/transport protein CsgG [Agf (VF0103)] [Salmonella enterica subsp. enterica serovar Typhimurium str. LT2]	
AI-5395_56_58_assembly.fasta	AI-5395_56_58_1	698697	699749	+	ompA	1-1041/1041	========/======	1/12	100.00	94.30	vfdb	AAF37887	(ompA) outer membrane protein A [OmpA (VF0236)] [Escherichia coli O18:K1:H7 str. RS218]	
AI-5395_56_58_assembly.fasta	AI-5395_56_58_1	1090743	1091489	-	entA	1-747/747	===============	0/0	100.00	95.05	vfdb	NP_752614	(entA) 23-dihydro-23-dihydroxybenzoate dehydrogenase [Enterobactin (VF0228)] [Escherichia coli CFT073]	
AI-5395_56_58_assembly.fasta	AI-5395_56_58_1	1091489	1092346	-	entB	1-858/858	===============	0/0	100.00	97.79	vfdb	NP_752613	(entB) isochorismatase [Enterobactin (VF0228)] [Escherichia coli CFT073]	
AI-5395_56_58_assembly.fasta	AI-5395_56_58_1	1092360	1093970	-	entE	1-1611/1611	===============	0/0	100.00	95.84	vfdb	NP_752612	(entE) 23-dihydroxybenzoate-AMP ligase component of enterobactin synthase multienzyme complex [Enterobactin (VF0228)] [Escherichia coli CFT073]	
AI-5395_56_58_assembly.fasta	AI-5395_56_58_1	1093980	1095167	-	entC	1-1188/1188	===============	0/0	100.00	97.90	vfdb	NP_752611	(entC) isochorismate synthase 1 [Enterobactin (VF0228)] [Escherichia coli CFT073]	
AI-5395_56_58_assembly.fasta	AI-5395_56_58_1	1095344	1096300	+	fepB	1-957/957	===============	0/0	100.00	97.39	vfdb	NP_752610	(fepB) ferrienterobactin ABC transporter periplasmic binding protein [Enterobactin (VF0228)] [Escherichia coli CFT073]	
AI-5395_56_58_assembly.fasta	AI-5395_56_58_1	1096304	1097554	-	entS	1-1251/1251	===============	0/0	100.00	95.60	vfdb	NP_752609	(entS) enterobactin exporter iron-regulated [enterobactin (IA019)] [Escherichia coli CFT073]	
AI-5395_56_58_assembly.fasta	AI-5395_56_58_1	1097653	1098669	+	fepD	1-1017/1017	===============	0/0	100.00	95.58	vfdb	NP_752608	(fepD) ferrienterobactin ABC transporter permease [Enterobactin (VF0228)] [Escherichia coli CFT073]	
AI-5395_56_58_assembly.fasta	AI-5395_56_58_1	1098666	1099658	+	fepG	1-993/993	===============	0/0	100.00	94.56	vfdb	NP_752607	(fepG) iron-enterobactin ABC transporter permease [Enterobactin (VF0228)] [Escherichia coli CFT073]	
AI-5395_56_58_assembly.fasta	AI-5395_56_58_1	1099655	1100470	+	fepC	1-816/816	===============	0/0	100.00	96.94	vfdb	NP_752606	(fepC) ferrienterobactin ABC transporter ATPase [Enterobactin (VF0228)] [Escherichia coli CFT073]	
AI-5395_56_58_assembly.fasta	AI-5395_56_58_1	1101844	1105697	-	entF	1-3854/3882	===============	0/0	99.28	95.61	vfdb	NP_752604	(entF) enterobactin synthase multienzyme complex component ATP-dependent [Enterobactin (VF0228)] [Escherichia coli CFT073]	
AI-5395_56_58_assembly.fasta	AI-5395_56_58_1	1105915	1107117	-	fes	1-1203/1203	===============	0/0	100.00	96.76	vfdb	NP_752602	(fes) enterobactin/ferric enterobactin esterase [enterobactin (IA019)] [Escherichia coli CFT073]	
AI-5395_56_58_assembly.fasta	AI-5395_56_58_1	1107360	1109600	+	fepA	1-2241/2241	===============	0/0	100.00	96.70	vfdb	NP_752600	(fepA) ferrienterobactin outer membrane transporter [Enterobactin (VF0228)] [Escherichia coli CFT073]	
AI-5395_56_58_assembly.fasta	AI-5395_56_58_1	1109625	1110395	+	entD	1-771/771	===============	0/0	100.00	93.90	vfdb	NP_752599	(entD) phosphopantetheinyl transferase component of enterobactin synthase multienzyme complex [Enterobactin (VF0228)] [Escherichia coli CFT073]	
AI-5395_56_58_assembly.fasta	AI-5395_56_58_1	1396643	1400868	-	fdeC	1-4229/4251	========/======	1/3	99.41	92.46	vfdb	YP_002390132	(fdeC) adhesin FdeC [FdeC (VF0506)] [Escherichia coli O45:K1:H7 str. S88]	
AI-5395_56_58_assembly.fasta	AI-5395_56_58_1	1403888	1404478	+	ykgK/ecpR	1-591/591	===============	0/0	100.00	97.63	vfdb	NP_286011	(ykgK/ecpR) regulator protein EcpR [ECP (VF0404)] [Escherichia coli O157:H7 str. EDL933]	
AI-5395_56_58_assembly.fasta	AI-5395_56_58_1	1404553	1405140	+	yagZ/ecpA	1-588/588	===============	0/0	100.00	99.15	vfdb	NP_286010	(yagZ/ecpA) E. coli common pilus structural subunit EcpA [ECP (VF0404)] [Escherichia coli O157:H7 str. EDL933]	
AI-5395_56_58_assembly.fasta	AI-5395_56_58_1	1405198	1405866	+	yagY/ecpB	1-669/669	===============	0/0	100.00	98.50	vfdb	NP_286009	(yagY/ecpB) E. coli common pilus chaperone EcpB [ECP (VF0404)] [Escherichia coli O157:H7 str. EDL933]	
AI-5395_56_58_assembly.fasta	AI-5395_56_58_1	1405892	1408417	+	yagX/ecpC	1-2526/2526	===============	0/0	100.00	98.65	vfdb	NP_286008	(yagX/ecpC) E. coli common pilus usher EcpC [ECP (VF0404)] [Escherichia coli O157:H7 str. EDL933]	
AI-5395_56_58_assembly.fasta	AI-5395_56_58_1	1408407	1410050	+	yagW/ecpD	1-1644/1644	===============	0/0	100.00	98.66	vfdb	NP_286007	(yagW/ecpD) polymerized tip adhesin of ECP fibers [ECP (VF0404)] [Escherichia coli O157:H7 str. EDL933]	
AI-5395_56_58_assembly.fasta	AI-5395_56_58_1	1409974	1410727	+	yagV/ecpE	1-754/756	===============	0/0	99.74	96.82	vfdb	NP_286006	(yagV/ecpE) E. coli common pilus chaperone EcpE [ECP (VF0404)] [Escherichia coli O157:H7 str. EDL933]	
AI-5395_56_58_assembly.fasta	AI-5395_56_58_2	344655	346076	+	espX1	1-1422/1422	===============	0/0	100.00	94.30	vfdb	NP_285716	(espX1) Type III secretion system effector EspX1 [LEE encoded T3SS (SS020)] [Escherichia coli O157:H7 str. EDL933]	
AI-5395_56_58_assembly.fasta	AI-5395_56_58_2	457005	457916	-	fimH	1-912/912	===============	0/0	100.00	97.81	vfdb	NP_757248	(fimH) FimH protein precursor [Type 1 fimbriae (VF0221)] [Escherichia coli CFT073]	
AI-5395_56_58_assembly.fasta	AI-5395_56_58_2	457927	458430	-	fimG	1-504/504	===============	0/0	100.00	97.22	vfdb	NP_757247	(fimG) FimG protein precursor [Type 1 fimbriae (VF0221)] [Escherichia coli CFT073]	
AI-5395_56_58_assembly.fasta	AI-5395_56_58_2	458443	458976	-	fimF	1-534/534	===============	0/0	100.00	96.63	vfdb	NP_757245	(fimF) FimF protein precursor [Type 1 fimbriae (VF0221)] [Escherichia coli CFT073]	
AI-5395_56_58_assembly.fasta	AI-5395_56_58_2	458983	461619	-	fimD	1-2637/2637	===============	0/0	100.00	98.64	vfdb	NP_757244	(fimD) Outer membrane usher protein fimD precursor [Type 1 fimbriae (VF0221)] [Escherichia coli CFT073]	
AI-5395_56_58_assembly.fasta	AI-5395_56_58_2	461686	462411	-	fimC	1-726/726	===============	0/0	100.00	98.07	vfdb	NP_757243	(fimC) Chaperone protein fimC precursor [Type 1 fimbriae (VF0221)] [Escherichia coli CFT073]	
AI-5395_56_58_assembly.fasta	AI-5395_56_58_2	462448	462987	-	fimI	1-540/540	===============	0/0	100.00	98.70	vfdb	NP_757242	(fimI) Fimbrin-like protein fimI precursor [Type 1 fimbriae (VF0221)] [Escherichia coli CFT073]	
AI-5395_56_58_assembly.fasta	AI-5395_56_58_2	463052	463657	-	fimA	1-606/606	===============	0/0	100.00	90.92	vfdb	NP_757241	(fimA) Type-1 fimbrial protein A chain precursor [Type 1 fimbriae (VF0221)] [Escherichia coli CFT073]	
AI-5395_56_58_assembly.fasta	AI-5395_56_58_2	464081	464677	-	fimE	1-597/597	===============	0/0	100.00	99.16	vfdb	NP_757240	(fimE) Type 1 fimbriae Regulatory protein fimE [Type 1 fimbriae (VF0221)] [Escherichia coli CFT073]	
AI-5395_56_58_assembly.fasta	AI-5395_56_58_2	465154	465756	-	fimB	1-603/603	===============	0/0	100.00	97.84	vfdb	NP_757239	(fimB) Type 1 fimbriae Regulatory protein fimB [Type 1 fimbriae (VF0221)] [Escherichia coli CFT073]	
AI-5395_56_58_assembly.fasta	AI-5395_56_58_2	684538	684654	-	astA	1-117/117	===============	0/0	100.00	95.73	vfdb	BAA94855	(astA) heat-stable enterotoxin 1 [EAST1 (VF0216)] [Escherichia coli O44:H18 042]	
AI-5395_56_58_assembly.fasta	AI-5395_56_58_2	772602	773894	+	espX5	1-1293/1293	===============	0/0	100.00	95.82	vfdb	NP_290699	(espX5) Type III secretion system effector EspX5 [LEE encoded T3SS (SS020)] [Escherichia coli O157:H7 str. EDL933]	
AI-5395_56_58_assembly.fasta	AI-5395_56_58_2	803446	805026	-	espX4	1-1581/1581	========/======	2/2	99.94	93.11	vfdb	NP_290672	(espX4) Type III secretion system effector EspX4 [LEE encoded T3SS (SS020)] [Escherichia coli O157:H7 str. EDL933]	
AI-5395_56_58_assembly.fasta	AI-5395_56_58_2	1987584	1988414	+	gspC	1-831/831	===============	0/0	100.00	95.07	vfdb	YP_404599	(gspC) general secretion pathway protein C [T2SS (VF0333)] [Shigella dysenteriae Sd197]	
AI-5395_56_58_assembly.fasta	AI-5395_56_58_2	1988654	1990504	+	gspD	1-1836/1836	========/======	1/15	100.00	97.46	vfdb	YP_404600	(gspD) general secretion pathway protein D [T2SS (VF0333)] [Shigella dysenteriae Sd197]	
AI-5395_56_58_assembly.fasta	AI-5395_56_58_2	1990504	1991997	+	gspE	1-1494/1494	===============	0/0	100.00	96.25	vfdb	YP_404601	(gspE) general secretion pathway protein E [T2SS (VF0333)] [Shigella dysenteriae Sd197]	
AI-5395_56_58_assembly.fasta	AI-5395_56_58_2	1991997	1993192	+	gspF	1-1196/1200	===============	0/0	99.67	96.41	vfdb	YP_404602	(gspF) general secretion pathway protein F [T2SS (VF0333)] [Shigella dysenteriae Sd197]	
AI-5395_56_58_assembly.fasta	AI-5395_56_58_2	1993237	1993692	+	gspG	1-456/456	===============	0/0	100.00	95.61	vfdb	YP_404603	(gspG) general secretion pathway protein G [T2SS (VF0333)] [Shigella dysenteriae Sd197]	
AI-5395_56_58_assembly.fasta	AI-5395_56_58_2	1993729	1994259	+	gspH	1-531/531	===============	0/0	100.00	96.05	vfdb	YP_404604	(gspH) general secretion pathway protein H [T2SS (VF0333)] [Shigella dysenteriae Sd197]	
AI-5395_56_58_assembly.fasta	AI-5395_56_58_2	1994256	1994627	+	gspI	1-372/372	===============	0/0	100.00	95.16	vfdb	YP_404605	(gspI) general secretion pathway protein I [T2SS (VF0333)] [Shigella dysenteriae Sd197]	
AI-5395_56_58_assembly.fasta	AI-5395_56_58_2	1994660	1995229	+	gspJ	1-570/570	===============	0/0	100.00	97.19	vfdb	YP_404606	(gspJ) general secretion pathway protein J [T2SS (VF0333)] [Shigella dysenteriae Sd197]	
AI-5395_56_58_assembly.fasta	AI-5395_56_58_2	1995226	1996203	+	gspK	1-978/978	===============	0/0	100.00	97.85	vfdb	YP_404607	(gspK) general secretion pathway protein K [T2SS (VF0333)] [Shigella dysenteriae Sd197]	
AI-5395_56_58_assembly.fasta	AI-5395_56_58_2	1996518	1997378	+	gspL	1-861/861	===============	0/0	100.00	97.56	vfdb	YP_404608	(gspL) general secretion pathway protein L [T2SS (VF0333)] [Shigella dysenteriae Sd197]	
AI-5395_56_58_assembly.fasta	AI-5395_56_58_2	1997494	1997916	+	gspM	1-423/423	===============	0/0	100.00	94.09	vfdb	YP_404609	(gspM) general secretion pathway protein M [T2SS (VF0333)] [Shigella dysenteriae Sd197]	
AI-5395_56_58_assembly.fasta	AI-5395_56_58_2	3363997	3365895	-	espL1	1-1899/1899	===============	0/0	100.00	96.89	vfdb	NP_288154	(espL1) Type III secretion system effector espL1 [LEE encoded T3SS (SS020)] [Escherichia coli O157:H7 str. EDL933]	
AI-5395_56_58_assembly.fasta	AI-5395_56_58_4	19150	21451	-	iutA	1-2280/2280	========/======	3/24	99.96	88.36	vfdb	NP_755498	(iutA) ferric aerobactin receptor precusor IutA [Aerobactin (VF0229)] [Escherichia coli CFT073]	
AI-5395_56_58_assembly.fasta	AI-5395_56_58_4	21389	22710	-	iucD	1-1323/1338	========/======	1/1	98.80	96.30	vfdb	NP_755499	(iucD) L-lysine 6-monooxygenase IucD [Aerobactin (VF0229)] [Escherichia coli CFT073]	
AI-5395_56_58_assembly.fasta	AI-5395_56_58_4	22707	24449	-	iucC	1-1743/1743	===============	0/0	100.00	96.04	vfdb	NP_755500	(iucC) aerobactin siderophore biosynthesis protein IucC [Aerobactin (VF0229)] [Escherichia coli CFT073]	
AI-5395_56_58_assembly.fasta	AI-5395_56_58_4	24449	25396	-	iucB	1-948/948	===============	0/0	100.00	95.57	vfdb	NP_755501	(iucB) aerobactin siderophore biosynthesis protein IucB [Aerobactin (VF0229)] [Escherichia coli CFT073]	
AI-5395_56_58_assembly.fasta	AI-5395_56_58_4	25397	27184	-	iucA	1-1788/1788	===============	0/0	100.00	94.24	vfdb	NP_755502	(iucA) aerobactin siderophore biosynthesis protein IucD [Aerobactin (VF0229)] [Escherichia coli CFT073]	
AI-5395_57_59_assembly.fasta	AI-5395_57_59_1	10485	11368	-	gtrB	1-883/930	========/======	1/1	94.95	83.37	vfdb	NP_706258	(gtrB) bactoprenol glucosyl transferase [LPS (VF0124)] [Shigella flexneri 2a str. 301]	
AI-5395_57_59_assembly.fasta	AI-5395_57_59_1	11365	11727	-	gtrA	1-363/363	===============	0/0	100.00	88.70	vfdb	NP_706257	(gtrA) bactoprenol-linked glucose translocase/flippase [LPS (VF0124)] [Shigella flexneri 2a str. 301]	
AI-5395_57_59_assembly.fasta	AI-5395_57_59_1	282256	284154	-	espL1	1-1899/1899	===============	0/0	100.00	94.89	vfdb	NP_288154	(espL1) Type III secretion system effector espL1 [LEE encoded T3SS (SS020)] [Escherichia coli O157:H7 str. EDL933]	
AI-5395_57_59_assembly.fasta	AI-5395_57_59_1	530210	531266	+	espR1	198-1253/1260	..======/======	1/1	83.81	94.04	vfdb	NP_287686	(espR1) Type III secretion system effector espR1 [LEE encoded T3SS (SS020)] [Escherichia coli O157:H7 str. EDL933]	
AI-5395_57_59_assembly.fasta	AI-5395_57_59_1	1049639	1050094	-	csgB	1-456/456	========/======	2/2	99.78	83.81	vfdb	NP_460114	(csgB) minor curlin subunit precursor curli nucleator protein CsgB [Agf (VF0103)] [Salmonella enterica subsp. enterica serovar Typhimurium str. LT2]	
AI-5395_57_59_assembly.fasta	AI-5395_57_59_1	1050848	1051498	+	csgD	1-651/651	===============	0/0	100.00	81.11	vfdb	NP_460113	(csgD) DNA-binding transcriptional regulator CsgD [curli fibers/thin aggregative fimbriae (AGF) (AI094)] [Salmonella enterica subsp. enterica serovar Typhimurium str. LT2]	
AI-5395_57_59_assembly.fasta	AI-5395_57_59_1	1051917	1052333	+	csgF	1-417/417	========/======	3/8	99.04	81.23	vfdb	NP_460111	(csgF) curli production assembly/transport protein CsgF [Agf (VF0103)] [Salmonella enterica subsp. enterica serovar Typhimurium str. LT2]	
AI-5395_57_59_assembly.fasta	AI-5395_57_59_1	1052360	1053193	+	csgG	1-834/834	===============	0/0	100.00	82.97	vfdb	NP_460110	(csgG) curli production assembly/transport protein CsgG [Agf (VF0103)] [Salmonella enterica subsp. enterica serovar Typhimurium str. LT2]	
AI-5395_57_59_assembly.fasta	AI-5395_57_59_1	1169711	1170751	+	ompA	1-1041/1041	===============	0/0	100.00	98.17	vfdb	AAF37887	(ompA) outer membrane protein A [OmpA (VF0236)] [Escherichia coli O18:K1:H7 str. RS218]	
AI-5395_57_59_assembly.fasta	AI-5395_57_59_1	1594384	1595130	-	entA	1-747/747	===============	0/0	100.00	95.05	vfdb	NP_752614	(entA) 23-dihydro-23-dihydroxybenzoate dehydrogenase [Enterobactin (VF0228)] [Escherichia coli CFT073]	
AI-5395_57_59_assembly.fasta	AI-5395_57_59_1	1595130	1595987	-	entB	1-858/858	===============	0/0	100.00	97.79	vfdb	NP_752613	(entB) isochorismatase [Enterobactin (VF0228)] [Escherichia coli CFT073]	
AI-5395_57_59_assembly.fasta	AI-5395_57_59_1	1596001	1597611	-	entE	1-1611/1611	===============	0/0	100.00	95.90	vfdb	NP_752612	(entE) 23-dihydroxybenzoate-AMP ligase component of enterobactin synthase multienzyme complex [Enterobactin (VF0228)] [Escherichia coli CFT073]	
AI-5395_57_59_assembly.fasta	AI-5395_57_59_1	1597621	1598808	-	entC	1-1188/1188	===============	0/0	100.00	97.90	vfdb	NP_752611	(entC) isochorismate synthase 1 [Enterobactin (VF0228)] [Escherichia coli CFT073]	
AI-5395_57_59_assembly.fasta	AI-5395_57_59_1	1598985	1599941	+	fepB	1-957/957	===============	0/0	100.00	97.39	vfdb	NP_752610	(fepB) ferrienterobactin ABC transporter periplasmic binding protein [Enterobactin (VF0228)] [Escherichia coli CFT073]	
AI-5395_57_59_assembly.fasta	AI-5395_57_59_1	1599945	1601195	-	entS	1-1251/1251	===============	0/0	100.00	95.60	vfdb	NP_752609	(entS) enterobactin exporter iron-regulated [enterobactin (IA019)] [Escherichia coli CFT073]	
AI-5395_57_59_assembly.fasta	AI-5395_57_59_1	1601294	1602310	+	fepD	1-1017/1017	===============	0/0	100.00	95.77	vfdb	NP_752608	(fepD) ferrienterobactin ABC transporter permease [Enterobactin (VF0228)] [Escherichia coli CFT073]	
AI-5395_57_59_assembly.fasta	AI-5395_57_59_1	1602307	1603299	+	fepG	1-993/993	===============	0/0	100.00	94.76	vfdb	NP_752607	(fepG) iron-enterobactin ABC transporter permease [Enterobactin (VF0228)] [Escherichia coli CFT073]	
AI-5395_57_59_assembly.fasta	AI-5395_57_59_1	1603296	1604111	+	fepC	1-816/816	===============	0/0	100.00	97.06	vfdb	NP_752606	(fepC) ferrienterobactin ABC transporter ATPase [Enterobactin (VF0228)] [Escherichia coli CFT073]	
AI-5395_57_59_assembly.fasta	AI-5395_57_59_1	1605485	1609338	-	entF	1-3854/3882	===============	0/0	99.28	95.75	vfdb	NP_752604	(entF) enterobactin synthase multienzyme complex component ATP-dependent [Enterobactin (VF0228)] [Escherichia coli CFT073]	
AI-5395_57_59_assembly.fasta	AI-5395_57_59_1	1609556	1610758	-	fes	1-1203/1203	===============	0/0	100.00	96.76	vfdb	NP_752602	(fes) enterobactin/ferric enterobactin esterase [enterobactin (IA019)] [Escherichia coli CFT073]	
AI-5395_57_59_assembly.fasta	AI-5395_57_59_1	1611001	1613241	+	fepA	1-2241/2241	===============	0/0	100.00	97.06	vfdb	NP_752600	(fepA) ferrienterobactin outer membrane transporter [Enterobactin (VF0228)] [Escherichia coli CFT073]	
AI-5395_57_59_assembly.fasta	AI-5395_57_59_1	1613266	1614036	+	entD	1-771/771	===============	0/0	100.00	94.03	vfdb	NP_752599	(entD) phosphopantetheinyl transferase component of enterobactin synthase multienzyme complex [Enterobactin (VF0228)] [Escherichia coli CFT073]	
AI-5395_57_59_assembly.fasta	AI-5395_57_59_1	1902925	1907150	-	fdeC	1-4229/4251	========/======	1/3	99.41	92.43	vfdb	YP_002390132	(fdeC) adhesin FdeC [FdeC (VF0506)] [Escherichia coli O45:K1:H7 str. S88]	
AI-5395_57_59_assembly.fasta	AI-5395_57_59_1	1910171	1910761	+	ykgK/ecpR	1-591/591	===============	0/0	100.00	97.80	vfdb	NP_286011	(ykgK/ecpR) regulator protein EcpR [ECP (VF0404)] [Escherichia coli O157:H7 str. EDL933]	
AI-5395_57_59_assembly.fasta	AI-5395_57_59_1	1910836	1911423	+	yagZ/ecpA	1-588/588	===============	0/0	100.00	99.15	vfdb	NP_286010	(yagZ/ecpA) E. coli common pilus structural subunit EcpA [ECP (VF0404)] [Escherichia coli O157:H7 str. EDL933]	
AI-5395_57_59_assembly.fasta	AI-5395_57_59_1	1911481	1912149	+	yagY/ecpB	1-669/669	===============	0/0	100.00	98.66	vfdb	NP_286009	(yagY/ecpB) E. coli common pilus chaperone EcpB [ECP (VF0404)] [Escherichia coli O157:H7 str. EDL933]	
AI-5395_57_59_assembly.fasta	AI-5395_57_59_1	1912175	1914700	+	yagX/ecpC	1-2526/2526	===============	0/0	100.00	98.61	vfdb	NP_286008	(yagX/ecpC) E. coli common pilus usher EcpC [ECP (VF0404)] [Escherichia coli O157:H7 str. EDL933]	
AI-5395_57_59_assembly.fasta	AI-5395_57_59_1	1914690	1916333	+	yagW/ecpD	1-1644/1644	===============	0/0	100.00	97.99	vfdb	NP_286007	(yagW/ecpD) polymerized tip adhesin of ECP fibers [ECP (VF0404)] [Escherichia coli O157:H7 str. EDL933]	
AI-5395_57_59_assembly.fasta	AI-5395_57_59_1	1916257	1917010	+	yagV/ecpE	1-754/756	===============	0/0	99.74	97.22	vfdb	NP_286006	(yagV/ecpE) E. coli common pilus chaperone EcpE [ECP (VF0404)] [Escherichia coli O157:H7 str. EDL933]	
AI-5395_57_59_assembly.fasta	AI-5395_57_59_1	2205371	2206792	+	espX1	1-1422/1422	===============	0/0	100.00	94.30	vfdb	NP_285716	(espX1) Type III secretion system effector EspX1 [LEE encoded T3SS (SS020)] [Escherichia coli O157:H7 str. EDL933]	
AI-5395_57_59_assembly.fasta	AI-5395_57_59_1	2317740	2318651	-	fimH	1-912/912	===============	0/0	100.00	97.48	vfdb	NP_757248	(fimH) FimH protein precursor [Type 1 fimbriae (VF0221)] [Escherichia coli CFT073]	
AI-5395_57_59_assembly.fasta	AI-5395_57_59_1	2318662	2319165	-	fimG	1-504/504	===============	0/0	100.00	97.82	vfdb	NP_757247	(fimG) FimG protein precursor [Type 1 fimbriae (VF0221)] [Escherichia coli CFT073]	
AI-5395_57_59_assembly.fasta	AI-5395_57_59_1	2319178	2319711	-	fimF	1-534/534	===============	0/0	100.00	97.94	vfdb	NP_757245	(fimF) FimF protein precursor [Type 1 fimbriae (VF0221)] [Escherichia coli CFT073]	
AI-5395_57_59_assembly.fasta	AI-5395_57_59_1	2319718	2322354	-	fimD	1-2637/2637	===============	0/0	100.00	98.64	vfdb	NP_757244	(fimD) Outer membrane usher protein fimD precursor [Type 1 fimbriae (VF0221)] [Escherichia coli CFT073]	
AI-5395_57_59_assembly.fasta	AI-5395_57_59_1	2322421	2323146	-	fimC	1-726/726	===============	0/0	100.00	98.21	vfdb	NP_757243	(fimC) Chaperone protein fimC precursor [Type 1 fimbriae (VF0221)] [Escherichia coli CFT073]	
AI-5395_57_59_assembly.fasta	AI-5395_57_59_1	2323183	2323722	-	fimI	1-540/540	===============	0/0	100.00	98.70	vfdb	NP_757242	(fimI) Fimbrin-like protein fimI precursor [Type 1 fimbriae (VF0221)] [Escherichia coli CFT073]	
AI-5395_57_59_assembly.fasta	AI-5395_57_59_1	2323787	2324392	-	fimA	1-606/606	===============	0/0	100.00	93.56	vfdb	NP_757241	(fimA) Type-1 fimbrial protein A chain precursor [Type 1 fimbriae (VF0221)] [Escherichia coli CFT073]	
AI-5395_57_59_assembly.fasta	AI-5395_57_59_1	2324816	2325412	-	fimE	1-597/597	===============	0/0	100.00	99.16	vfdb	NP_757240	(fimE) Type 1 fimbriae Regulatory protein fimE [Type 1 fimbriae (VF0221)] [Escherichia coli CFT073]	
AI-5395_57_59_assembly.fasta	AI-5395_57_59_1	2325890	2326492	-	fimB	1-603/603	===============	0/0	100.00	97.84	vfdb	NP_757239	(fimB) Type 1 fimbriae Regulatory protein fimB [Type 1 fimbriae (VF0221)] [Escherichia coli CFT073]	
AI-5395_57_59_assembly.fasta	AI-5395_57_59_1	2611881	2613173	+	espX5	1-1293/1293	===============	0/0	100.00	95.90	vfdb	NP_290699	(espX5) Type III secretion system effector EspX5 [LEE encoded T3SS (SS020)] [Escherichia coli O157:H7 str. EDL933]	
AI-5395_57_59_assembly.fasta	AI-5395_57_59_1	2642673	2644253	-	espX4	1-1581/1581	========/======	2/2	99.94	92.92	vfdb	NP_290672	(espX4) Type III secretion system effector EspX4 [LEE encoded T3SS (SS020)] [Escherichia coli O157:H7 str. EDL933]	
AI-5395_57_59_assembly.fasta	AI-5395_57_59_1	3789730	3790560	+	gspC	1-831/831	===============	0/0	100.00	94.83	vfdb	YP_404599	(gspC) general secretion pathway protein C [T2SS (VF0333)] [Shigella dysenteriae Sd197]	
AI-5395_57_59_assembly.fasta	AI-5395_57_59_1	3790800	3792650	+	gspD	1-1836/1836	========/======	1/15	100.00	96.65	vfdb	YP_404600	(gspD) general secretion pathway protein D [T2SS (VF0333)] [Shigella dysenteriae Sd197]	
AI-5395_57_59_assembly.fasta	AI-5395_57_59_1	3792650	3794143	+	gspE	1-1494/1494	===============	0/0	100.00	95.72	vfdb	YP_404601	(gspE) general secretion pathway protein E [T2SS (VF0333)] [Shigella dysenteriae Sd197]	
AI-5395_57_59_assembly.fasta	AI-5395_57_59_1	3794143	3795342	+	gspF	1-1200/1200	===============	0/0	100.00	96.83	vfdb	YP_404602	(gspF) general secretion pathway protein F [T2SS (VF0333)] [Shigella dysenteriae Sd197]	
AI-5395_57_59_assembly.fasta	AI-5395_57_59_1	3795383	3795838	+	gspG	1-456/456	===============	0/0	100.00	94.08	vfdb	YP_404603	(gspG) general secretion pathway protein G [T2SS (VF0333)] [Shigella dysenteriae Sd197]	
AI-5395_57_59_assembly.fasta	AI-5395_57_59_1	3795875	3796405	+	gspH	1-531/531	===============	0/0	100.00	96.61	vfdb	YP_404604	(gspH) general secretion pathway protein H [T2SS (VF0333)] [Shigella dysenteriae Sd197]	
AI-5395_57_59_assembly.fasta	AI-5395_57_59_1	3796402	3796773	+	gspI	1-372/372	===============	0/0	100.00	94.62	vfdb	YP_404605	(gspI) general secretion pathway protein I [T2SS (VF0333)] [Shigella dysenteriae Sd197]	
AI-5395_57_59_assembly.fasta	AI-5395_57_59_1	3796806	3797375	+	gspJ	1-570/570	===============	0/0	100.00	96.84	vfdb	YP_404606	(gspJ) general secretion pathway protein J [T2SS (VF0333)] [Shigella dysenteriae Sd197]	
AI-5395_57_59_assembly.fasta	AI-5395_57_59_1	3797372	3798349	+	gspK	1-978/978	===============	0/0	100.00	97.75	vfdb	YP_404607	(gspK) general secretion pathway protein K [T2SS (VF0333)] [Shigella dysenteriae Sd197]	
AI-5395_57_59_assembly.fasta	AI-5395_57_59_1	3798664	3799524	+	gspL	1-861/861	===============	0/0	100.00	97.79	vfdb	YP_404608	(gspL) general secretion pathway protein L [T2SS (VF0333)] [Shigella dysenteriae Sd197]	
AI-5395_57_59_assembly.fasta	AI-5395_57_59_1	3799640	3800062	+	gspM	1-423/423	===============	0/0	100.00	94.09	vfdb	YP_404609	(gspM) general secretion pathway protein M [T2SS (VF0333)] [Shigella dysenteriae Sd197]	
AI-5395_57_59_assembly.fasta	AI-5395_57_59_2	102398	104575	+	iroN	1-2178/2178	===============	0/0	100.00	99.08	vfdb	NP_753164	(iroN) salmochelin receptor IroN [IroN (VF0230)] [Escherichia coli CFT073]	
AI-5395_57_59_assembly.fasta	AI-5395_57_59_2	104620	105576	-	iroE	1-957/957	===============	0/0	100.00	99.58	vfdb	NP_753165	(iroE) esterase [Salmochelin (IA013)] [Escherichia coli CFT073]	
AI-5395_57_59_assembly.fasta	AI-5395_57_59_2	105661	106890	-	iroD	1-1230/1230	===============	0/0	100.00	98.94	vfdb	NP_753166	(iroD) esterase [Salmochelin (IA013)] [Escherichia coli CFT073]	
AI-5395_57_59_assembly.fasta	AI-5395_57_59_2	106994	110731	-	iroC	1-3738/3738	===============	0/0	100.00	99.22	vfdb	NP_753167	(iroC) ATP binding cassette transporter [Salmochelin (IA013)] [Escherichia coli CFT073]	
AI-5395_57_59_assembly.fasta	AI-5395_57_59_2	110794	111956	-	iroB	1-1163/1164	===============	0/0	99.91	98.37	vfdb	NP_753168	(iroB) glucosyltransferase IroB [Salmochelin (IA013)] [Escherichia coli CFT073]	
AI-5395_57_59_assembly.fasta	AI-5395_57_59_2	147024	148811	+	iucA	1-1788/1788	===============	0/0	100.00	94.18	vfdb	NP_755502	(iucA) aerobactin siderophore biosynthesis protein IucD [Aerobactin (VF0229)] [Escherichia coli CFT073]	
AI-5395_57_59_assembly.fasta	AI-5395_57_59_2	148812	149759	+	iucB	1-948/948	===============	0/0	100.00	95.67	vfdb	NP_755501	(iucB) aerobactin siderophore biosynthesis protein IucB [Aerobactin (VF0229)] [Escherichia coli CFT073]	
AI-5395_57_59_assembly.fasta	AI-5395_57_59_2	149759	151501	+	iucC	1-1743/1743	===============	0/0	100.00	96.04	vfdb	NP_755500	(iucC) aerobactin siderophore biosynthesis protein IucC [Aerobactin (VF0229)] [Escherichia coli CFT073]	
AI-5395_57_59_assembly.fasta	AI-5395_57_59_2	151498	152819	+	iucD	1-1323/1338	========/======	1/1	98.80	96.30	vfdb	NP_755499	(iucD) L-lysine 6-monooxygenase IucD [Aerobactin (VF0229)] [Escherichia coli CFT073]	
AI-5395_57_59_assembly.fasta	AI-5395_57_59_2	152757	155058	+	iutA	1-2280/2280	========/======	3/24	99.96	88.32	vfdb	NP_755498	(iutA) ferric aerobactin receptor precusor IutA [Aerobactin (VF0229)] [Escherichia coli CFT073]	
AI-5395_58_60_assembly.fasta	AI-5395_58_60_1	851445	853025	+	espX4	1-1581/1581	========/======	2/2	99.94	92.86	vfdb	NP_290672	(espX4) Type III secretion system effector EspX4 [LEE encoded T3SS (SS020)] [Escherichia coli O157:H7 str. EDL933]	
AI-5395_58_60_assembly.fasta	AI-5395_58_60_1	882556	883848	-	espX5	1-1293/1293	===============	0/0	100.00	95.67	vfdb	NP_290699	(espX5) Type III secretion system effector EspX5 [LEE encoded T3SS (SS020)] [Escherichia coli O157:H7 str. EDL933]	
AI-5395_58_60_assembly.fasta	AI-5395_58_60_1	1116568	1117170	+	fimB	1-603/603	===============	0/0	100.00	97.84	vfdb	NP_757239	(fimB) Type 1 fimbriae Regulatory protein fimB [Type 1 fimbriae (VF0221)] [Escherichia coli CFT073]	
AI-5395_58_60_assembly.fasta	AI-5395_58_60_1	1117648	1118244	+	fimE	1-597/597	===============	0/0	100.00	99.16	vfdb	NP_757240	(fimE) Type 1 fimbriae Regulatory protein fimE [Type 1 fimbriae (VF0221)] [Escherichia coli CFT073]	
AI-5395_58_60_assembly.fasta	AI-5395_58_60_1	1118668	1119273	+	fimA	1-606/606	===============	0/0	100.00	90.92	vfdb	NP_757241	(fimA) Type-1 fimbrial protein A chain precursor [Type 1 fimbriae (VF0221)] [Escherichia coli CFT073]	
AI-5395_58_60_assembly.fasta	AI-5395_58_60_1	1119338	1119877	+	fimI	1-540/540	===============	0/0	100.00	98.89	vfdb	NP_757242	(fimI) Fimbrin-like protein fimI precursor [Type 1 fimbriae (VF0221)] [Escherichia coli CFT073]	
AI-5395_58_60_assembly.fasta	AI-5395_58_60_1	1119914	1120639	+	fimC	1-726/726	===============	0/0	100.00	98.21	vfdb	NP_757243	(fimC) Chaperone protein fimC precursor [Type 1 fimbriae (VF0221)] [Escherichia coli CFT073]	
AI-5395_58_60_assembly.fasta	AI-5395_58_60_1	1120706	1123342	+	fimD	1-2637/2637	===============	0/0	100.00	98.56	vfdb	NP_757244	(fimD) Outer membrane usher protein fimD precursor [Type 1 fimbriae (VF0221)] [Escherichia coli CFT073]	
AI-5395_58_60_assembly.fasta	AI-5395_58_60_1	1123349	1123882	+	fimF	1-534/534	===============	0/0	100.00	96.63	vfdb	NP_757245	(fimF) FimF protein precursor [Type 1 fimbriae (VF0221)] [Escherichia coli CFT073]	
AI-5395_58_60_assembly.fasta	AI-5395_58_60_1	1123895	1124398	+	fimG	1-504/504	===============	0/0	100.00	97.82	vfdb	NP_757247	(fimG) FimG protein precursor [Type 1 fimbriae (VF0221)] [Escherichia coli CFT073]	
AI-5395_58_60_assembly.fasta	AI-5395_58_60_1	1124409	1125320	+	fimH	1-912/912	===============	0/0	100.00	97.59	vfdb	NP_757248	(fimH) FimH protein precursor [Type 1 fimbriae (VF0221)] [Escherichia coli CFT073]	
AI-5395_58_60_assembly.fasta	AI-5395_58_60_1	1244555	1245976	-	espX1	1-1422/1422	===============	0/0	100.00	94.80	vfdb	NP_285716	(espX1) Type III secretion system effector EspX1 [LEE encoded T3SS (SS020)] [Escherichia coli O157:H7 str. EDL933]	
AI-5395_58_60_assembly.fasta	AI-5395_58_60_1	1571347	1572100	-	yagV/ecpE	1-754/756	===============	0/0	99.74	96.68	vfdb	NP_286006	(yagV/ecpE) E. coli common pilus chaperone EcpE [ECP (VF0404)] [Escherichia coli O157:H7 str. EDL933]	
AI-5395_58_60_assembly.fasta	AI-5395_58_60_1	1572024	1573667	-	yagW/ecpD	1-1644/1644	===============	0/0	100.00	98.60	vfdb	NP_286007	(yagW/ecpD) polymerized tip adhesin of ECP fibers [ECP (VF0404)] [Escherichia coli O157:H7 str. EDL933]	
AI-5395_58_60_assembly.fasta	AI-5395_58_60_1	1573657	1576182	-	yagX/ecpC	1-2526/2526	===============	0/0	100.00	98.65	vfdb	NP_286008	(yagX/ecpC) E. coli common pilus usher EcpC [ECP (VF0404)] [Escherichia coli O157:H7 str. EDL933]	
AI-5395_58_60_assembly.fasta	AI-5395_58_60_1	1576208	1576876	-	yagY/ecpB	1-669/669	===============	0/0	100.00	98.66	vfdb	NP_286009	(yagY/ecpB) E. coli common pilus chaperone EcpB [ECP (VF0404)] [Escherichia coli O157:H7 str. EDL933]	
AI-5395_58_60_assembly.fasta	AI-5395_58_60_1	1576934	1577521	-	yagZ/ecpA	1-588/588	===============	0/0	100.00	99.32	vfdb	NP_286010	(yagZ/ecpA) E. coli common pilus structural subunit EcpA [ECP (VF0404)] [Escherichia coli O157:H7 str. EDL933]	
AI-5395_58_60_assembly.fasta	AI-5395_58_60_1	1577596	1578186	-	ykgK/ecpR	1-591/591	===============	0/0	100.00	97.46	vfdb	NP_286011	(ykgK/ecpR) regulator protein EcpR [ECP (VF0404)] [Escherichia coli O157:H7 str. EDL933]	
AI-5395_58_60_assembly.fasta	AI-5395_58_60_1	1581206	1585431	+	fdeC	1-4229/4251	========/======	1/3	99.41	91.63	vfdb	YP_002390132	(fdeC) adhesin FdeC [FdeC (VF0506)] [Escherichia coli O45:K1:H7 str. S88]	
AI-5395_58_60_assembly.fasta	AI-5395_58_60_1	1930833	1931603	-	entD	1-771/771	===============	0/0	100.00	94.42	vfdb	NP_752599	(entD) phosphopantetheinyl transferase component of enterobactin synthase multienzyme complex [Enterobactin (VF0228)] [Escherichia coli CFT073]	
AI-5395_58_60_assembly.fasta	AI-5395_58_60_1	1931628	1933868	-	fepA	1-2241/2241	===============	0/0	100.00	97.59	vfdb	NP_752600	(fepA) ferrienterobactin outer membrane transporter [Enterobactin (VF0228)] [Escherichia coli CFT073]	
AI-5395_58_60_assembly.fasta	AI-5395_58_60_1	1934111	1935313	+	fes	1-1203/1203	===============	0/0	100.00	96.84	vfdb	NP_752602	(fes) enterobactin/ferric enterobactin esterase [enterobactin (IA019)] [Escherichia coli CFT073]	
AI-5395_58_60_assembly.fasta	AI-5395_58_60_1	1935531	1939360	+	entF	1-3830/3882	===============	0/0	98.66	95.93	vfdb	NP_752604	(entF) enterobactin synthase multienzyme complex component ATP-dependent [Enterobactin (VF0228)] [Escherichia coli CFT073]	
AI-5395_58_60_assembly.fasta	AI-5395_58_60_1	1940759	1941574	-	fepC	1-816/816	===============	0/0	100.00	96.94	vfdb	NP_752606	(fepC) ferrienterobactin ABC transporter ATPase [Enterobactin (VF0228)] [Escherichia coli CFT073]	
AI-5395_58_60_assembly.fasta	AI-5395_58_60_1	1941571	1942563	-	fepG	1-993/993	===============	0/0	100.00	94.46	vfdb	NP_752607	(fepG) iron-enterobactin ABC transporter permease [Enterobactin (VF0228)] [Escherichia coli CFT073]	
AI-5395_58_60_assembly.fasta	AI-5395_58_60_1	1942560	1943576	-	fepD	1-1017/1017	===============	0/0	100.00	95.77	vfdb	NP_752608	(fepD) ferrienterobactin ABC transporter permease [Enterobactin (VF0228)] [Escherichia coli CFT073]	
AI-5395_58_60_assembly.fasta	AI-5395_58_60_1	1943675	1944925	+	entS	1-1251/1251	===============	0/0	100.00	95.60	vfdb	NP_752609	(entS) enterobactin exporter iron-regulated [enterobactin (IA019)] [Escherichia coli CFT073]	
AI-5395_58_60_assembly.fasta	AI-5395_58_60_1	1944929	1945885	-	fepB	1-957/957	===============	0/0	100.00	97.39	vfdb	NP_752610	(fepB) ferrienterobactin ABC transporter periplasmic binding protein [Enterobactin (VF0228)] [Escherichia coli CFT073]	
AI-5395_58_60_assembly.fasta	AI-5395_58_60_1	1946062	1947249	+	entC	1-1188/1188	===============	0/0	100.00	97.90	vfdb	NP_752611	(entC) isochorismate synthase 1 [Enterobactin (VF0228)] [Escherichia coli CFT073]	
AI-5395_58_60_assembly.fasta	AI-5395_58_60_1	1947259	1948869	+	entE	1-1611/1611	===============	0/0	100.00	95.78	vfdb	NP_752612	(entE) 23-dihydroxybenzoate-AMP ligase component of enterobactin synthase multienzyme complex [Enterobactin (VF0228)] [Escherichia coli CFT073]	
AI-5395_58_60_assembly.fasta	AI-5395_58_60_1	1948883	1949740	+	entB	1-858/858	===============	0/0	100.00	97.67	vfdb	NP_752613	(entB) isochorismatase [Enterobactin (VF0228)] [Escherichia coli CFT073]	
AI-5395_58_60_assembly.fasta	AI-5395_58_60_1	1949740	1950486	+	entA	1-747/747	===============	0/0	100.00	95.05	vfdb	NP_752614	(entA) 23-dihydro-23-dihydroxybenzoate dehydrogenase [Enterobactin (VF0228)] [Escherichia coli CFT073]	
AI-5395_58_60_assembly.fasta	AI-5395_58_60_1	2339737	2340777	-	ompA	1-1041/1041	===============	0/0	100.00	98.08	vfdb	AAF37887	(ompA) outer membrane protein A [OmpA (VF0236)] [Escherichia coli O18:K1:H7 str. RS218]	
AI-5395_58_60_assembly.fasta	AI-5395_58_60_1	2483267	2484100	-	csgG	1-834/834	===============	0/0	100.00	83.09	vfdb	NP_460110	(csgG) curli production assembly/transport protein CsgG [Agf (VF0103)] [Salmonella enterica subsp. enterica serovar Typhimurium str. LT2]	
AI-5395_58_60_assembly.fasta	AI-5395_58_60_1	2484127	2484543	-	csgF	1-417/417	========/======	3/8	99.04	81.23	vfdb	NP_460111	(csgF) curli production assembly/transport protein CsgF [Agf (VF0103)] [Salmonella enterica subsp. enterica serovar Typhimurium str. LT2]	
AI-5395_58_60_assembly.fasta	AI-5395_58_60_1	2484962	2485612	-	csgD	1-651/651	===============	0/0	100.00	81.11	vfdb	NP_460113	(csgD) DNA-binding transcriptional regulator CsgD [curli fibers/thin aggregative fimbriae (AGF) (AI094)] [Salmonella enterica subsp. enterica serovar Typhimurium str. LT2]	
AI-5395_58_60_assembly.fasta	AI-5395_58_60_1	2486366	2486821	+	csgB	1-456/456	========/======	2/2	99.78	83.81	vfdb	NP_460114	(csgB) minor curlin subunit precursor curli nucleator protein CsgB [Agf (VF0103)] [Salmonella enterica subsp. enterica serovar Typhimurium str. LT2]	
AI-5395_58_60_assembly.fasta	AI-5395_58_60_1	2986659	2987714	-	espR1	198-1253/1260	..=============	0/0	83.81	94.03	vfdb	NP_287686	(espR1) Type III secretion system effector espR1 [LEE encoded T3SS (SS020)] [Escherichia coli O157:H7 str. EDL933]	
AI-5395_58_60_assembly.fasta	AI-5395_58_60_1	3274636	3276534	+	espL1	1-1899/1899	===============	0/0	100.00	94.79	vfdb	NP_288154	(espL1) Type III secretion system effector espL1 [LEE encoded T3SS (SS020)] [Escherichia coli O157:H7 str. EDL933]	
AI-5395_58_60_assembly.fasta	AI-5395_58_60_1	4760193	4760615	-	gspM	1-423/423	===============	0/0	100.00	93.85	vfdb	YP_404609	(gspM) general secretion pathway protein M [T2SS (VF0333)] [Shigella dysenteriae Sd197]	
AI-5395_58_60_assembly.fasta	AI-5395_58_60_1	4760731	4761591	-	gspL	1-861/861	===============	0/0	100.00	97.21	vfdb	YP_404608	(gspL) general secretion pathway protein L [T2SS (VF0333)] [Shigella dysenteriae Sd197]	
AI-5395_58_60_assembly.fasta	AI-5395_58_60_1	4761906	4762883	-	gspK	1-978/978	===============	0/0	100.00	97.55	vfdb	YP_404607	(gspK) general secretion pathway protein K [T2SS (VF0333)] [Shigella dysenteriae Sd197]	
AI-5395_58_60_assembly.fasta	AI-5395_58_60_1	4762880	4763449	-	gspJ	1-570/570	===============	0/0	100.00	97.19	vfdb	YP_404606	(gspJ) general secretion pathway protein J [T2SS (VF0333)] [Shigella dysenteriae Sd197]	
AI-5395_58_60_assembly.fasta	AI-5395_58_60_1	4763482	4763853	-	gspI	1-372/372	===============	0/0	100.00	95.16	vfdb	YP_404605	(gspI) general secretion pathway protein I [T2SS (VF0333)] [Shigella dysenteriae Sd197]	
AI-5395_58_60_assembly.fasta	AI-5395_58_60_1	4763850	4764380	-	gspH	1-531/531	===============	0/0	100.00	96.05	vfdb	YP_404604	(gspH) general secretion pathway protein H [T2SS (VF0333)] [Shigella dysenteriae Sd197]	
AI-5395_58_60_assembly.fasta	AI-5395_58_60_1	4764417	4764872	-	gspG	1-456/456	===============	0/0	100.00	95.61	vfdb	YP_404603	(gspG) general secretion pathway protein G [T2SS (VF0333)] [Shigella dysenteriae Sd197]	
AI-5395_58_60_assembly.fasta	AI-5395_58_60_1	4764913	4766112	-	gspF	1-1200/1200	===============	0/0	100.00	96.17	vfdb	YP_404602	(gspF) general secretion pathway protein F [T2SS (VF0333)] [Shigella dysenteriae Sd197]	
AI-5395_58_60_assembly.fasta	AI-5395_58_60_1	4766112	4767604	-	gspE	1-1494/1494	========/======	1/1	99.93	96.19	vfdb	YP_404601	(gspE) general secretion pathway protein E [T2SS (VF0333)] [Shigella dysenteriae Sd197]	
AI-5395_58_60_assembly.fasta	AI-5395_58_60_1	4767604	4769454	-	gspD	1-1836/1836	========/======	1/15	100.00	97.57	vfdb	YP_404600	(gspD) general secretion pathway protein D [T2SS (VF0333)] [Shigella dysenteriae Sd197]	
AI-5395_58_60_assembly.fasta	AI-5395_58_60_1	4769694	4770524	-	gspC	1-831/831	===============	0/0	100.00	95.07	vfdb	YP_404599	(gspC) general secretion pathway protein C [T2SS (VF0333)] [Shigella dysenteriae Sd197]	
AI-5395_58_60_assembly.fasta	AI-5395_58_60_4	55532	57833	-	iutA	1-2280/2280	========/======	3/24	99.96	88.36	vfdb	NP_755498	(iutA) ferric aerobactin receptor precusor IutA [Aerobactin (VF0229)] [Escherichia coli CFT073]	
AI-5395_58_60_assembly.fasta	AI-5395_58_60_4	57771	59092	-	iucD	1-1323/1338	========/======	1/1	98.80	96.30	vfdb	NP_755499	(iucD) L-lysine 6-monooxygenase IucD [Aerobactin (VF0229)] [Escherichia coli CFT073]	
AI-5395_58_60_assembly.fasta	AI-5395_58_60_4	59089	60831	-	iucC	1-1743/1743	===============	0/0	100.00	96.04	vfdb	NP_755500	(iucC) aerobactin siderophore biosynthesis protein IucC [Aerobactin (VF0229)] [Escherichia coli CFT073]	
AI-5395_58_60_assembly.fasta	AI-5395_58_60_4	60831	61778	-	iucB	1-948/948	===============	0/0	100.00	95.57	vfdb	NP_755501	(iucB) aerobactin siderophore biosynthesis protein IucB [Aerobactin (VF0229)] [Escherichia coli CFT073]	
AI-5395_58_60_assembly.fasta	AI-5395_58_60_4	61779	63566	-	iucA	1-1788/1788	===============	0/0	100.00	94.24	vfdb	NP_755502	(iucA) aerobactin siderophore biosynthesis protein IucD [Aerobactin (VF0229)] [Escherichia coli CFT073]	
AI-5395_58_60_assembly.fasta	AI-5395_58_60_4	101109	102271	+	iroB	1-1163/1164	===============	0/0	99.91	98.37	vfdb	NP_753168	(iroB) glucosyltransferase IroB [Salmochelin (IA013)] [Escherichia coli CFT073]	
AI-5395_58_60_assembly.fasta	AI-5395_58_60_4	102334	106071	+	iroC	1-3738/3738	===============	0/0	100.00	99.25	vfdb	NP_753167	(iroC) ATP binding cassette transporter [Salmochelin (IA013)] [Escherichia coli CFT073]	
AI-5395_58_60_assembly.fasta	AI-5395_58_60_4	106175	107404	+	iroD	1-1230/1230	===============	0/0	100.00	99.11	vfdb	NP_753166	(iroD) esterase [Salmochelin (IA013)] [Escherichia coli CFT073]	
AI-5395_58_60_assembly.fasta	AI-5395_58_60_4	107489	108445	+	iroE	1-957/957	===============	0/0	100.00	99.48	vfdb	NP_753165	(iroE) esterase [Salmochelin (IA013)] [Escherichia coli CFT073]	
AI-5395_58_60_assembly.fasta	AI-5395_58_60_4	108490	110667	-	iroN	1-2178/2178	===============	0/0	100.00	99.08	vfdb	NP_753164	(iroN) salmochelin receptor IroN [IroN (VF0230)] [Escherichia coli CFT073]	
AI-5395_59_61_assembly.fasta	AI-5395_59_61_10	14469	18694	-	fdeC	1-4229/4251	========/======	1/3	99.41	91.63	vfdb	YP_002390132	(fdeC) adhesin FdeC [FdeC (VF0506)] [Escherichia coli O45:K1:H7 str. S88]	
AI-5395_59_61_assembly.fasta	AI-5395_59_61_10	21714	22304	+	ykgK/ecpR	1-591/591	===============	0/0	100.00	97.46	vfdb	NP_286011	(ykgK/ecpR) regulator protein EcpR [ECP (VF0404)] [Escherichia coli O157:H7 str. EDL933]	
AI-5395_59_61_assembly.fasta	AI-5395_59_61_10	22379	22966	+	yagZ/ecpA	1-588/588	===============	0/0	100.00	99.32	vfdb	NP_286010	(yagZ/ecpA) E. coli common pilus structural subunit EcpA [ECP (VF0404)] [Escherichia coli O157:H7 str. EDL933]	
AI-5395_59_61_assembly.fasta	AI-5395_59_61_10	23024	23692	+	yagY/ecpB	1-669/669	===============	0/0	100.00	98.66	vfdb	NP_286009	(yagY/ecpB) E. coli common pilus chaperone EcpB [ECP (VF0404)] [Escherichia coli O157:H7 str. EDL933]	
AI-5395_59_61_assembly.fasta	AI-5395_59_61_10	23718	26243	+	yagX/ecpC	1-2526/2526	===============	0/0	100.00	98.65	vfdb	NP_286008	(yagX/ecpC) E. coli common pilus usher EcpC [ECP (VF0404)] [Escherichia coli O157:H7 str. EDL933]	
AI-5395_59_61_assembly.fasta	AI-5395_59_61_10	26233	27876	+	yagW/ecpD	1-1644/1644	===============	0/0	100.00	98.60	vfdb	NP_286007	(yagW/ecpD) polymerized tip adhesin of ECP fibers [ECP (VF0404)] [Escherichia coli O157:H7 str. EDL933]	
AI-5395_59_61_assembly.fasta	AI-5395_59_61_10	27800	28553	+	yagV/ecpE	1-754/756	===============	0/0	99.74	96.68	vfdb	NP_286006	(yagV/ecpE) E. coli common pilus chaperone EcpE [ECP (VF0404)] [Escherichia coli O157:H7 str. EDL933]	
AI-5395_59_61_assembly.fasta	AI-5395_59_61_15	23197	24359	+	iroB	1-1163/1164	===============	0/0	99.91	98.37	vfdb	NP_753168	(iroB) glucosyltransferase IroB [Salmochelin (IA013)] [Escherichia coli CFT073]	
AI-5395_59_61_assembly.fasta	AI-5395_59_61_15	24422	28159	+	iroC	1-3738/3738	===============	0/0	100.00	99.25	vfdb	NP_753167	(iroC) ATP binding cassette transporter [Salmochelin (IA013)] [Escherichia coli CFT073]	
AI-5395_59_61_assembly.fasta	AI-5395_59_61_15	28263	29492	+	iroD	1-1230/1230	===============	0/0	100.00	99.11	vfdb	NP_753166	(iroD) esterase [Salmochelin (IA013)] [Escherichia coli CFT073]	
AI-5395_59_61_assembly.fasta	AI-5395_59_61_15	29577	30533	+	iroE	1-957/957	===============	0/0	100.00	99.48	vfdb	NP_753165	(iroE) esterase [Salmochelin (IA013)] [Escherichia coli CFT073]	
AI-5395_59_61_assembly.fasta	AI-5395_59_61_15	30578	32755	-	iroN	1-2178/2178	===============	0/0	100.00	99.04	vfdb	NP_753164	(iroN) salmochelin receptor IroN [IroN (VF0230)] [Escherichia coli CFT073]	
AI-5395_59_61_assembly.fasta	AI-5395_59_61_2	101047	101793	-	entA	1-747/747	===============	0/0	100.00	95.05	vfdb	NP_752614	(entA) 23-dihydro-23-dihydroxybenzoate dehydrogenase [Enterobactin (VF0228)] [Escherichia coli CFT073]	
AI-5395_59_61_assembly.fasta	AI-5395_59_61_2	101793	102650	-	entB	1-858/858	===============	0/0	100.00	97.67	vfdb	NP_752613	(entB) isochorismatase [Enterobactin (VF0228)] [Escherichia coli CFT073]	
AI-5395_59_61_assembly.fasta	AI-5395_59_61_2	102664	104274	-	entE	1-1611/1611	===============	0/0	100.00	95.78	vfdb	NP_752612	(entE) 23-dihydroxybenzoate-AMP ligase component of enterobactin synthase multienzyme complex [Enterobactin (VF0228)] [Escherichia coli CFT073]	
AI-5395_59_61_assembly.fasta	AI-5395_59_61_2	104284	105471	-	entC	1-1188/1188	===============	0/0	100.00	97.90	vfdb	NP_752611	(entC) isochorismate synthase 1 [Enterobactin (VF0228)] [Escherichia coli CFT073]	
AI-5395_59_61_assembly.fasta	AI-5395_59_61_2	105648	106604	+	fepB	1-957/957	===============	0/0	100.00	97.39	vfdb	NP_752610	(fepB) ferrienterobactin ABC transporter periplasmic binding protein [Enterobactin (VF0228)] [Escherichia coli CFT073]	
AI-5395_59_61_assembly.fasta	AI-5395_59_61_2	106608	107858	-	entS	1-1251/1251	===============	0/0	100.00	95.60	vfdb	NP_752609	(entS) enterobactin exporter iron-regulated [enterobactin (IA019)] [Escherichia coli CFT073]	
AI-5395_59_61_assembly.fasta	AI-5395_59_61_2	107957	108973	+	fepD	1-1017/1017	===============	0/0	100.00	95.77	vfdb	NP_752608	(fepD) ferrienterobactin ABC transporter permease [Enterobactin (VF0228)] [Escherichia coli CFT073]	
AI-5395_59_61_assembly.fasta	AI-5395_59_61_2	108970	109962	+	fepG	1-993/993	===============	0/0	100.00	94.46	vfdb	NP_752607	(fepG) iron-enterobactin ABC transporter permease [Enterobactin (VF0228)] [Escherichia coli CFT073]	
AI-5395_59_61_assembly.fasta	AI-5395_59_61_2	109959	110774	+	fepC	1-816/816	===============	0/0	100.00	96.94	vfdb	NP_752606	(fepC) ferrienterobactin ABC transporter ATPase [Enterobactin (VF0228)] [Escherichia coli CFT073]	
AI-5395_59_61_assembly.fasta	AI-5395_59_61_2	112173	116002	-	entF	1-3830/3882	===============	0/0	98.66	95.93	vfdb	NP_752604	(entF) enterobactin synthase multienzyme complex component ATP-dependent [Enterobactin (VF0228)] [Escherichia coli CFT073]	
AI-5395_59_61_assembly.fasta	AI-5395_59_61_2	116220	117422	-	fes	1-1203/1203	===============	0/0	100.00	96.84	vfdb	NP_752602	(fes) enterobactin/ferric enterobactin esterase [enterobactin (IA019)] [Escherichia coli CFT073]	
AI-5395_59_61_assembly.fasta	AI-5395_59_61_2	117665	119905	+	fepA	1-2241/2241	===============	0/0	100.00	97.59	vfdb	NP_752600	(fepA) ferrienterobactin outer membrane transporter [Enterobactin (VF0228)] [Escherichia coli CFT073]	
AI-5395_59_61_assembly.fasta	AI-5395_59_61_2	119930	120700	+	entD	1-771/771	===============	0/0	100.00	94.42	vfdb	NP_752599	(entD) phosphopantetheinyl transferase component of enterobactin synthase multienzyme complex [Enterobactin (VF0228)] [Escherichia coli CFT073]	
AI-5395_59_61_assembly.fasta	AI-5395_59_61_24	1719	3039	-	iucD	1-1323/1338	========/======	2/2	98.73	96.22	vfdb	NP_755499	(iucD) L-lysine 6-monooxygenase IucD [Aerobactin (VF0229)] [Escherichia coli CFT073]	
AI-5395_59_61_assembly.fasta	AI-5395_59_61_24	3036	4778	-	iucC	1-1743/1743	===============	0/0	100.00	96.04	vfdb	NP_755500	(iucC) aerobactin siderophore biosynthesis protein IucC [Aerobactin (VF0229)] [Escherichia coli CFT073]	
AI-5395_59_61_assembly.fasta	AI-5395_59_61_24	4778	5725	-	iucB	1-948/948	===============	0/0	100.00	95.57	vfdb	NP_755501	(iucB) aerobactin siderophore biosynthesis protein IucB [Aerobactin (VF0229)] [Escherichia coli CFT073]	
AI-5395_59_61_assembly.fasta	AI-5395_59_61_24	5726	7513	-	iucA	1-1788/1788	===============	0/0	100.00	94.24	vfdb	NP_755502	(iucA) aerobactin siderophore biosynthesis protein IucD [Aerobactin (VF0229)] [Escherichia coli CFT073]	
AI-5395_59_61_assembly.fasta	AI-5395_59_61_31	45030	46085	+	espR1	198-1253/1260	..=============	0/0	83.81	94.03	vfdb	NP_287686	(espR1) Type III secretion system effector espR1 [LEE encoded T3SS (SS020)] [Escherichia coli O157:H7 str. EDL933]	
AI-5395_59_61_assembly.fasta	AI-5395_59_61_32	58568	59023	-	csgB	1-456/456	========/======	2/2	99.78	83.81	vfdb	NP_460114	(csgB) minor curlin subunit precursor curli nucleator protein CsgB [Agf (VF0103)] [Salmonella enterica subsp. enterica serovar Typhimurium str. LT2]	
AI-5395_59_61_assembly.fasta	AI-5395_59_61_32	59776	60426	+	csgD	1-651/651	===============	0/0	100.00	81.11	vfdb	NP_460113	(csgD) DNA-binding transcriptional regulator CsgD [curli fibers/thin aggregative fimbriae (AGF) (AI094)] [Salmonella enterica subsp. enterica serovar Typhimurium str. LT2]	
AI-5395_59_61_assembly.fasta	AI-5395_59_61_32	60845	61261	+	csgF	1-417/417	========/======	3/8	99.04	81.23	vfdb	NP_460111	(csgF) curli production assembly/transport protein CsgF [Agf (VF0103)] [Salmonella enterica subsp. enterica serovar Typhimurium str. LT2]	
AI-5395_59_61_assembly.fasta	AI-5395_59_61_32	61288	62121	+	csgG	1-834/834	===============	0/0	100.00	83.09	vfdb	NP_460110	(csgG) curli production assembly/transport protein CsgG [Agf (VF0103)] [Salmonella enterica subsp. enterica serovar Typhimurium str. LT2]	
AI-5395_59_61_assembly.fasta	AI-5395_59_61_34	39654	41234	+	espX4	1-1581/1581	========/======	2/2	99.94	92.86	vfdb	NP_290672	(espX4) Type III secretion system effector EspX4 [LEE encoded T3SS (SS020)] [Escherichia coli O157:H7 str. EDL933]	
AI-5395_59_61_assembly.fasta	AI-5395_59_61_34	70765	72057	-	espX5	1-1293/1293	===============	0/0	100.00	95.67	vfdb	NP_290699	(espX5) Type III secretion system effector EspX5 [LEE encoded T3SS (SS020)] [Escherichia coli O157:H7 str. EDL933]	
AI-5395_59_61_assembly.fasta	AI-5395_59_61_34	304778	305380	+	fimB	1-603/603	===============	0/0	100.00	97.84	vfdb	NP_757239	(fimB) Type 1 fimbriae Regulatory protein fimB [Type 1 fimbriae (VF0221)] [Escherichia coli CFT073]	
AI-5395_59_61_assembly.fasta	AI-5395_59_61_34	305858	306454	+	fimE	1-597/597	===============	0/0	100.00	99.16	vfdb	NP_757240	(fimE) Type 1 fimbriae Regulatory protein fimE [Type 1 fimbriae (VF0221)] [Escherichia coli CFT073]	
AI-5395_59_61_assembly.fasta	AI-5395_59_61_34	306878	307483	+	fimA	1-606/606	===============	0/0	100.00	90.92	vfdb	NP_757241	(fimA) Type-1 fimbrial protein A chain precursor [Type 1 fimbriae (VF0221)] [Escherichia coli CFT073]	
AI-5395_59_61_assembly.fasta	AI-5395_59_61_34	307548	308087	+	fimI	1-540/540	===============	0/0	100.00	98.89	vfdb	NP_757242	(fimI) Fimbrin-like protein fimI precursor [Type 1 fimbriae (VF0221)] [Escherichia coli CFT073]	
AI-5395_59_61_assembly.fasta	AI-5395_59_61_34	308124	308849	+	fimC	1-726/726	===============	0/0	100.00	98.21	vfdb	NP_757243	(fimC) Chaperone protein fimC precursor [Type 1 fimbriae (VF0221)] [Escherichia coli CFT073]	
AI-5395_59_61_assembly.fasta	AI-5395_59_61_34	308916	311552	+	fimD	1-2637/2637	===============	0/0	100.00	98.56	vfdb	NP_757244	(fimD) Outer membrane usher protein fimD precursor [Type 1 fimbriae (VF0221)] [Escherichia coli CFT073]	
AI-5395_59_61_assembly.fasta	AI-5395_59_61_34	311559	312092	+	fimF	1-534/534	===============	0/0	100.00	96.63	vfdb	NP_757245	(fimF) FimF protein precursor [Type 1 fimbriae (VF0221)] [Escherichia coli CFT073]	
AI-5395_59_61_assembly.fasta	AI-5395_59_61_34	312105	312608	+	fimG	1-504/504	===============	0/0	100.00	97.82	vfdb	NP_757247	(fimG) FimG protein precursor [Type 1 fimbriae (VF0221)] [Escherichia coli CFT073]	
AI-5395_59_61_assembly.fasta	AI-5395_59_61_34	312619	313530	+	fimH	1-912/912	===============	0/0	100.00	97.59	vfdb	NP_757248	(fimH) FimH protein precursor [Type 1 fimbriae (VF0221)] [Escherichia coli CFT073]	
AI-5395_59_61_assembly.fasta	AI-5395_59_61_34	432765	434186	-	espX1	1-1422/1422	===============	0/0	100.00	94.80	vfdb	NP_285716	(espX1) Type III secretion system effector EspX1 [LEE encoded T3SS (SS020)] [Escherichia coli O157:H7 str. EDL933]	
AI-5395_59_61_assembly.fasta	AI-5395_59_61_39	127051	128949	-	espL1	1-1899/1899	===============	0/0	100.00	94.79	vfdb	NP_288154	(espL1) Type III secretion system effector espL1 [LEE encoded T3SS (SS020)] [Escherichia coli O157:H7 str. EDL933]	
AI-5395_59_61_assembly.fasta	AI-5395_59_61_6	31605	32027	-	gspM	1-423/423	===============	0/0	100.00	93.85	vfdb	YP_404609	(gspM) general secretion pathway protein M [T2SS (VF0333)] [Shigella dysenteriae Sd197]	
AI-5395_59_61_assembly.fasta	AI-5395_59_61_6	32143	33003	-	gspL	1-861/861	===============	0/0	100.00	97.21	vfdb	YP_404608	(gspL) general secretion pathway protein L [T2SS (VF0333)] [Shigella dysenteriae Sd197]	
AI-5395_59_61_assembly.fasta	AI-5395_59_61_6	33318	34295	-	gspK	1-978/978	===============	0/0	100.00	97.55	vfdb	YP_404607	(gspK) general secretion pathway protein K [T2SS (VF0333)] [Shigella dysenteriae Sd197]	
AI-5395_59_61_assembly.fasta	AI-5395_59_61_6	34292	34861	-	gspJ	1-570/570	===============	0/0	100.00	97.19	vfdb	YP_404606	(gspJ) general secretion pathway protein J [T2SS (VF0333)] [Shigella dysenteriae Sd197]	
AI-5395_59_61_assembly.fasta	AI-5395_59_61_6	34894	35265	-	gspI	1-372/372	===============	0/0	100.00	95.16	vfdb	YP_404605	(gspI) general secretion pathway protein I [T2SS (VF0333)] [Shigella dysenteriae Sd197]	
AI-5395_59_61_assembly.fasta	AI-5395_59_61_6	35262	35792	-	gspH	1-531/531	===============	0/0	100.00	96.05	vfdb	YP_404604	(gspH) general secretion pathway protein H [T2SS (VF0333)] [Shigella dysenteriae Sd197]	
AI-5395_59_61_assembly.fasta	AI-5395_59_61_6	35829	36284	-	gspG	1-456/456	===============	0/0	100.00	95.61	vfdb	YP_404603	(gspG) general secretion pathway protein G [T2SS (VF0333)] [Shigella dysenteriae Sd197]	
AI-5395_59_61_assembly.fasta	AI-5395_59_61_6	36325	37524	-	gspF	1-1200/1200	===============	0/0	100.00	96.17	vfdb	YP_404602	(gspF) general secretion pathway protein F [T2SS (VF0333)] [Shigella dysenteriae Sd197]	
AI-5395_59_61_assembly.fasta	AI-5395_59_61_6	37524	39016	-	gspE	1-1494/1494	========/======	1/1	99.93	96.19	vfdb	YP_404601	(gspE) general secretion pathway protein E [T2SS (VF0333)] [Shigella dysenteriae Sd197]	
AI-5395_59_61_assembly.fasta	AI-5395_59_61_6	39016	40866	-	gspD	1-1836/1836	========/======	1/15	100.00	97.57	vfdb	YP_404600	(gspD) general secretion pathway protein D [T2SS (VF0333)] [Shigella dysenteriae Sd197]	
AI-5395_59_61_assembly.fasta	AI-5395_59_61_6	41106	41936	-	gspC	1-831/831	===============	0/0	100.00	95.07	vfdb	YP_404599	(gspC) general secretion pathway protein C [T2SS (VF0333)] [Shigella dysenteriae Sd197]	
AI-5395_5_5_assembly.fasta	AI-5395_5_5_1	307901	309151	-	espR1	1-1251/1260	===============	0/0	99.29	94.25	vfdb	NP_287686	(espR1) Type III secretion system effector espR1 [LEE encoded T3SS (SS020)] [Escherichia coli O157:H7 str. EDL933]	
AI-5395_5_5_assembly.fasta	AI-5395_5_5_1	608457	610355	+	espL1	1-1899/1899	===============	0/0	100.00	96.68	vfdb	NP_288154	(espL1) Type III secretion system effector espL1 [LEE encoded T3SS (SS020)] [Escherichia coli O157:H7 str. EDL933]	
AI-5395_5_5_assembly.fasta	AI-5395_5_5_1	815552	816660	-	espR4	1-1113/1140	========/======	4/6	97.19	84.38	vfdb	NP_288396	(espR4) Type III secretion system effector espR4 [LEE encoded T3SS (SS020)] [Escherichia coli O157:H7 str. EDL933]	
AI-5395_5_5_assembly.fasta	AI-5395_5_5_1	2118751	2119172	-	gspM	1-422/423	===============	0/0	99.76	93.60	vfdb	YP_404609	(gspM) general secretion pathway protein M [T2SS (VF0333)] [Shigella dysenteriae Sd197]	
AI-5395_5_5_assembly.fasta	AI-5395_5_5_1	2119288	2120148	-	gspL	1-861/861	===============	0/0	100.00	94.89	vfdb	YP_404608	(gspL) general secretion pathway protein L [T2SS (VF0333)] [Shigella dysenteriae Sd197]	
AI-5395_5_5_assembly.fasta	AI-5395_5_5_1	2120463	2121440	-	gspK	1-978/978	===============	0/0	100.00	96.73	vfdb	YP_404607	(gspK) general secretion pathway protein K [T2SS (VF0333)] [Shigella dysenteriae Sd197]	
AI-5395_5_5_assembly.fasta	AI-5395_5_5_1	2121437	2122006	-	gspJ	1-570/570	===============	0/0	100.00	94.74	vfdb	YP_404606	(gspJ) general secretion pathway protein J [T2SS (VF0333)] [Shigella dysenteriae Sd197]	
AI-5395_5_5_assembly.fasta	AI-5395_5_5_1	2122039	2122410	-	gspI	1-372/372	===============	0/0	100.00	91.94	vfdb	YP_404605	(gspI) general secretion pathway protein I [T2SS (VF0333)] [Shigella dysenteriae Sd197]	
AI-5395_5_5_assembly.fasta	AI-5395_5_5_1	2122407	2122937	-	gspH	1-531/531	===============	0/0	100.00	95.10	vfdb	YP_404604	(gspH) general secretion pathway protein H [T2SS (VF0333)] [Shigella dysenteriae Sd197]	
AI-5395_5_5_assembly.fasta	AI-5395_5_5_1	2122974	2123429	-	gspG	1-456/456	===============	0/0	100.00	95.17	vfdb	YP_404603	(gspG) general secretion pathway protein G [T2SS (VF0333)] [Shigella dysenteriae Sd197]	
AI-5395_5_5_assembly.fasta	AI-5395_5_5_1	2123470	2124669	-	gspF	1-1200/1200	===============	0/0	100.00	94.83	vfdb	YP_404602	(gspF) general secretion pathway protein F [T2SS (VF0333)] [Shigella dysenteriae Sd197]	
AI-5395_5_5_assembly.fasta	AI-5395_5_5_1	2124669	2126162	-	gspE	1-1494/1494	===============	0/0	100.00	95.11	vfdb	YP_404601	(gspE) general secretion pathway protein E [T2SS (VF0333)] [Shigella dysenteriae Sd197]	
AI-5395_5_5_assembly.fasta	AI-5395_5_5_1	2126162	2128012	-	gspD	1-1836/1836	========/======	1/15	100.00	96.16	vfdb	YP_404600	(gspD) general secretion pathway protein D [T2SS (VF0333)] [Shigella dysenteriae Sd197]	
AI-5395_5_5_assembly.fasta	AI-5395_5_5_1	2128252	2129082	-	gspC	1-831/831	===============	0/0	100.00	94.47	vfdb	YP_404599	(gspC) general secretion pathway protein C [T2SS (VF0333)] [Shigella dysenteriae Sd197]	
AI-5395_5_5_assembly.fasta	AI-5395_5_5_1	2661980	2663008	-	chuS	1-1029/1029	===============	0/0	100.00	96.21	vfdb	NP_756169	(chuS) heme oxygenase ChuS [Chu (VF0227)] [Escherichia coli CFT073]	
AI-5395_5_5_assembly.fasta	AI-5395_5_5_1	2663057	2665039	-	shuA	1-1983/1983	===============	0/0	100.00	98.13	vfdb	YP_405019	(shuA) outer membrane heme/hemoglobin receptor ShuA [Shu (VF0256)] [Shigella dysenteriae Sd197]	
AI-5395_5_5_assembly.fasta	AI-5395_5_5_1	2665645	2666637	+	shuT	1-993/993	===============	0/0	100.00	98.29	vfdb	YP_405017	(shuT) periplasmic binding protein ShuT [Shu (VF0256)] [Shigella dysenteriae Sd197]	
AI-5395_5_5_assembly.fasta	AI-5395_5_5_1	2666657	2667994	+	chuW	1-1338/1338	===============	0/0	100.00	96.71	vfdb	NP_756176	(chuW) Putative oxygen independent coproporphyrinogen III oxidase [Chu (VF0227)] [Escherichia coli CFT073]	
AI-5395_5_5_assembly.fasta	AI-5395_5_5_1	2668007	2668501	+	shuX	1-495/495	===============	0/0	100.00	96.36	vfdb	YP_405016	(shuX) shu locus protein ShuX [Shu (VF0256)] [Shigella dysenteriae Sd197]	
AI-5395_5_5_assembly.fasta	AI-5395_5_5_1	2668501	2669124	+	chuY	1-624/624	===============	0/0	100.00	96.95	vfdb	NP_756178	(chuY) ChuY [Chu (VF0227)] [Escherichia coli CFT073]	
AI-5395_5_5_assembly.fasta	AI-5395_5_5_1	2669173	2670165	+	chuU	1-993/993	===============	0/0	100.00	98.59	vfdb	NP_756179	(chuU) heme permease protein ChuU [Chu (VF0227)] [Escherichia coli CFT073]	
AI-5395_5_5_assembly.fasta	AI-5395_5_5_1	2670132	2670932	+	chuV	1-801/801	===============	0/0	100.00	98.88	vfdb	NP_756180	(chuV) ATP-binding hydrophilic protein ChuV [Chu (VF0227)] [Escherichia coli CFT073]	
AI-5395_5_5_assembly.fasta	AI-5395_5_5_1	2939162	2941570	-	espY4	1-2409/2409	===============	0/0	100.00	96.26	vfdb	NP_290352	(espY4) Type III secretion system effector EspY4 [LEE encoded T3SS (SS020)] [Escherichia coli O157:H7 str. EDL933]	
AI-5395_5_5_assembly.fasta	AI-5395_5_5_1	3029083	3030511	-	aslA	1-1428/1428	========/======	1/1	100.00	97.20	vfdb	AAG10151	(aslA) putative arylsulfatase [AslA (VF0238)] [Escherichia coli O18:K1:H7 str. RS218]	
AI-5395_5_5_assembly.fasta	AI-5395_5_5_1	3267522	3269708	-	espL4	1-2187/2187	===============	0/0	100.00	97.07	vfdb	NP_290644	(espL4) Type III secretion system effector EspL4 [LEE encoded T3SS (SS020)] [Escherichia coli O157:H7 str. EDL933]	
AI-5395_5_5_assembly.fasta	AI-5395_5_5_1	3302044	3303624	+	espX4	1-1581/1581	===============	0/0	100.00	96.20	vfdb	NP_290672	(espX4) Type III secretion system effector EspX4 [LEE encoded T3SS (SS020)] [Escherichia coli O157:H7 str. EDL933]	
AI-5395_5_5_assembly.fasta	AI-5395_5_5_1	3333297	3334589	-	espX5	1-1293/1293	===============	0/0	100.00	95.98	vfdb	NP_290699	(espX5) Type III secretion system effector EspX5 [LEE encoded T3SS (SS020)] [Escherichia coli O157:H7 str. EDL933]	
AI-5395_5_5_assembly.fasta	AI-5395_5_5_1	3790991	3791593	+	fimB	1-603/603	===============	0/0	100.00	98.18	vfdb	NP_757239	(fimB) Type 1 fimbriae Regulatory protein fimB [Type 1 fimbriae (VF0221)] [Escherichia coli CFT073]	
AI-5395_5_5_assembly.fasta	AI-5395_5_5_1	3792071	3792667	+	fimE	1-597/597	===============	0/0	100.00	98.66	vfdb	NP_757240	(fimE) Type 1 fimbriae Regulatory protein fimE [Type 1 fimbriae (VF0221)] [Escherichia coli CFT073]	
AI-5395_5_5_assembly.fasta	AI-5395_5_5_1	3793092	3793697	+	fimA	1-606/606	===============	0/0	100.00	92.57	vfdb	NP_757241	(fimA) Type-1 fimbrial protein A chain precursor [Type 1 fimbriae (VF0221)] [Escherichia coli CFT073]	
AI-5395_5_5_assembly.fasta	AI-5395_5_5_1	3793762	3794301	+	fimI	1-540/540	===============	0/0	100.00	98.33	vfdb	NP_757242	(fimI) Fimbrin-like protein fimI precursor [Type 1 fimbriae (VF0221)] [Escherichia coli CFT073]	
AI-5395_5_5_assembly.fasta	AI-5395_5_5_1	3794338	3795063	+	fimC	1-726/726	===============	0/0	100.00	98.48	vfdb	NP_757243	(fimC) Chaperone protein fimC precursor [Type 1 fimbriae (VF0221)] [Escherichia coli CFT073]	
AI-5395_5_5_assembly.fasta	AI-5395_5_5_1	3795130	3797766	+	fimD	1-2637/2637	===============	0/0	100.00	98.26	vfdb	NP_757244	(fimD) Outer membrane usher protein fimD precursor [Type 1 fimbriae (VF0221)] [Escherichia coli CFT073]	
AI-5395_5_5_assembly.fasta	AI-5395_5_5_1	3797773	3798306	+	fimF	1-534/534	===============	0/0	100.00	97.38	vfdb	NP_757245	(fimF) FimF protein precursor [Type 1 fimbriae (VF0221)] [Escherichia coli CFT073]	
AI-5395_5_5_assembly.fasta	AI-5395_5_5_1	3798319	3798822	+	fimG	1-504/504	===============	0/0	100.00	97.82	vfdb	NP_757247	(fimG) FimG protein precursor [Type 1 fimbriae (VF0221)] [Escherichia coli CFT073]	
AI-5395_5_5_assembly.fasta	AI-5395_5_5_1	3798833	3799744	+	fimH	1-912/912	===============	0/0	100.00	97.26	vfdb	NP_757248	(fimH) FimH protein precursor [Type 1 fimbriae (VF0221)] [Escherichia coli CFT073]	
AI-5395_5_5_assembly.fasta	AI-5395_5_5_1	3934595	3936016	-	espX1	1-1422/1422	===============	0/0	100.00	95.71	vfdb	NP_285716	(espX1) Type III secretion system effector EspX1 [LEE encoded T3SS (SS020)] [Escherichia coli O157:H7 str. EDL933]	
AI-5395_5_5_assembly.fasta	AI-5395_5_5_1	3974240	3974961	+	espY1	1-753/753	========/======	2/31	95.88	88.58	vfdb	NP_285753	(espY1) Type III secretion system effector EspY1 [LEE encoded T3SS (SS020)] [Escherichia coli O157:H7 str. EDL933]	
AI-5395_5_5_assembly.fasta	AI-5395_5_5_1	3991457	3992007	+	espY2	1-551/570	========/======	2/2	96.49	88.04	vfdb	NP_285765	(espY2) Type III secretion system effector EspY2 [LEE encoded T3SS (SS020)] [Escherichia coli O157:H7 str. EDL933]	
AI-5395_5_5_assembly.fasta	AI-5395_5_5_1	4262822	4263575	-	yagV/ecpE	1-754/756	===============	0/0	99.74	97.22	vfdb	NP_286006	(yagV/ecpE) E. coli common pilus chaperone EcpE [ECP (VF0404)] [Escherichia coli O157:H7 str. EDL933]	
AI-5395_5_5_assembly.fasta	AI-5395_5_5_1	4263499	4265142	-	yagW/ecpD	1-1644/1644	===============	0/0	100.00	98.97	vfdb	NP_286007	(yagW/ecpD) polymerized tip adhesin of ECP fibers [ECP (VF0404)] [Escherichia coli O157:H7 str. EDL933]	
AI-5395_5_5_assembly.fasta	AI-5395_5_5_1	4265132	4267657	-	yagX/ecpC	1-2526/2526	===============	0/0	100.00	97.90	vfdb	NP_286008	(yagX/ecpC) E. coli common pilus usher EcpC [ECP (VF0404)] [Escherichia coli O157:H7 str. EDL933]	
AI-5395_5_5_assembly.fasta	AI-5395_5_5_1	4267683	4268351	-	yagY/ecpB	1-669/669	===============	0/0	100.00	98.36	vfdb	NP_286009	(yagY/ecpB) E. coli common pilus chaperone EcpB [ECP (VF0404)] [Escherichia coli O157:H7 str. EDL933]	
AI-5395_5_5_assembly.fasta	AI-5395_5_5_1	4268409	4268996	-	yagZ/ecpA	1-588/588	===============	0/0	100.00	98.81	vfdb	NP_286010	(yagZ/ecpA) E. coli common pilus structural subunit EcpA [ECP (VF0404)] [Escherichia coli O157:H7 str. EDL933]	
AI-5395_5_5_assembly.fasta	AI-5395_5_5_1	4269071	4269661	-	ykgK/ecpR	1-591/591	===============	0/0	100.00	98.98	vfdb	NP_286011	(ykgK/ecpR) regulator protein EcpR [ECP (VF0404)] [Escherichia coli O157:H7 str. EDL933]	
AI-5395_5_5_assembly.fasta	AI-5395_5_5_1	4279013	4283254	+	fdeC	1-4245/4251	========/======	3/5	99.76	92.72	vfdb	YP_002390132	(fdeC) adhesin FdeC [FdeC (VF0506)] [Escherichia coli O45:K1:H7 str. S88]	
AI-5395_5_5_assembly.fasta	AI-5395_5_5_1	4411395	4412966	-	espY3	1-1572/1572	===============	0/0	100.00	95.67	vfdb	NP_286160	(espY3) Type III secretion system effector EspY3 [LEE encoded T3SS (SS020)] [Escherichia coli O157:H7 str. EDL933]	
AI-5395_5_5_assembly.fasta	AI-5395_5_5_1	4644487	4645257	-	entD	1-771/771	===============	0/0	100.00	92.09	vfdb	NP_752599	(entD) phosphopantetheinyl transferase component of enterobactin synthase multienzyme complex [Enterobactin (VF0228)] [Escherichia coli CFT073]	
AI-5395_5_5_assembly.fasta	AI-5395_5_5_1	4645282	4647522	-	fepA	1-2241/2241	===============	0/0	100.00	96.79	vfdb	NP_752600	(fepA) ferrienterobactin outer membrane transporter [Enterobactin (VF0228)] [Escherichia coli CFT073]	
AI-5395_5_5_assembly.fasta	AI-5395_5_5_1	4647765	4648967	+	fes	1-1203/1203	===============	0/0	100.00	96.76	vfdb	NP_752602	(fes) enterobactin/ferric enterobactin esterase [enterobactin (IA019)] [Escherichia coli CFT073]	
AI-5395_5_5_assembly.fasta	AI-5395_5_5_1	4649185	4653038	+	entF	1-3854/3882	===============	0/0	99.28	95.43	vfdb	NP_752604	(entF) enterobactin synthase multienzyme complex component ATP-dependent [Enterobactin (VF0228)] [Escherichia coli CFT073]	
AI-5395_5_5_assembly.fasta	AI-5395_5_5_1	4654412	4655227	-	fepC	1-816/816	===============	0/0	100.00	96.81	vfdb	NP_752606	(fepC) ferrienterobactin ABC transporter ATPase [Enterobactin (VF0228)] [Escherichia coli CFT073]	
AI-5395_5_5_assembly.fasta	AI-5395_5_5_1	4655224	4656216	-	fepG	1-993/993	===============	0/0	100.00	94.26	vfdb	NP_752607	(fepG) iron-enterobactin ABC transporter permease [Enterobactin (VF0228)] [Escherichia coli CFT073]	
AI-5395_5_5_assembly.fasta	AI-5395_5_5_1	4656213	4657229	-	fepD	1-1017/1017	===============	0/0	100.00	96.17	vfdb	NP_752608	(fepD) ferrienterobactin ABC transporter permease [Enterobactin (VF0228)] [Escherichia coli CFT073]	
AI-5395_5_5_assembly.fasta	AI-5395_5_5_1	4657328	4658578	+	entS	1-1251/1251	===============	0/0	100.00	95.84	vfdb	NP_752609	(entS) enterobactin exporter iron-regulated [enterobactin (IA019)] [Escherichia coli CFT073]	
AI-5395_5_5_assembly.fasta	AI-5395_5_5_1	4658582	4659538	-	fepB	1-957/957	===============	0/0	100.00	97.91	vfdb	NP_752610	(fepB) ferrienterobactin ABC transporter periplasmic binding protein [Enterobactin (VF0228)] [Escherichia coli CFT073]	
AI-5395_5_5_assembly.fasta	AI-5395_5_5_1	4659715	4660902	+	entC	1-1188/1188	===============	0/0	100.00	96.89	vfdb	NP_752611	(entC) isochorismate synthase 1 [Enterobactin (VF0228)] [Escherichia coli CFT073]	
AI-5395_5_5_assembly.fasta	AI-5395_5_5_1	4660912	4662522	+	entE	1-1611/1611	===============	0/0	100.00	96.65	vfdb	NP_752612	(entE) 23-dihydroxybenzoate-AMP ligase component of enterobactin synthase multienzyme complex [Enterobactin (VF0228)] [Escherichia coli CFT073]	
AI-5395_5_5_assembly.fasta	AI-5395_5_5_1	4662536	4663393	+	entB	1-858/858	===============	0/0	100.00	98.37	vfdb	NP_752613	(entB) isochorismatase [Enterobactin (VF0228)] [Escherichia coli CFT073]	
AI-5395_5_5_assembly.fasta	AI-5395_5_5_1	4663393	4664139	+	entA	1-747/747	===============	0/0	100.00	95.98	vfdb	NP_752614	(entA) 23-dihydro-23-dihydroxybenzoate dehydrogenase [Enterobactin (VF0228)] [Escherichia coli CFT073]	
AI-5395_5_5_assembly.fasta	AI-5395_5_5_1	4872901	4873263	-	gtrA	1-363/363	===============	0/0	100.00	90.08	vfdb	NP_706257	(gtrA) bactoprenol-linked glucose translocase/flippase [LPS (VF0124)] [Shigella flexneri 2a str. 301]	
AI-5395_5_5_assembly.fasta	AI-5395_5_5_1	5090128	5091168	-	ompA	1-1041/1041	===============	0/0	100.00	99.14	vfdb	AAF37887	(ompA) outer membrane protein A [OmpA (VF0236)] [Escherichia coli O18:K1:H7 str. RS218]	
AI-5395_5_5_assembly.fasta	AI-5395_5_5_1	5154684	5155517	-	csgG	1-834/834	===============	0/0	100.00	83.33	vfdb	NP_460110	(csgG) curli production assembly/transport protein CsgG [Agf (VF0103)] [Salmonella enterica subsp. enterica serovar Typhimurium str. LT2]	
AI-5395_5_5_assembly.fasta	AI-5395_5_5_1	5155544	5155960	-	csgF	1-417/417	========/======	3/8	99.04	81.00	vfdb	NP_460111	(csgF) curli production assembly/transport protein CsgF [Agf (VF0103)] [Salmonella enterica subsp. enterica serovar Typhimurium str. LT2]	
AI-5395_5_5_assembly.fasta	AI-5395_5_5_1	5156379	5157029	-	csgD	1-651/651	===============	0/0	100.00	81.41	vfdb	NP_460113	(csgD) DNA-binding transcriptional regulator CsgD [curli fibers/thin aggregative fimbriae (AGF) (AI094)] [Salmonella enterica subsp. enterica serovar Typhimurium str. LT2]	
AI-5395_5_5_assembly.fasta	AI-5395_5_5_1	5157784	5158239	+	csgB	1-456/456	========/======	2/2	99.78	83.59	vfdb	NP_460114	(csgB) minor curlin subunit precursor curli nucleator protein CsgB [Agf (VF0103)] [Salmonella enterica subsp. enterica serovar Typhimurium str. LT2]	
AI-5395_5_5_assembly.fasta	AI-5395_5_5_3	43204	44991	+	iucA	1-1788/1788	===============	0/0	100.00	94.30	vfdb	NP_755502	(iucA) aerobactin siderophore biosynthesis protein IucD [Aerobactin (VF0229)] [Escherichia coli CFT073]	
AI-5395_5_5_assembly.fasta	AI-5395_5_5_3	44992	45939	+	iucB	1-948/948	===============	0/0	100.00	95.67	vfdb	NP_755501	(iucB) aerobactin siderophore biosynthesis protein IucB [Aerobactin (VF0229)] [Escherichia coli CFT073]	
AI-5395_5_5_assembly.fasta	AI-5395_5_5_3	45939	47681	+	iucC	1-1743/1743	===============	0/0	100.00	96.10	vfdb	NP_755500	(iucC) aerobactin siderophore biosynthesis protein IucC [Aerobactin (VF0229)] [Escherichia coli CFT073]	
AI-5395_5_5_assembly.fasta	AI-5395_5_5_3	47678	48999	+	iucD	1-1323/1338	========/======	1/1	98.80	96.30	vfdb	NP_755499	(iucD) L-lysine 6-monooxygenase IucD [Aerobactin (VF0229)] [Escherichia coli CFT073]	
AI-5395_5_5_assembly.fasta	AI-5395_5_5_3	48937	51238	+	iutA	1-2280/2280	========/======	3/24	99.96	88.41	vfdb	NP_755498	(iutA) ferric aerobactin receptor precusor IutA [Aerobactin (VF0229)] [Escherichia coli CFT073]	
AI-5395_60_62_assembly.fasta	AI-5395_60_62_1	170778	171589	-	espY1	1-753/753	========/======	3/61	99.87	86.96	vfdb	NP_285753	(espY1) Type III secretion system effector EspY1 [LEE encoded T3SS (SS020)] [Escherichia coli O157:H7 str. EDL933]	
AI-5395_60_62_assembly.fasta	AI-5395_60_62_1	209735	211156	+	espX1	1-1422/1422	===============	0/0	100.00	93.25	vfdb	NP_285716	(espX1) Type III secretion system effector EspX1 [LEE encoded T3SS (SS020)] [Escherichia coli O157:H7 str. EDL933]	
AI-5395_60_62_assembly.fasta	AI-5395_60_62_1	310323	311234	-	fimH	1-912/912	===============	0/0	100.00	97.37	vfdb	NP_757248	(fimH) FimH protein precursor [Type 1 fimbriae (VF0221)] [Escherichia coli CFT073]	
AI-5395_60_62_assembly.fasta	AI-5395_60_62_1	311245	311748	-	fimG	1-504/504	===============	0/0	100.00	97.82	vfdb	NP_757247	(fimG) FimG protein precursor [Type 1 fimbriae (VF0221)] [Escherichia coli CFT073]	
AI-5395_60_62_assembly.fasta	AI-5395_60_62_1	311761	312294	-	fimF	1-534/534	===============	0/0	100.00	97.94	vfdb	NP_757245	(fimF) FimF protein precursor [Type 1 fimbriae (VF0221)] [Escherichia coli CFT073]	
AI-5395_60_62_assembly.fasta	AI-5395_60_62_1	312301	314937	-	fimD	1-2637/2637	===============	0/0	100.00	98.60	vfdb	NP_757244	(fimD) Outer membrane usher protein fimD precursor [Type 1 fimbriae (VF0221)] [Escherichia coli CFT073]	
AI-5395_60_62_assembly.fasta	AI-5395_60_62_1	315004	315729	-	fimC	1-726/726	===============	0/0	100.00	98.90	vfdb	NP_757243	(fimC) Chaperone protein fimC precursor [Type 1 fimbriae (VF0221)] [Escherichia coli CFT073]	
AI-5395_60_62_assembly.fasta	AI-5395_60_62_1	315766	316305	-	fimI	1-540/540	===============	0/0	100.00	98.70	vfdb	NP_757242	(fimI) Fimbrin-like protein fimI precursor [Type 1 fimbriae (VF0221)] [Escherichia coli CFT073]	
AI-5395_60_62_assembly.fasta	AI-5395_60_62_1	316370	316981	-	fimA	1-606/606	========/======	1/6	100.00	88.56	vfdb	NP_757241	(fimA) Type-1 fimbrial protein A chain precursor [Type 1 fimbriae (VF0221)] [Escherichia coli CFT073]	
AI-5395_60_62_assembly.fasta	AI-5395_60_62_1	317408	318002	-	fimE	1-595/597	===============	0/0	99.66	99.33	vfdb	NP_757240	(fimE) Type 1 fimbriae Regulatory protein fimE [Type 1 fimbriae (VF0221)] [Escherichia coli CFT073]	
AI-5395_60_62_assembly.fasta	AI-5395_60_62_1	318479	319081	-	fimB	1-603/603	===============	0/0	100.00	98.18	vfdb	NP_757239	(fimB) Type 1 fimbriae Regulatory protein fimB [Type 1 fimbriae (VF0221)] [Escherichia coli CFT073]	
AI-5395_60_62_assembly.fasta	AI-5395_60_62_1	535280	536572	+	espX5	1-1293/1293	===============	0/0	100.00	97.14	vfdb	NP_290699	(espX5) Type III secretion system effector EspX5 [LEE encoded T3SS (SS020)] [Escherichia coli O157:H7 str. EDL933]	
AI-5395_60_62_assembly.fasta	AI-5395_60_62_1	585430	587010	-	espX4	1-1581/1581	========/======	2/2	99.94	93.24	vfdb	NP_290672	(espX4) Type III secretion system effector EspX4 [LEE encoded T3SS (SS020)] [Escherichia coli O157:H7 str. EDL933]	
AI-5395_60_62_assembly.fasta	AI-5395_60_62_1	615226	617137	+	espL4	1-1912/2187	==============.	0/0	87.43	97.23	vfdb	NP_290644	(espL4) Type III secretion system effector EspL4 [LEE encoded T3SS (SS020)] [Escherichia coli O157:H7 str. EDL933]	
AI-5395_60_62_assembly.fasta	AI-5395_60_62_1	852385	853813	+	aslA	1-1428/1428	========/======	1/1	100.00	93.56	vfdb	AAG10151	(aslA) putative arylsulfatase [AslA (VF0238)] [Escherichia coli O18:K1:H7 str. RS218]	
AI-5395_60_62_assembly.fasta	AI-5395_60_62_1	1737852	1738682	+	gspC	1-831/831	===============	0/0	100.00	95.43	vfdb	YP_404599	(gspC) general secretion pathway protein C [T2SS (VF0333)] [Shigella dysenteriae Sd197]	
AI-5395_60_62_assembly.fasta	AI-5395_60_62_1	1738922	1740772	+	gspD	1-1836/1836	========/======	1/15	100.00	97.14	vfdb	YP_404600	(gspD) general secretion pathway protein D [T2SS (VF0333)] [Shigella dysenteriae Sd197]	
AI-5395_60_62_assembly.fasta	AI-5395_60_62_1	1740772	1742265	+	gspE	1-1494/1494	===============	0/0	100.00	96.45	vfdb	YP_404601	(gspE) general secretion pathway protein E [T2SS (VF0333)] [Shigella dysenteriae Sd197]	
AI-5395_60_62_assembly.fasta	AI-5395_60_62_1	1742265	1743464	+	gspF	1-1200/1200	===============	0/0	100.00	96.08	vfdb	YP_404602	(gspF) general secretion pathway protein F [T2SS (VF0333)] [Shigella dysenteriae Sd197]	
AI-5395_60_62_assembly.fasta	AI-5395_60_62_1	1743505	1743960	+	gspG	1-456/456	===============	0/0	100.00	94.96	vfdb	YP_404603	(gspG) general secretion pathway protein G [T2SS (VF0333)] [Shigella dysenteriae Sd197]	
AI-5395_60_62_assembly.fasta	AI-5395_60_62_1	1743997	1744527	+	gspH	1-531/531	===============	0/0	100.00	95.48	vfdb	YP_404604	(gspH) general secretion pathway protein H [T2SS (VF0333)] [Shigella dysenteriae Sd197]	
AI-5395_60_62_assembly.fasta	AI-5395_60_62_1	1744524	1744895	+	gspI	1-372/372	===============	0/0	100.00	95.16	vfdb	YP_404605	(gspI) general secretion pathway protein I [T2SS (VF0333)] [Shigella dysenteriae Sd197]	
AI-5395_60_62_assembly.fasta	AI-5395_60_62_1	1744928	1745497	+	gspJ	1-570/570	===============	0/0	100.00	96.67	vfdb	YP_404606	(gspJ) general secretion pathway protein J [T2SS (VF0333)] [Shigella dysenteriae Sd197]	
AI-5395_60_62_assembly.fasta	AI-5395_60_62_1	1745494	1746471	+	gspK	1-978/978	===============	0/0	100.00	96.73	vfdb	YP_404607	(gspK) general secretion pathway protein K [T2SS (VF0333)] [Shigella dysenteriae Sd197]	
AI-5395_60_62_assembly.fasta	AI-5395_60_62_1	1746786	1747646	+	gspL	1-861/861	===============	0/0	100.00	97.10	vfdb	YP_404608	(gspL) general secretion pathway protein L [T2SS (VF0333)] [Shigella dysenteriae Sd197]	
AI-5395_60_62_assembly.fasta	AI-5395_60_62_1	1747762	1748184	+	gspM	1-423/423	===============	0/0	100.00	97.87	vfdb	YP_404609	(gspM) general secretion pathway protein M [T2SS (VF0333)] [Shigella dysenteriae Sd197]	
AI-5395_60_62_assembly.fasta	AI-5395_60_62_1	3052085	3053984	-	espL1	1-1899/1899	========/======	1/1	100.00	97.58	vfdb	NP_288154	(espL1) Type III secretion system effector espL1 [LEE encoded T3SS (SS020)] [Escherichia coli O157:H7 str. EDL933]	
AI-5395_60_62_assembly.fasta	AI-5395_60_62_1	3293192	3294245	+	espR1	198-1253/1260	..======/======	2/2	83.65	93.75	vfdb	NP_287686	(espR1) Type III secretion system effector espR1 [LEE encoded T3SS (SS020)] [Escherichia coli O157:H7 str. EDL933]	
AI-5395_60_62_assembly.fasta	AI-5395_60_62_1	3710729	3711184	-	csgB	1-456/456	========/======	2/2	99.78	83.81	vfdb	NP_460114	(csgB) minor curlin subunit precursor curli nucleator protein CsgB [Agf (VF0103)] [Salmonella enterica subsp. enterica serovar Typhimurium str. LT2]	
AI-5395_60_62_assembly.fasta	AI-5395_60_62_1	3711939	3712589	+	csgD	1-651/651	===============	0/0	100.00	81.11	vfdb	NP_460113	(csgD) DNA-binding transcriptional regulator CsgD [curli fibers/thin aggregative fimbriae (AGF) (AI094)] [Salmonella enterica subsp. enterica serovar Typhimurium str. LT2]	
AI-5395_60_62_assembly.fasta	AI-5395_60_62_1	3713008	3713424	+	csgF	1-417/417	========/======	3/8	99.04	81.23	vfdb	NP_460111	(csgF) curli production assembly/transport protein CsgF [Agf (VF0103)] [Salmonella enterica subsp. enterica serovar Typhimurium str. LT2]	
AI-5395_60_62_assembly.fasta	AI-5395_60_62_1	3713451	3714284	+	csgG	1-834/834	===============	0/0	100.00	83.45	vfdb	NP_460110	(csgG) curli production assembly/transport protein CsgG [Agf (VF0103)] [Salmonella enterica subsp. enterica serovar Typhimurium str. LT2]	
AI-5395_60_62_assembly.fasta	AI-5395_60_62_1	3794111	3795151	+	ompA	1-1041/1041	===============	0/0	100.00	98.08	vfdb	AAF37887	(ompA) outer membrane protein A [OmpA (VF0236)] [Escherichia coli O18:K1:H7 str. RS218]	
AI-5395_60_62_assembly.fasta	AI-5395_60_62_1	4232993	4233739	-	entA	1-747/747	===============	0/0	100.00	95.72	vfdb	NP_752614	(entA) 23-dihydro-23-dihydroxybenzoate dehydrogenase [Enterobactin (VF0228)] [Escherichia coli CFT073]	
AI-5395_60_62_assembly.fasta	AI-5395_60_62_1	4233739	4234596	-	entB	1-858/858	===============	0/0	100.00	98.14	vfdb	NP_752613	(entB) isochorismatase [Enterobactin (VF0228)] [Escherichia coli CFT073]	
AI-5395_60_62_assembly.fasta	AI-5395_60_62_1	4234610	4236220	-	entE	1-1611/1611	===============	0/0	100.00	95.47	vfdb	NP_752612	(entE) 23-dihydroxybenzoate-AMP ligase component of enterobactin synthase multienzyme complex [Enterobactin (VF0228)] [Escherichia coli CFT073]	
AI-5395_60_62_assembly.fasta	AI-5395_60_62_1	4236230	4237417	-	entC	1-1188/1188	===============	0/0	100.00	97.90	vfdb	NP_752611	(entC) isochorismate synthase 1 [Enterobactin (VF0228)] [Escherichia coli CFT073]	
AI-5395_60_62_assembly.fasta	AI-5395_60_62_1	4237780	4238736	+	fepB	1-957/957	===============	0/0	100.00	97.49	vfdb	NP_752610	(fepB) ferrienterobactin ABC transporter periplasmic binding protein [Enterobactin (VF0228)] [Escherichia coli CFT073]	
AI-5395_60_62_assembly.fasta	AI-5395_60_62_1	4238740	4239990	-	entS	1-1251/1251	===============	0/0	100.00	95.44	vfdb	NP_752609	(entS) enterobactin exporter iron-regulated [enterobactin (IA019)] [Escherichia coli CFT073]	
AI-5395_60_62_assembly.fasta	AI-5395_60_62_1	4240089	4241105	+	fepD	1-1017/1017	===============	0/0	100.00	96.07	vfdb	NP_752608	(fepD) ferrienterobactin ABC transporter permease [Enterobactin (VF0228)] [Escherichia coli CFT073]	
AI-5395_60_62_assembly.fasta	AI-5395_60_62_1	4241102	4242094	+	fepG	1-993/993	===============	0/0	100.00	94.06	vfdb	NP_752607	(fepG) iron-enterobactin ABC transporter permease [Enterobactin (VF0228)] [Escherichia coli CFT073]	
AI-5395_60_62_assembly.fasta	AI-5395_60_62_1	4242091	4242906	+	fepC	1-816/816	===============	0/0	100.00	97.30	vfdb	NP_752606	(fepC) ferrienterobactin ABC transporter ATPase [Enterobactin (VF0228)] [Escherichia coli CFT073]	
AI-5395_60_62_assembly.fasta	AI-5395_60_62_1	4244280	4248133	-	entF	1-3854/3882	===============	0/0	99.28	95.69	vfdb	NP_752604	(entF) enterobactin synthase multienzyme complex component ATP-dependent [Enterobactin (VF0228)] [Escherichia coli CFT073]	
AI-5395_60_62_assembly.fasta	AI-5395_60_62_1	4248351	4249553	-	fes	1-1203/1203	===============	0/0	100.00	96.67	vfdb	NP_752602	(fes) enterobactin/ferric enterobactin esterase [enterobactin (IA019)] [Escherichia coli CFT073]	
AI-5395_60_62_assembly.fasta	AI-5395_60_62_1	4249796	4252036	+	fepA	1-2241/2241	===============	0/0	100.00	96.74	vfdb	NP_752600	(fepA) ferrienterobactin outer membrane transporter [Enterobactin (VF0228)] [Escherichia coli CFT073]	
AI-5395_60_62_assembly.fasta	AI-5395_60_62_1	4252061	4252831	+	entD	1-771/771	===============	0/0	100.00	95.20	vfdb	NP_752599	(entD) phosphopantetheinyl transferase component of enterobactin synthase multienzyme complex [Enterobactin (VF0228)] [Escherichia coli CFT073]	
AI-5395_60_62_assembly.fasta	AI-5395_60_62_1	4539788	4544036	-	fdeC	1-4246/4251	========/======	1/3	99.88	94.26	vfdb	YP_002390132	(fdeC) adhesin FdeC [FdeC (VF0506)] [Escherichia coli O45:K1:H7 str. S88]	
AI-5395_60_62_assembly.fasta	AI-5395_60_62_2	89300	91477	+	iroN	1-2178/2178	===============	0/0	100.00	99.13	vfdb	NP_753164	(iroN) salmochelin receptor IroN [IroN (VF0230)] [Escherichia coli CFT073]	
AI-5395_60_62_assembly.fasta	AI-5395_60_62_2	91522	92478	-	iroE	1-957/957	===============	0/0	100.00	99.48	vfdb	NP_753165	(iroE) esterase [Salmochelin (IA013)] [Escherichia coli CFT073]	
AI-5395_60_62_assembly.fasta	AI-5395_60_62_2	92563	93792	-	iroD	1-1230/1230	===============	0/0	100.00	98.54	vfdb	NP_753166	(iroD) esterase [Salmochelin (IA013)] [Escherichia coli CFT073]	
AI-5395_60_62_assembly.fasta	AI-5395_60_62_2	93896	97633	-	iroC	1-3738/3738	===============	0/0	100.00	99.14	vfdb	NP_753167	(iroC) ATP binding cassette transporter [Salmochelin (IA013)] [Escherichia coli CFT073]	
AI-5395_60_62_assembly.fasta	AI-5395_60_62_2	97696	98858	-	iroB	1-1163/1164	===============	0/0	99.91	98.37	vfdb	NP_753168	(iroB) glucosyltransferase IroB [Salmochelin (IA013)] [Escherichia coli CFT073]	
AI-5395_60_62_assembly.fasta	AI-5395_60_62_2	140372	142159	+	iucA	1-1788/1788	===============	0/0	100.00	94.30	vfdb	NP_755502	(iucA) aerobactin siderophore biosynthesis protein IucD [Aerobactin (VF0229)] [Escherichia coli CFT073]	
AI-5395_60_62_assembly.fasta	AI-5395_60_62_2	142160	143107	+	iucB	1-948/948	===============	0/0	100.00	95.67	vfdb	NP_755501	(iucB) aerobactin siderophore biosynthesis protein IucB [Aerobactin (VF0229)] [Escherichia coli CFT073]	
AI-5395_60_62_assembly.fasta	AI-5395_60_62_2	143107	144849	+	iucC	1-1743/1743	===============	0/0	100.00	96.04	vfdb	NP_755500	(iucC) aerobactin siderophore biosynthesis protein IucC [Aerobactin (VF0229)] [Escherichia coli CFT073]	
AI-5395_60_62_assembly.fasta	AI-5395_60_62_2	144846	146167	+	iucD	1-1323/1338	========/======	1/1	98.80	96.30	vfdb	NP_755499	(iucD) L-lysine 6-monooxygenase IucD [Aerobactin (VF0229)] [Escherichia coli CFT073]	
AI-5395_60_62_assembly.fasta	AI-5395_60_62_2	146105	148406	+	iutA	1-2280/2280	========/======	3/24	99.96	88.41	vfdb	NP_755498	(iutA) ferric aerobactin receptor precusor IutA [Aerobactin (VF0229)] [Escherichia coli CFT073]	
AI-5395_61_63_assembly.fasta	AI-5395_61_63_1	756023	757158	+	espR4	1-1140/1140	========/======	4/6	99.56	84.49	vfdb	NP_288396	(espR4) Type III secretion system effector espR4 [LEE encoded T3SS (SS020)] [Escherichia coli O157:H7 str. EDL933]	
AI-5395_61_63_assembly.fasta	AI-5395_61_63_1	1213681	1214736	+	espR1	198-1253/1260	..=============	0/0	83.81	94.03	vfdb	NP_287686	(espR1) Type III secretion system effector espR1 [LEE encoded T3SS (SS020)] [Escherichia coli O157:H7 str. EDL933]	
AI-5395_61_63_assembly.fasta	AI-5395_61_63_1	1493703	1493819	+	astA	1-117/117	===============	0/0	100.00	98.29	vfdb	BAA94855	(astA) heat-stable enterotoxin 1 [EAST1 (VF0216)] [Escherichia coli O44:H18 042]	
AI-5395_61_63_assembly.fasta	AI-5395_61_63_1	1666532	1666987	-	csgB	1-456/456	========/======	2/2	99.78	83.59	vfdb	NP_460114	(csgB) minor curlin subunit precursor curli nucleator protein CsgB [Agf (VF0103)] [Salmonella enterica subsp. enterica serovar Typhimurium str. LT2]	
AI-5395_61_63_assembly.fasta	AI-5395_61_63_1	1667742	1668392	+	csgD	1-651/651	===============	0/0	100.00	81.26	vfdb	NP_460113	(csgD) DNA-binding transcriptional regulator CsgD [curli fibers/thin aggregative fimbriae (AGF) (AI094)] [Salmonella enterica subsp. enterica serovar Typhimurium str. LT2]	
AI-5395_61_63_assembly.fasta	AI-5395_61_63_1	1668811	1669227	+	csgF	1-417/417	========/======	3/8	99.04	81.23	vfdb	NP_460111	(csgF) curli production assembly/transport protein CsgF [Agf (VF0103)] [Salmonella enterica subsp. enterica serovar Typhimurium str. LT2]	
AI-5395_61_63_assembly.fasta	AI-5395_61_63_1	1669254	1670087	+	csgG	1-834/834	===============	0/0	100.00	83.33	vfdb	NP_460110	(csgG) curli production assembly/transport protein CsgG [Agf (VF0103)] [Salmonella enterica subsp. enterica serovar Typhimurium str. LT2]	
AI-5395_61_63_assembly.fasta	AI-5395_61_63_1	1750698	1751738	+	ompA	1-1041/1041	===============	0/0	100.00	98.17	vfdb	AAF37887	(ompA) outer membrane protein A [OmpA (VF0236)] [Escherichia coli O18:K1:H7 str. RS218]	
AI-5395_61_63_assembly.fasta	AI-5395_61_63_1	2190459	2191205	-	entA	1-747/747	===============	0/0	100.00	95.72	vfdb	NP_752614	(entA) 23-dihydro-23-dihydroxybenzoate dehydrogenase [Enterobactin (VF0228)] [Escherichia coli CFT073]	
AI-5395_61_63_assembly.fasta	AI-5395_61_63_1	2191205	2192062	-	entB	1-858/858	===============	0/0	100.00	98.14	vfdb	NP_752613	(entB) isochorismatase [Enterobactin (VF0228)] [Escherichia coli CFT073]	
AI-5395_61_63_assembly.fasta	AI-5395_61_63_1	2192076	2193686	-	entE	1-1611/1611	===============	0/0	100.00	95.59	vfdb	NP_752612	(entE) 23-dihydroxybenzoate-AMP ligase component of enterobactin synthase multienzyme complex [Enterobactin (VF0228)] [Escherichia coli CFT073]	
AI-5395_61_63_assembly.fasta	AI-5395_61_63_1	2193696	2194883	-	entC	1-1188/1188	===============	0/0	100.00	97.56	vfdb	NP_752611	(entC) isochorismate synthase 1 [Enterobactin (VF0228)] [Escherichia coli CFT073]	
AI-5395_61_63_assembly.fasta	AI-5395_61_63_1	2195060	2196016	+	fepB	1-957/957	===============	0/0	100.00	97.49	vfdb	NP_752610	(fepB) ferrienterobactin ABC transporter periplasmic binding protein [Enterobactin (VF0228)] [Escherichia coli CFT073]	
AI-5395_61_63_assembly.fasta	AI-5395_61_63_1	2196020	2197270	-	entS	1-1251/1251	===============	0/0	100.00	95.68	vfdb	NP_752609	(entS) enterobactin exporter iron-regulated [enterobactin (IA019)] [Escherichia coli CFT073]	
AI-5395_61_63_assembly.fasta	AI-5395_61_63_1	2197369	2198385	+	fepD	1-1017/1017	===============	0/0	100.00	95.48	vfdb	NP_752608	(fepD) ferrienterobactin ABC transporter permease [Enterobactin (VF0228)] [Escherichia coli CFT073]	
AI-5395_61_63_assembly.fasta	AI-5395_61_63_1	2198382	2199374	+	fepG	1-993/993	===============	0/0	100.00	94.76	vfdb	NP_752607	(fepG) iron-enterobactin ABC transporter permease [Enterobactin (VF0228)] [Escherichia coli CFT073]	
AI-5395_61_63_assembly.fasta	AI-5395_61_63_1	2199371	2200186	+	fepC	1-816/816	===============	0/0	100.00	96.69	vfdb	NP_752606	(fepC) ferrienterobactin ABC transporter ATPase [Enterobactin (VF0228)] [Escherichia coli CFT073]	
AI-5395_61_63_assembly.fasta	AI-5395_61_63_1	2201560	2205413	-	entF	1-3854/3882	===============	0/0	99.28	95.61	vfdb	NP_752604	(entF) enterobactin synthase multienzyme complex component ATP-dependent [Enterobactin (VF0228)] [Escherichia coli CFT073]	
AI-5395_61_63_assembly.fasta	AI-5395_61_63_1	2205631	2206833	-	fes	1-1203/1203	===============	0/0	100.00	96.59	vfdb	NP_752602	(fes) enterobactin/ferric enterobactin esterase [enterobactin (IA019)] [Escherichia coli CFT073]	
AI-5395_61_63_assembly.fasta	AI-5395_61_63_1	2207076	2209316	+	fepA	1-2241/2241	===============	0/0	100.00	96.65	vfdb	NP_752600	(fepA) ferrienterobactin outer membrane transporter [Enterobactin (VF0228)] [Escherichia coli CFT073]	
AI-5395_61_63_assembly.fasta	AI-5395_61_63_1	2209341	2210111	+	entD	1-771/771	===============	0/0	100.00	95.20	vfdb	NP_752599	(entD) phosphopantetheinyl transferase component of enterobactin synthase multienzyme complex [Enterobactin (VF0228)] [Escherichia coli CFT073]	
AI-5395_61_63_assembly.fasta	AI-5395_61_63_1	2485254	2489502	-	fdeC	1-4246/4251	========/======	1/3	99.88	94.21	vfdb	YP_002390132	(fdeC) adhesin FdeC [FdeC (VF0506)] [Escherichia coli O45:K1:H7 str. S88]	
AI-5395_61_63_assembly.fasta	AI-5395_61_63_1	2876234	2877145	-	fimH	1-912/912	===============	0/0	100.00	97.59	vfdb	NP_757248	(fimH) FimH protein precursor [Type 1 fimbriae (VF0221)] [Escherichia coli CFT073]	
AI-5395_61_63_assembly.fasta	AI-5395_61_63_1	3127310	3128603	+	espX5	1-1293/1293	========/======	1/1	100.00	95.59	vfdb	NP_290699	(espX5) Type III secretion system effector EspX5 [LEE encoded T3SS (SS020)] [Escherichia coli O157:H7 str. EDL933]	
AI-5395_61_63_assembly.fasta	AI-5395_61_63_1	3158938	3160517	-	espX4	1-1581/1581	========/======	1/1	99.94	95.38	vfdb	NP_290672	(espX4) Type III secretion system effector EspX4 [LEE encoded T3SS (SS020)] [Escherichia coli O157:H7 str. EDL933]	
AI-5395_62_64_assembly.fasta	AI-5395_62_64_3	283235	285134	-	espL1	1-1899/1899	========/======	1/1	100.00	97.58	vfdb	NP_288154	(espL1) Type III secretion system effector espL1 [LEE encoded T3SS (SS020)] [Escherichia coli O157:H7 str. EDL933]	
AI-5395_62_64_assembly.fasta	AI-5395_62_64_3	524343	525396	+	espR1	198-1253/1260	..======/======	2/2	83.65	93.75	vfdb	NP_287686	(espR1) Type III secretion system effector espR1 [LEE encoded T3SS (SS020)] [Escherichia coli O157:H7 str. EDL933]	
AI-5395_62_64_assembly.fasta	AI-5395_62_64_3	941880	942335	-	csgB	1-456/456	========/======	2/2	99.78	83.81	vfdb	NP_460114	(csgB) minor curlin subunit precursor curli nucleator protein CsgB [Agf (VF0103)] [Salmonella enterica subsp. enterica serovar Typhimurium str. LT2]	
AI-5395_62_64_assembly.fasta	AI-5395_62_64_3	943090	943740	+	csgD	1-651/651	===============	0/0	100.00	81.11	vfdb	NP_460113	(csgD) DNA-binding transcriptional regulator CsgD [curli fibers/thin aggregative fimbriae (AGF) (AI094)] [Salmonella enterica subsp. enterica serovar Typhimurium str. LT2]	
AI-5395_62_64_assembly.fasta	AI-5395_62_64_3	944159	944575	+	csgF	1-417/417	========/======	3/8	99.04	81.23	vfdb	NP_460111	(csgF) curli production assembly/transport protein CsgF [Agf (VF0103)] [Salmonella enterica subsp. enterica serovar Typhimurium str. LT2]	
AI-5395_62_64_assembly.fasta	AI-5395_62_64_3	944602	945435	+	csgG	1-834/834	===============	0/0	100.00	83.45	vfdb	NP_460110	(csgG) curli production assembly/transport protein CsgG [Agf (VF0103)] [Salmonella enterica subsp. enterica serovar Typhimurium str. LT2]	
AI-5395_62_64_assembly.fasta	AI-5395_62_64_3	1025262	1026302	+	ompA	1-1041/1041	===============	0/0	100.00	98.08	vfdb	AAF37887	(ompA) outer membrane protein A [OmpA (VF0236)] [Escherichia coli O18:K1:H7 str. RS218]	
AI-5395_62_64_assembly.fasta	AI-5395_62_64_3	1464144	1464890	-	entA	1-747/747	===============	0/0	100.00	95.72	vfdb	NP_752614	(entA) 23-dihydro-23-dihydroxybenzoate dehydrogenase [Enterobactin (VF0228)] [Escherichia coli CFT073]	
AI-5395_62_64_assembly.fasta	AI-5395_62_64_3	1464890	1465747	-	entB	1-858/858	===============	0/0	100.00	98.14	vfdb	NP_752613	(entB) isochorismatase [Enterobactin (VF0228)] [Escherichia coli CFT073]	
AI-5395_62_64_assembly.fasta	AI-5395_62_64_3	1465761	1467371	-	entE	1-1611/1611	===============	0/0	100.00	95.47	vfdb	NP_752612	(entE) 23-dihydroxybenzoate-AMP ligase component of enterobactin synthase multienzyme complex [Enterobactin (VF0228)] [Escherichia coli CFT073]	
AI-5395_62_64_assembly.fasta	AI-5395_62_64_3	1467381	1468568	-	entC	1-1188/1188	===============	0/0	100.00	97.90	vfdb	NP_752611	(entC) isochorismate synthase 1 [Enterobactin (VF0228)] [Escherichia coli CFT073]	
AI-5395_62_64_assembly.fasta	AI-5395_62_64_3	1468931	1469887	+	fepB	1-957/957	===============	0/0	100.00	97.49	vfdb	NP_752610	(fepB) ferrienterobactin ABC transporter periplasmic binding protein [Enterobactin (VF0228)] [Escherichia coli CFT073]	
AI-5395_62_64_assembly.fasta	AI-5395_62_64_3	1469891	1471141	-	entS	1-1251/1251	===============	0/0	100.00	95.44	vfdb	NP_752609	(entS) enterobactin exporter iron-regulated [enterobactin (IA019)] [Escherichia coli CFT073]	
AI-5395_62_64_assembly.fasta	AI-5395_62_64_3	1471240	1472256	+	fepD	1-1017/1017	===============	0/0	100.00	96.07	vfdb	NP_752608	(fepD) ferrienterobactin ABC transporter permease [Enterobactin (VF0228)] [Escherichia coli CFT073]	
AI-5395_62_64_assembly.fasta	AI-5395_62_64_3	1472253	1473245	+	fepG	1-993/993	===============	0/0	100.00	94.06	vfdb	NP_752607	(fepG) iron-enterobactin ABC transporter permease [Enterobactin (VF0228)] [Escherichia coli CFT073]	
AI-5395_62_64_assembly.fasta	AI-5395_62_64_3	1473242	1474057	+	fepC	1-816/816	===============	0/0	100.00	97.30	vfdb	NP_752606	(fepC) ferrienterobactin ABC transporter ATPase [Enterobactin (VF0228)] [Escherichia coli CFT073]	
AI-5395_62_64_assembly.fasta	AI-5395_62_64_3	1475431	1479284	-	entF	1-3854/3882	===============	0/0	99.28	95.69	vfdb	NP_752604	(entF) enterobactin synthase multienzyme complex component ATP-dependent [Enterobactin (VF0228)] [Escherichia coli CFT073]	
AI-5395_62_64_assembly.fasta	AI-5395_62_64_3	1479502	1480704	-	fes	1-1203/1203	===============	0/0	100.00	96.67	vfdb	NP_752602	(fes) enterobactin/ferric enterobactin esterase [enterobactin (IA019)] [Escherichia coli CFT073]	
AI-5395_62_64_assembly.fasta	AI-5395_62_64_3	1480947	1483187	+	fepA	1-2241/2241	===============	0/0	100.00	96.74	vfdb	NP_752600	(fepA) ferrienterobactin outer membrane transporter [Enterobactin (VF0228)] [Escherichia coli CFT073]	
AI-5395_62_64_assembly.fasta	AI-5395_62_64_3	1483212	1483982	+	entD	1-771/771	===============	0/0	100.00	95.20	vfdb	NP_752599	(entD) phosphopantetheinyl transferase component of enterobactin synthase multienzyme complex [Enterobactin (VF0228)] [Escherichia coli CFT073]	
AI-5395_62_64_assembly.fasta	AI-5395_62_64_3	1770939	1775187	-	fdeC	1-4246/4251	========/======	1/3	99.88	94.26	vfdb	YP_002390132	(fdeC) adhesin FdeC [FdeC (VF0506)] [Escherichia coli O45:K1:H7 str. S88]	
AI-5395_62_64_assembly.fasta	AI-5395_62_64_3	2019899	2020710	-	espY1	1-753/753	========/======	3/61	99.87	86.96	vfdb	NP_285753	(espY1) Type III secretion system effector EspY1 [LEE encoded T3SS (SS020)] [Escherichia coli O157:H7 str. EDL933]	
AI-5395_62_64_assembly.fasta	AI-5395_62_64_3	2058856	2060277	+	espX1	1-1422/1422	===============	0/0	100.00	93.25	vfdb	NP_285716	(espX1) Type III secretion system effector EspX1 [LEE encoded T3SS (SS020)] [Escherichia coli O157:H7 str. EDL933]	
AI-5395_62_64_assembly.fasta	AI-5395_62_64_3	2159444	2160355	-	fimH	1-912/912	===============	0/0	100.00	97.37	vfdb	NP_757248	(fimH) FimH protein precursor [Type 1 fimbriae (VF0221)] [Escherichia coli CFT073]	
AI-5395_62_64_assembly.fasta	AI-5395_62_64_3	2160366	2160869	-	fimG	1-504/504	===============	0/0	100.00	97.82	vfdb	NP_757247	(fimG) FimG protein precursor [Type 1 fimbriae (VF0221)] [Escherichia coli CFT073]	
AI-5395_62_64_assembly.fasta	AI-5395_62_64_3	2160882	2161415	-	fimF	1-534/534	===============	0/0	100.00	97.94	vfdb	NP_757245	(fimF) FimF protein precursor [Type 1 fimbriae (VF0221)] [Escherichia coli CFT073]	
AI-5395_62_64_assembly.fasta	AI-5395_62_64_3	2161422	2164058	-	fimD	1-2637/2637	===============	0/0	100.00	98.60	vfdb	NP_757244	(fimD) Outer membrane usher protein fimD precursor [Type 1 fimbriae (VF0221)] [Escherichia coli CFT073]	
AI-5395_62_64_assembly.fasta	AI-5395_62_64_3	2164125	2164850	-	fimC	1-726/726	===============	0/0	100.00	98.90	vfdb	NP_757243	(fimC) Chaperone protein fimC precursor [Type 1 fimbriae (VF0221)] [Escherichia coli CFT073]	
AI-5395_62_64_assembly.fasta	AI-5395_62_64_3	2164887	2165426	-	fimI	1-540/540	===============	0/0	100.00	98.70	vfdb	NP_757242	(fimI) Fimbrin-like protein fimI precursor [Type 1 fimbriae (VF0221)] [Escherichia coli CFT073]	
AI-5395_62_64_assembly.fasta	AI-5395_62_64_3	2165491	2166102	-	fimA	1-606/606	========/======	1/6	100.00	88.56	vfdb	NP_757241	(fimA) Type-1 fimbrial protein A chain precursor [Type 1 fimbriae (VF0221)] [Escherichia coli CFT073]	
AI-5395_62_64_assembly.fasta	AI-5395_62_64_3	2166529	2167123	-	fimE	1-595/597	===============	0/0	99.66	99.33	vfdb	NP_757240	(fimE) Type 1 fimbriae Regulatory protein fimE [Type 1 fimbriae (VF0221)] [Escherichia coli CFT073]	
AI-5395_62_64_assembly.fasta	AI-5395_62_64_3	2167600	2168202	-	fimB	1-603/603	===============	0/0	100.00	98.18	vfdb	NP_757239	(fimB) Type 1 fimbriae Regulatory protein fimB [Type 1 fimbriae (VF0221)] [Escherichia coli CFT073]	
AI-5395_62_64_assembly.fasta	AI-5395_62_64_3	2384401	2385693	+	espX5	1-1293/1293	===============	0/0	100.00	97.14	vfdb	NP_290699	(espX5) Type III secretion system effector EspX5 [LEE encoded T3SS (SS020)] [Escherichia coli O157:H7 str. EDL933]	
AI-5395_62_64_assembly.fasta	AI-5395_62_64_3	2434551	2436131	-	espX4	1-1581/1581	========/======	2/2	99.94	93.24	vfdb	NP_290672	(espX4) Type III secretion system effector EspX4 [LEE encoded T3SS (SS020)] [Escherichia coli O157:H7 str. EDL933]	
AI-5395_62_64_assembly.fasta	AI-5395_62_64_3	2464347	2466258	+	espL4	1-1912/2187	==============.	0/0	87.43	97.23	vfdb	NP_290644	(espL4) Type III secretion system effector EspL4 [LEE encoded T3SS (SS020)] [Escherichia coli O157:H7 str. EDL933]	
AI-5395_62_64_assembly.fasta	AI-5395_62_64_3	2701506	2702934	+	aslA	1-1428/1428	========/======	1/1	100.00	93.56	vfdb	AAG10151	(aslA) putative arylsulfatase [AslA (VF0238)] [Escherichia coli O18:K1:H7 str. RS218]	
AI-5395_62_64_assembly.fasta	AI-5395_62_64_3	3586973	3587803	+	gspC	1-831/831	===============	0/0	100.00	95.43	vfdb	YP_404599	(gspC) general secretion pathway protein C [T2SS (VF0333)] [Shigella dysenteriae Sd197]	
AI-5395_62_64_assembly.fasta	AI-5395_62_64_3	3588043	3589893	+	gspD	1-1836/1836	========/======	1/15	100.00	97.14	vfdb	YP_404600	(gspD) general secretion pathway protein D [T2SS (VF0333)] [Shigella dysenteriae Sd197]	
AI-5395_62_64_assembly.fasta	AI-5395_62_64_3	3589893	3591386	+	gspE	1-1494/1494	===============	0/0	100.00	96.45	vfdb	YP_404601	(gspE) general secretion pathway protein E [T2SS (VF0333)] [Shigella dysenteriae Sd197]	
AI-5395_62_64_assembly.fasta	AI-5395_62_64_3	3591386	3592585	+	gspF	1-1200/1200	===============	0/0	100.00	96.08	vfdb	YP_404602	(gspF) general secretion pathway protein F [T2SS (VF0333)] [Shigella dysenteriae Sd197]	
AI-5395_62_64_assembly.fasta	AI-5395_62_64_3	3592626	3593081	+	gspG	1-456/456	===============	0/0	100.00	94.96	vfdb	YP_404603	(gspG) general secretion pathway protein G [T2SS (VF0333)] [Shigella dysenteriae Sd197]	
AI-5395_62_64_assembly.fasta	AI-5395_62_64_3	3593118	3593648	+	gspH	1-531/531	===============	0/0	100.00	95.48	vfdb	YP_404604	(gspH) general secretion pathway protein H [T2SS (VF0333)] [Shigella dysenteriae Sd197]	
AI-5395_62_64_assembly.fasta	AI-5395_62_64_3	3593645	3594016	+	gspI	1-372/372	===============	0/0	100.00	95.16	vfdb	YP_404605	(gspI) general secretion pathway protein I [T2SS (VF0333)] [Shigella dysenteriae Sd197]	
AI-5395_62_64_assembly.fasta	AI-5395_62_64_3	3594049	3594618	+	gspJ	1-570/570	===============	0/0	100.00	96.67	vfdb	YP_404606	(gspJ) general secretion pathway protein J [T2SS (VF0333)] [Shigella dysenteriae Sd197]	
AI-5395_62_64_assembly.fasta	AI-5395_62_64_3	3594615	3595592	+	gspK	1-978/978	===============	0/0	100.00	96.73	vfdb	YP_404607	(gspK) general secretion pathway protein K [T2SS (VF0333)] [Shigella dysenteriae Sd197]	
AI-5395_62_64_assembly.fasta	AI-5395_62_64_3	3595907	3596767	+	gspL	1-861/861	===============	0/0	100.00	97.10	vfdb	YP_404608	(gspL) general secretion pathway protein L [T2SS (VF0333)] [Shigella dysenteriae Sd197]	
AI-5395_62_64_assembly.fasta	AI-5395_62_64_3	3596883	3597305	+	gspM	1-423/423	===============	0/0	100.00	97.87	vfdb	YP_404609	(gspM) general secretion pathway protein M [T2SS (VF0333)] [Shigella dysenteriae Sd197]	
AI-5395_62_64_assembly.fasta	AI-5395_62_64_4	70223	72400	+	iroN	1-2178/2178	===============	0/0	100.00	99.13	vfdb	NP_753164	(iroN) salmochelin receptor IroN [IroN (VF0230)] [Escherichia coli CFT073]	
AI-5395_62_64_assembly.fasta	AI-5395_62_64_4	72445	73401	-	iroE	1-957/957	===============	0/0	100.00	99.48	vfdb	NP_753165	(iroE) esterase [Salmochelin (IA013)] [Escherichia coli CFT073]	
AI-5395_62_64_assembly.fasta	AI-5395_62_64_4	73486	74715	-	iroD	1-1230/1230	===============	0/0	100.00	98.54	vfdb	NP_753166	(iroD) esterase [Salmochelin (IA013)] [Escherichia coli CFT073]	
AI-5395_62_64_assembly.fasta	AI-5395_62_64_4	74819	78556	-	iroC	1-3738/3738	===============	0/0	100.00	99.14	vfdb	NP_753167	(iroC) ATP binding cassette transporter [Salmochelin (IA013)] [Escherichia coli CFT073]	
AI-5395_62_64_assembly.fasta	AI-5395_62_64_4	78619	79781	-	iroB	1-1163/1164	===============	0/0	99.91	98.37	vfdb	NP_753168	(iroB) glucosyltransferase IroB [Salmochelin (IA013)] [Escherichia coli CFT073]	
AI-5395_62_64_assembly.fasta	AI-5395_62_64_4	121295	123082	+	iucA	1-1788/1788	===============	0/0	100.00	94.30	vfdb	NP_755502	(iucA) aerobactin siderophore biosynthesis protein IucD [Aerobactin (VF0229)] [Escherichia coli CFT073]	
AI-5395_62_64_assembly.fasta	AI-5395_62_64_4	123083	124030	+	iucB	1-948/948	===============	0/0	100.00	95.67	vfdb	NP_755501	(iucB) aerobactin siderophore biosynthesis protein IucB [Aerobactin (VF0229)] [Escherichia coli CFT073]	
AI-5395_62_64_assembly.fasta	AI-5395_62_64_4	124030	125772	+	iucC	1-1743/1743	===============	0/0	100.00	96.04	vfdb	NP_755500	(iucC) aerobactin siderophore biosynthesis protein IucC [Aerobactin (VF0229)] [Escherichia coli CFT073]	
AI-5395_62_64_assembly.fasta	AI-5395_62_64_4	125769	127090	+	iucD	1-1323/1338	========/======	1/1	98.80	96.30	vfdb	NP_755499	(iucD) L-lysine 6-monooxygenase IucD [Aerobactin (VF0229)] [Escherichia coli CFT073]	
AI-5395_62_64_assembly.fasta	AI-5395_62_64_4	127028	129329	+	iutA	1-2280/2280	========/======	3/24	99.96	88.41	vfdb	NP_755498	(iutA) ferric aerobactin receptor precusor IutA [Aerobactin (VF0229)] [Escherichia coli CFT073]	
AI-5395_63_65_assembly.fasta	AI-5395_63_65_5	714111	714857	-	entA	1-747/747	===============	0/0	100.00	97.32	vfdb	NP_752614	(entA) 23-dihydro-23-dihydroxybenzoate dehydrogenase [Enterobactin (VF0228)] [Escherichia coli CFT073]	
AI-5395_63_65_assembly.fasta	AI-5395_63_65_5	714857	715714	-	entB	1-858/858	===============	0/0	100.00	98.95	vfdb	NP_752613	(entB) isochorismatase [Enterobactin (VF0228)] [Escherichia coli CFT073]	
AI-5395_63_65_assembly.fasta	AI-5395_63_65_5	715728	717338	-	entE	1-1611/1611	===============	0/0	100.00	93.23	vfdb	NP_752612	(entE) 23-dihydroxybenzoate-AMP ligase component of enterobactin synthase multienzyme complex [Enterobactin (VF0228)] [Escherichia coli CFT073]	
AI-5395_63_65_assembly.fasta	AI-5395_63_65_5	717348	718535	-	entC	1-1188/1188	===============	0/0	100.00	99.24	vfdb	NP_752611	(entC) isochorismate synthase 1 [Enterobactin (VF0228)] [Escherichia coli CFT073]	
AI-5395_63_65_assembly.fasta	AI-5395_63_65_5	718712	719668	+	fepB	1-957/957	===============	0/0	100.00	98.02	vfdb	NP_752610	(fepB) ferrienterobactin ABC transporter periplasmic binding protein [Enterobactin (VF0228)] [Escherichia coli CFT073]	
AI-5395_63_65_assembly.fasta	AI-5395_63_65_5	719672	720922	-	entS	1-1251/1251	===============	0/0	100.00	97.04	vfdb	NP_752609	(entS) enterobactin exporter iron-regulated [enterobactin (IA019)] [Escherichia coli CFT073]	
AI-5395_63_65_assembly.fasta	AI-5395_63_65_5	721021	722037	+	fepD	1-1017/1017	===============	0/0	100.00	95.87	vfdb	NP_752608	(fepD) ferrienterobactin ABC transporter permease [Enterobactin (VF0228)] [Escherichia coli CFT073]	
AI-5395_63_65_assembly.fasta	AI-5395_63_65_5	722034	723026	+	fepG	1-993/993	===============	0/0	100.00	94.46	vfdb	NP_752607	(fepG) iron-enterobactin ABC transporter permease [Enterobactin (VF0228)] [Escherichia coli CFT073]	
AI-5395_63_65_assembly.fasta	AI-5395_63_65_5	723023	723838	+	fepC	1-816/816	===============	0/0	100.00	97.30	vfdb	NP_752606	(fepC) ferrienterobactin ABC transporter ATPase [Enterobactin (VF0228)] [Escherichia coli CFT073]	
AI-5395_63_65_assembly.fasta	AI-5395_63_65_5	725212	729065	-	entF	1-3854/3882	===============	0/0	99.28	97.12	vfdb	NP_752604	(entF) enterobactin synthase multienzyme complex component ATP-dependent [Enterobactin (VF0228)] [Escherichia coli CFT073]	
AI-5395_63_65_assembly.fasta	AI-5395_63_65_5	729283	730485	-	fes	1-1203/1203	===============	0/0	100.00	96.34	vfdb	NP_752602	(fes) enterobactin/ferric enterobactin esterase [enterobactin (IA019)] [Escherichia coli CFT073]	
AI-5395_63_65_assembly.fasta	AI-5395_63_65_5	730728	732968	+	fepA	1-2241/2241	===============	0/0	100.00	97.23	vfdb	NP_752600	(fepA) ferrienterobactin outer membrane transporter [Enterobactin (VF0228)] [Escherichia coli CFT073]	
AI-5395_63_65_assembly.fasta	AI-5395_63_65_5	733005	733638	+	entD	138-771/771	..=============	0/0	82.23	93.06	vfdb	NP_752599	(entD) phosphopantetheinyl transferase component of enterobactin synthase multienzyme complex [Enterobactin (VF0228)] [Escherichia coli CFT073]	
AI-5395_63_65_assembly.fasta	AI-5395_63_65_5	1001393	1005640	-	fdeC	1-4251/4251	========/======	3/5	99.91	92.36	vfdb	YP_002390132	(fdeC) adhesin FdeC [FdeC (VF0506)] [Escherichia coli O45:K1:H7 str. S88]	
AI-5395_63_65_assembly.fasta	AI-5395_63_65_5	1014968	1015558	+	ykgK/ecpR	1-591/591	===============	0/0	100.00	99.49	vfdb	NP_286011	(ykgK/ecpR) regulator protein EcpR [ECP (VF0404)] [Escherichia coli O157:H7 str. EDL933]	
AI-5395_63_65_assembly.fasta	AI-5395_63_65_5	1015633	1016220	+	yagZ/ecpA	1-588/588	===============	0/0	100.00	99.15	vfdb	NP_286010	(yagZ/ecpA) E. coli common pilus structural subunit EcpA [ECP (VF0404)] [Escherichia coli O157:H7 str. EDL933]	
AI-5395_63_65_assembly.fasta	AI-5395_63_65_5	1016278	1016946	+	yagY/ecpB	1-669/669	===============	0/0	100.00	98.95	vfdb	NP_286009	(yagY/ecpB) E. coli common pilus chaperone EcpB [ECP (VF0404)] [Escherichia coli O157:H7 str. EDL933]	
AI-5395_63_65_assembly.fasta	AI-5395_63_65_5	1016972	1019497	+	yagX/ecpC	1-2526/2526	===============	0/0	100.00	98.81	vfdb	NP_286008	(yagX/ecpC) E. coli common pilus usher EcpC [ECP (VF0404)] [Escherichia coli O157:H7 str. EDL933]	
AI-5395_63_65_assembly.fasta	AI-5395_63_65_5	1019487	1021130	+	yagW/ecpD	1-1644/1644	===============	0/0	100.00	99.03	vfdb	NP_286007	(yagW/ecpD) polymerized tip adhesin of ECP fibers [ECP (VF0404)] [Escherichia coli O157:H7 str. EDL933]	
AI-5395_63_65_assembly.fasta	AI-5395_63_65_5	1021054	1021807	+	yagV/ecpE	1-754/756	===============	0/0	99.74	98.14	vfdb	NP_286006	(yagV/ecpE) E. coli common pilus chaperone EcpE [ECP (VF0404)] [Escherichia coli O157:H7 str. EDL933]	
AI-5395_63_65_assembly.fasta	AI-5395_63_65_5	1286160	1286729	-	espY2	1-570/570	===============	0/0	100.00	94.03	vfdb	NP_285765	(espY2) Type III secretion system effector EspY2 [LEE encoded T3SS (SS020)] [Escherichia coli O157:H7 str. EDL933]	
AI-5395_63_65_assembly.fasta	AI-5395_63_65_5	1453368	1454279	-	fimH	1-912/912	===============	0/0	100.00	98.79	vfdb	NP_757248	(fimH) FimH protein precursor [Type 1 fimbriae (VF0221)] [Escherichia coli CFT073]	
AI-5395_63_65_assembly.fasta	AI-5395_63_65_5	1454290	1454793	-	fimG	1-504/504	===============	0/0	100.00	99.21	vfdb	NP_757247	(fimG) FimG protein precursor [Type 1 fimbriae (VF0221)] [Escherichia coli CFT073]	
AI-5395_63_65_assembly.fasta	AI-5395_63_65_5	1454806	1455339	-	fimF	1-534/534	===============	0/0	100.00	97.57	vfdb	NP_757245	(fimF) FimF protein precursor [Type 1 fimbriae (VF0221)] [Escherichia coli CFT073]	
AI-5395_63_65_assembly.fasta	AI-5395_63_65_5	1455346	1457982	-	fimD	1-2637/2637	===============	0/0	100.00	98.82	vfdb	NP_757244	(fimD) Outer membrane usher protein fimD precursor [Type 1 fimbriae (VF0221)] [Escherichia coli CFT073]	
AI-5395_63_65_assembly.fasta	AI-5395_63_65_5	1458049	1458774	-	fimC	1-726/726	===============	0/0	100.00	99.04	vfdb	NP_757243	(fimC) Chaperone protein fimC precursor [Type 1 fimbriae (VF0221)] [Escherichia coli CFT073]	
AI-5395_63_65_assembly.fasta	AI-5395_63_65_5	1458811	1459350	-	fimI	1-540/540	===============	0/0	100.00	99.26	vfdb	NP_757242	(fimI) Fimbrin-like protein fimI precursor [Type 1 fimbriae (VF0221)] [Escherichia coli CFT073]	
AI-5395_63_65_assembly.fasta	AI-5395_63_65_5	1459415	1460018	-	fimA	3-606/606	===============	0/0	99.67	89.57	vfdb	NP_757241	(fimA) Type-1 fimbrial protein A chain precursor [Type 1 fimbriae (VF0221)] [Escherichia coli CFT073]	
AI-5395_63_65_assembly.fasta	AI-5395_63_65_5	1460444	1461040	-	fimE	1-597/597	===============	0/0	100.00	99.16	vfdb	NP_757240	(fimE) Type 1 fimbriae Regulatory protein fimE [Type 1 fimbriae (VF0221)] [Escherichia coli CFT073]	
AI-5395_63_65_assembly.fasta	AI-5395_63_65_5	1461518	1462120	-	fimB	1-603/603	===============	0/0	100.00	98.34	vfdb	NP_757239	(fimB) Type 1 fimbriae Regulatory protein fimB [Type 1 fimbriae (VF0221)] [Escherichia coli CFT073]	
AI-5395_63_65_assembly.fasta	AI-5395_63_65_5	1782399	1783979	-	espX4	1-1581/1581	===============	0/0	100.00	95.76	vfdb	NP_290672	(espX4) Type III secretion system effector EspX4 [LEE encoded T3SS (SS020)] [Escherichia coli O157:H7 str. EDL933]	
AI-5395_63_65_assembly.fasta	AI-5395_63_65_5	2091375	2092803	+	aslA	1-1428/1428	========/======	1/1	100.00	97.20	vfdb	AAG10151	(aslA) putative arylsulfatase [AslA (VF0238)] [Escherichia coli O18:K1:H7 str. RS218]	
AI-5395_63_65_assembly.fasta	AI-5395_63_65_5	2181839	2184247	+	espY4	1-2409/2409	========/======	4/10	99.79	89.23	vfdb	NP_290352	(espY4) Type III secretion system effector EspY4 [LEE encoded T3SS (SS020)] [Escherichia coli O157:H7 str. EDL933]	
AI-5395_63_65_assembly.fasta	AI-5395_63_65_5	2469054	2469854	-	chuV	1-801/801	===============	0/0	100.00	99.62	vfdb	NP_756180	(chuV) ATP-binding hydrophilic protein ChuV [Chu (VF0227)] [Escherichia coli CFT073]	
AI-5395_63_65_assembly.fasta	AI-5395_63_65_5	2469821	2470813	-	chuU	1-993/993	===============	0/0	100.00	99.80	vfdb	NP_756179	(chuU) heme permease protein ChuU [Chu (VF0227)] [Escherichia coli CFT073]	
AI-5395_63_65_assembly.fasta	AI-5395_63_65_5	2470862	2471485	-	chuY	1-624/624	===============	0/0	100.00	98.40	vfdb	NP_756178	(chuY) ChuY [Chu (VF0227)] [Escherichia coli CFT073]	
AI-5395_63_65_assembly.fasta	AI-5395_63_65_5	2471485	2471979	-	chuX	1-495/495	===============	0/0	100.00	99.60	vfdb	NP_756177	(chuX) putative heme-binding protein ChuX [Chu (VF0227)] [Escherichia coli CFT073]	
AI-5395_63_65_assembly.fasta	AI-5395_63_65_5	2471992	2473329	-	chuW	1-1338/1338	===============	0/0	100.00	98.73	vfdb	NP_756176	(chuW) Putative oxygen independent coproporphyrinogen III oxidase [Chu (VF0227)] [Escherichia coli CFT073]	
AI-5395_63_65_assembly.fasta	AI-5395_63_65_5	2473349	2474341	-	chuT	1-993/993	===============	0/0	100.00	98.99	vfdb	NP_756175	(chuT) periplasmic heme-binding protein ChuT [Chu (VF0227)] [Escherichia coli CFT073]	
AI-5395_63_65_assembly.fasta	AI-5395_63_65_5	2474947	2476929	+	shuA	1-1983/1983	===============	0/0	100.00	98.13	vfdb	YP_405019	(shuA) outer membrane heme/hemoglobin receptor ShuA [Shu (VF0256)] [Shigella dysenteriae Sd197]	
AI-5395_63_65_assembly.fasta	AI-5395_63_65_5	2476978	2478006	+	chuS	1-1029/1029	===============	0/0	100.00	97.77	vfdb	NP_756169	(chuS) heme oxygenase ChuS [Chu (VF0227)] [Escherichia coli CFT073]	
AI-5395_63_65_assembly.fasta	AI-5395_63_65_5	3037335	3038165	+	gspC	1-831/831	===============	0/0	100.00	94.95	vfdb	YP_404599	(gspC) general secretion pathway protein C [T2SS (VF0333)] [Shigella dysenteriae Sd197]	
AI-5395_63_65_assembly.fasta	AI-5395_63_65_5	3038405	3040255	+	gspD	1-1836/1836	========/======	1/15	100.00	96.16	vfdb	YP_404600	(gspD) general secretion pathway protein D [T2SS (VF0333)] [Shigella dysenteriae Sd197]	
AI-5395_63_65_assembly.fasta	AI-5395_63_65_5	3040255	3041748	+	gspE	1-1494/1494	===============	0/0	100.00	94.91	vfdb	YP_404601	(gspE) general secretion pathway protein E [T2SS (VF0333)] [Shigella dysenteriae Sd197]	
AI-5395_63_65_assembly.fasta	AI-5395_63_65_5	3041748	3042947	+	gspF	1-1200/1200	===============	0/0	100.00	94.25	vfdb	YP_404602	(gspF) general secretion pathway protein F [T2SS (VF0333)] [Shigella dysenteriae Sd197]	
AI-5395_63_65_assembly.fasta	AI-5395_63_65_5	3042988	3043443	+	gspG	1-456/456	===============	0/0	100.00	96.27	vfdb	YP_404603	(gspG) general secretion pathway protein G [T2SS (VF0333)] [Shigella dysenteriae Sd197]	
AI-5395_63_65_assembly.fasta	AI-5395_63_65_5	3043480	3044010	+	gspH	1-531/531	===============	0/0	100.00	94.73	vfdb	YP_404604	(gspH) general secretion pathway protein H [T2SS (VF0333)] [Shigella dysenteriae Sd197]	
AI-5395_63_65_assembly.fasta	AI-5395_63_65_5	3044007	3044378	+	gspI	1-372/372	===============	0/0	100.00	92.47	vfdb	YP_404605	(gspI) general secretion pathway protein I [T2SS (VF0333)] [Shigella dysenteriae Sd197]	
AI-5395_63_65_assembly.fasta	AI-5395_63_65_5	3044411	3044980	+	gspJ	1-570/570	===============	0/0	100.00	94.56	vfdb	YP_404606	(gspJ) general secretion pathway protein J [T2SS (VF0333)] [Shigella dysenteriae Sd197]	
AI-5395_63_65_assembly.fasta	AI-5395_63_65_5	3044977	3045954	+	gspK	1-978/978	===============	0/0	100.00	97.03	vfdb	YP_404607	(gspK) general secretion pathway protein K [T2SS (VF0333)] [Shigella dysenteriae Sd197]	
AI-5395_63_65_assembly.fasta	AI-5395_63_65_5	3046269	3047129	+	gspL	1-861/861	===============	0/0	100.00	94.42	vfdb	YP_404608	(gspL) general secretion pathway protein L [T2SS (VF0333)] [Shigella dysenteriae Sd197]	
AI-5395_63_65_assembly.fasta	AI-5395_63_65_5	3047245	3047666	+	gspM	1-422/423	===============	0/0	99.76	94.08	vfdb	YP_404609	(gspM) general secretion pathway protein M [T2SS (VF0333)] [Shigella dysenteriae Sd197]	
AI-5395_63_65_assembly.fasta	AI-5395_63_65_5	3058003	3059679	-	kpsD	1-1677/1677	===============	0/0	100.00	98.33	vfdb	AAA21682	(kpsD) KpsD [K1 capsule (VF0239)] [Escherichia coli O18:K1:H7 str. RS218]	
AI-5395_63_65_assembly.fasta	AI-5395_63_65_5	4123688	4124740	-	ompA	1-1041/1041	========/======	1/12	100.00	95.35	vfdb	AAF37887	(ompA) outer membrane protein A [OmpA (VF0236)] [Escherichia coli O18:K1:H7 str. RS218]	
AI-5395_63_65_assembly.fasta	AI-5395_63_65_7	167764	169662	-	espL1	1-1899/1899	===============	0/0	100.00	96.05	vfdb	NP_288154	(espL1) Type III secretion system effector espL1 [LEE encoded T3SS (SS020)] [Escherichia coli O157:H7 str. EDL933]	
AI-5395_63_65_assembly.fasta	AI-5395_63_65_7	423871	425121	+	espR1	1-1251/1260	===============	0/0	99.29	94.64	vfdb	NP_287686	(espR1) Type III secretion system effector espR1 [LEE encoded T3SS (SS020)] [Escherichia coli O157:H7 str. EDL933]	
AI-5395_63_65_assembly.fasta	AI-5395_63_65_7	841839	842294	-	csgB	1-456/456	========/======	2/2	99.78	83.59	vfdb	NP_460114	(csgB) minor curlin subunit precursor curli nucleator protein CsgB [Agf (VF0103)] [Salmonella enterica subsp. enterica serovar Typhimurium str. LT2]	
AI-5395_63_65_assembly.fasta	AI-5395_63_65_7	843049	843699	+	csgD	1-651/651	===============	0/0	100.00	81.26	vfdb	NP_460113	(csgD) DNA-binding transcriptional regulator CsgD [curli fibers/thin aggregative fimbriae (AGF) (AI094)] [Salmonella enterica subsp. enterica serovar Typhimurium str. LT2]	
AI-5395_63_65_assembly.fasta	AI-5395_63_65_7	844118	844534	+	csgF	1-417/417	========/======	3/8	99.04	81.23	vfdb	NP_460111	(csgF) curli production assembly/transport protein CsgF [Agf (VF0103)] [Salmonella enterica subsp. enterica serovar Typhimurium str. LT2]	
AI-5395_63_65_assembly.fasta	AI-5395_63_65_7	844561	845394	+	csgG	1-834/834	===============	0/0	100.00	82.97	vfdb	NP_460110	(csgG) curli production assembly/transport protein CsgG [Agf (VF0103)] [Salmonella enterica subsp. enterica serovar Typhimurium str. LT2]	
AI-5395_63_65_assembly.fasta	AI-5395_63_65_8	59166	59282	-	astA	1-117/117	===============	0/0	100.00	100.00	vfdb	BAA94855	(astA) heat-stable enterotoxin 1 [EAST1 (VF0216)] [Escherichia coli O44:H18 042]	
AI-5395_63_65_assembly.fasta	AI-5395_63_65_8	243389	243880	-	faeF	1-492/492	========/======	2/2	99.80	84.38	vfdb	YP_002295987	(faeF) fimbrial protein FaeF [K88 pili/F4 fimbriae (AI040)] [Escherichia coli SE11]	
AI-5395_63_65_assembly.fasta	AI-5395_63_65_8	243915	244605	-	faeE	106-777/777	.=======/======	2/21	86.36	89.31	vfdb	YP_002295986	(faeE) fimbrial chaperone FaeE [K88 pili/F4 fimbriae (AI040)] [Escherichia coli SE11]	
AI-5395_64_66_assembly.fasta	AI-5395_64_66_1	148419	149429	-	papG	1-1011/1011	===============	0/0	100.00	99.01	vfdb	NP_755458	(papG) P pilus tip adhesin PapG [P fimbriae (VF0220)] [Escherichia coli CFT073]	
AI-5395_64_66_assembly.fasta	AI-5395_64_66_1	149473	150003	-	papF	1-531/531	===============	0/0	100.00	98.68	vfdb	NP_755459	(papF) P pilus minor subunit PapF  [P fimbriae (VF0220)] [Escherichia coli CFT073]	
AI-5395_64_66_assembly.fasta	AI-5395_64_66_1	152175	152487	-	papB	1-313/315	===============	0/0	99.37	99.04	vfdb		(papB) regulatory protein PapB [P fimbriae (VF0220)] [Escherichia coli CFT073]	
AI-5395_64_66_assembly.fasta	AI-5395_64_66_1	152910	153130	+	papI	1-221/234	===============	0/0	94.44	98.64	vfdb	NP_755468	(papI) regulatory protein PapI [P fimbriae (VF0220)] [Escherichia coli CFT073]	
AI-5395_64_66_assembly.fasta	AI-5395_64_66_1	187724	188326	+	fimB	1-603/603	===============	0/0	100.00	98.18	vfdb	NP_757239	(fimB) Type 1 fimbriae Regulatory protein fimB [Type 1 fimbriae (VF0221)] [Escherichia coli CFT073]	
AI-5395_64_66_assembly.fasta	AI-5395_64_66_1	188804	189400	+	fimE	1-597/597	===============	0/0	100.00	99.16	vfdb	NP_757240	(fimE) Type 1 fimbriae Regulatory protein fimE [Type 1 fimbriae (VF0221)] [Escherichia coli CFT073]	
AI-5395_64_66_assembly.fasta	AI-5395_64_66_1	189824	190428	+	fimA	1-606/606	========/======	1/1	99.83	90.59	vfdb	NP_757241	(fimA) Type-1 fimbrial protein A chain precursor [Type 1 fimbriae (VF0221)] [Escherichia coli CFT073]	
AI-5395_64_66_assembly.fasta	AI-5395_64_66_1	190493	191032	+	fimI	1-540/540	===============	0/0	100.00	99.07	vfdb	NP_757242	(fimI) Fimbrin-like protein fimI precursor [Type 1 fimbriae (VF0221)] [Escherichia coli CFT073]	
AI-5395_64_66_assembly.fasta	AI-5395_64_66_1	191069	191794	+	fimC	1-726/726	===============	0/0	100.00	98.35	vfdb	NP_757243	(fimC) Chaperone protein fimC precursor [Type 1 fimbriae (VF0221)] [Escherichia coli CFT073]	
AI-5395_64_66_assembly.fasta	AI-5395_64_66_1	191861	194497	+	fimD	1-2637/2637	===============	0/0	100.00	98.71	vfdb	NP_757244	(fimD) Outer membrane usher protein fimD precursor [Type 1 fimbriae (VF0221)] [Escherichia coli CFT073]	
AI-5395_64_66_assembly.fasta	AI-5395_64_66_1	194504	195037	+	fimF	1-534/534	===============	0/0	100.00	97.75	vfdb	NP_757245	(fimF) FimF protein precursor [Type 1 fimbriae (VF0221)] [Escherichia coli CFT073]	
AI-5395_64_66_assembly.fasta	AI-5395_64_66_1	195050	195553	+	fimG	1-504/504	===============	0/0	100.00	98.21	vfdb	NP_757247	(fimG) FimG protein precursor [Type 1 fimbriae (VF0221)] [Escherichia coli CFT073]	
AI-5395_64_66_assembly.fasta	AI-5395_64_66_1	195564	196475	+	fimH	1-912/912	===============	0/0	100.00	97.70	vfdb	NP_757248	(fimH) FimH protein precursor [Type 1 fimbriae (VF0221)] [Escherichia coli CFT073]	
AI-5395_64_66_assembly.fasta	AI-5395_64_66_1	307611	309031	-	espX1	1-1422/1422	========/======	1/1	99.93	94.66	vfdb	NP_285716	(espX1) Type III secretion system effector EspX1 [LEE encoded T3SS (SS020)] [Escherichia coli O157:H7 str. EDL933]	
AI-5395_64_66_assembly.fasta	AI-5395_64_66_1	594696	595449	-	yagV/ecpE	1-754/756	===============	0/0	99.74	96.82	vfdb	NP_286006	(yagV/ecpE) E. coli common pilus chaperone EcpE [ECP (VF0404)] [Escherichia coli O157:H7 str. EDL933]	
AI-5395_64_66_assembly.fasta	AI-5395_64_66_1	595373	597016	-	yagW/ecpD	1-1644/1644	===============	0/0	100.00	98.60	vfdb	NP_286007	(yagW/ecpD) polymerized tip adhesin of ECP fibers [ECP (VF0404)] [Escherichia coli O157:H7 str. EDL933]	
AI-5395_64_66_assembly.fasta	AI-5395_64_66_1	597006	599531	-	yagX/ecpC	1-2526/2526	===============	0/0	100.00	98.65	vfdb	NP_286008	(yagX/ecpC) E. coli common pilus usher EcpC [ECP (VF0404)] [Escherichia coli O157:H7 str. EDL933]	
AI-5395_64_66_assembly.fasta	AI-5395_64_66_1	599557	600225	-	yagY/ecpB	1-669/669	===============	0/0	100.00	98.66	vfdb	NP_286009	(yagY/ecpB) E. coli common pilus chaperone EcpB [ECP (VF0404)] [Escherichia coli O157:H7 str. EDL933]	
AI-5395_64_66_assembly.fasta	AI-5395_64_66_1	600283	600870	-	yagZ/ecpA	1-588/588	===============	0/0	100.00	99.32	vfdb	NP_286010	(yagZ/ecpA) E. coli common pilus structural subunit EcpA [ECP (VF0404)] [Escherichia coli O157:H7 str. EDL933]	
AI-5395_64_66_assembly.fasta	AI-5395_64_66_1	600945	601535	-	ykgK/ecpR	1-591/591	===============	0/0	100.00	97.63	vfdb	NP_286011	(ykgK/ecpR) regulator protein EcpR [ECP (VF0404)] [Escherichia coli O157:H7 str. EDL933]	
AI-5395_64_66_assembly.fasta	AI-5395_64_66_1	604555	608796	+	fdeC	1-4245/4251	========/======	3/5	99.76	92.37	vfdb	YP_002390132	(fdeC) adhesin FdeC [FdeC (VF0506)] [Escherichia coli O45:K1:H7 str. S88]	
AI-5395_64_66_assembly.fasta	AI-5395_64_66_1	957180	957950	-	entD	1-771/771	===============	0/0	100.00	94.03	vfdb	NP_752599	(entD) phosphopantetheinyl transferase component of enterobactin synthase multienzyme complex [Enterobactin (VF0228)] [Escherichia coli CFT073]	
AI-5395_64_66_assembly.fasta	AI-5395_64_66_1	957975	960215	-	fepA	1-2241/2241	===============	0/0	100.00	96.79	vfdb	NP_752600	(fepA) ferrienterobactin outer membrane transporter [Enterobactin (VF0228)] [Escherichia coli CFT073]	
AI-5395_64_66_assembly.fasta	AI-5395_64_66_1	960458	961660	+	fes	1-1203/1203	===============	0/0	100.00	96.76	vfdb	NP_752602	(fes) enterobactin/ferric enterobactin esterase [enterobactin (IA019)] [Escherichia coli CFT073]	
AI-5395_64_66_assembly.fasta	AI-5395_64_66_1	961878	965707	+	entF	1-3830/3882	===============	0/0	98.66	95.41	vfdb	NP_752604	(entF) enterobactin synthase multienzyme complex component ATP-dependent [Enterobactin (VF0228)] [Escherichia coli CFT073]	
AI-5395_64_66_assembly.fasta	AI-5395_64_66_1	967105	967920	-	fepC	1-816/816	===============	0/0	100.00	97.30	vfdb	NP_752606	(fepC) ferrienterobactin ABC transporter ATPase [Enterobactin (VF0228)] [Escherichia coli CFT073]	
AI-5395_64_66_assembly.fasta	AI-5395_64_66_1	967917	968909	-	fepG	1-993/993	===============	0/0	100.00	93.96	vfdb	NP_752607	(fepG) iron-enterobactin ABC transporter permease [Enterobactin (VF0228)] [Escherichia coli CFT073]	
AI-5395_64_66_assembly.fasta	AI-5395_64_66_1	968906	969922	-	fepD	1-1017/1017	===============	0/0	100.00	95.97	vfdb	NP_752608	(fepD) ferrienterobactin ABC transporter permease [Enterobactin (VF0228)] [Escherichia coli CFT073]	
AI-5395_64_66_assembly.fasta	AI-5395_64_66_1	970021	971271	+	entS	1-1251/1251	===============	0/0	100.00	95.76	vfdb	NP_752609	(entS) enterobactin exporter iron-regulated [enterobactin (IA019)] [Escherichia coli CFT073]	
AI-5395_64_66_assembly.fasta	AI-5395_64_66_1	971275	972231	-	fepB	1-957/957	===============	0/0	100.00	97.39	vfdb	NP_752610	(fepB) ferrienterobactin ABC transporter periplasmic binding protein [Enterobactin (VF0228)] [Escherichia coli CFT073]	
AI-5395_64_66_assembly.fasta	AI-5395_64_66_1	972594	973781	+	entC	1-1188/1188	===============	0/0	100.00	97.47	vfdb	NP_752611	(entC) isochorismate synthase 1 [Enterobactin (VF0228)] [Escherichia coli CFT073]	
AI-5395_64_66_assembly.fasta	AI-5395_64_66_1	973791	975401	+	entE	1-1611/1611	===============	0/0	100.00	95.41	vfdb	NP_752612	(entE) 23-dihydroxybenzoate-AMP ligase component of enterobactin synthase multienzyme complex [Enterobactin (VF0228)] [Escherichia coli CFT073]	
AI-5395_64_66_assembly.fasta	AI-5395_64_66_1	975415	976272	+	entB	1-858/858	===============	0/0	100.00	97.44	vfdb	NP_752613	(entB) isochorismatase [Enterobactin (VF0228)] [Escherichia coli CFT073]	
AI-5395_64_66_assembly.fasta	AI-5395_64_66_1	976272	977018	+	entA	1-747/747	===============	0/0	100.00	95.98	vfdb	NP_752614	(entA) 23-dihydro-23-dihydroxybenzoate dehydrogenase [Enterobactin (VF0228)] [Escherichia coli CFT073]	
AI-5395_64_66_assembly.fasta	AI-5395_64_66_1	1405811	1406863	-	ompA	1-1041/1041	========/======	1/12	100.00	94.30	vfdb	AAF37887	(ompA) outer membrane protein A [OmpA (VF0236)] [Escherichia coli O18:K1:H7 str. RS218]	
AI-5395_64_66_assembly.fasta	AI-5395_64_66_1	1476983	1477816	-	csgG	1-834/834	===============	0/0	100.00	83.09	vfdb	NP_460110	(csgG) curli production assembly/transport protein CsgG [Agf (VF0103)] [Salmonella enterica subsp. enterica serovar Typhimurium str. LT2]	
AI-5395_64_66_assembly.fasta	AI-5395_64_66_1	1477843	1478259	-	csgF	1-417/417	========/======	3/8	99.04	81.23	vfdb	NP_460111	(csgF) curli production assembly/transport protein CsgF [Agf (VF0103)] [Salmonella enterica subsp. enterica serovar Typhimurium str. LT2]	
AI-5395_64_66_assembly.fasta	AI-5395_64_66_1	1478678	1479328	-	csgD	1-651/651	===============	0/0	100.00	81.11	vfdb	NP_460113	(csgD) DNA-binding transcriptional regulator CsgD [curli fibers/thin aggregative fimbriae (AGF) (AI094)] [Salmonella enterica subsp. enterica serovar Typhimurium str. LT2]	
AI-5395_64_66_assembly.fasta	AI-5395_64_66_1	1480082	1480537	+	csgB	1-456/456	========/======	2/2	99.78	84.03	vfdb	NP_460114	(csgB) minor curlin subunit precursor curli nucleator protein CsgB [Agf (VF0103)] [Salmonella enterica subsp. enterica serovar Typhimurium str. LT2]	
AI-5395_64_66_assembly.fasta	AI-5395_64_66_1	1881130	1882185	-	espR1	198-1253/1260	..=============	0/0	83.81	94.22	vfdb	NP_287686	(espR1) Type III secretion system effector espR1 [LEE encoded T3SS (SS020)] [Escherichia coli O157:H7 str. EDL933]	
AI-5395_64_66_assembly.fasta	AI-5395_64_66_1	2191593	2193461	+	espL1	1-1899/1899	========/======	2/30	98.42	95.26	vfdb	NP_288154	(espL1) Type III secretion system effector espL1 [LEE encoded T3SS (SS020)] [Escherichia coli O157:H7 str. EDL933]	
AI-5395_64_66_assembly.fasta	AI-5395_64_66_1	2401188	2402322	-	espR4	1-1140/1140	========/======	5/7	99.47	84.40	vfdb	NP_288396	(espR4) Type III secretion system effector espR4 [LEE encoded T3SS (SS020)] [Escherichia coli O157:H7 str. EDL933]	
AI-5395_64_66_assembly.fasta	AI-5395_64_66_1	3528168	3528480	-	papB	1-313/315	===============	0/0	99.37	99.04	vfdb		(papB) regulatory protein PapB [P fimbriae (VF0220)] [Escherichia coli CFT073]	
AI-5395_64_66_assembly.fasta	AI-5395_64_66_1	3528903	3529123	+	papI	1-221/234	===============	0/0	94.44	98.64	vfdb	NP_755468	(papI) regulatory protein PapI [P fimbriae (VF0220)] [Escherichia coli CFT073]	
AI-5395_64_66_assembly.fasta	AI-5395_64_66_1	3559907	3560329	-	gspM	1-423/423	===============	0/0	100.00	94.09	vfdb	YP_404609	(gspM) general secretion pathway protein M [T2SS (VF0333)] [Shigella dysenteriae Sd197]	
AI-5395_64_66_assembly.fasta	AI-5395_64_66_1	3560445	3561305	-	gspL	1-861/861	===============	0/0	100.00	97.56	vfdb	YP_404608	(gspL) general secretion pathway protein L [T2SS (VF0333)] [Shigella dysenteriae Sd197]	
AI-5395_64_66_assembly.fasta	AI-5395_64_66_1	3561620	3562597	-	gspK	1-978/978	===============	0/0	100.00	96.11	vfdb	YP_404607	(gspK) general secretion pathway protein K [T2SS (VF0333)] [Shigella dysenteriae Sd197]	
AI-5395_64_66_assembly.fasta	AI-5395_64_66_1	3562594	3563163	-	gspJ	1-570/570	===============	0/0	100.00	97.02	vfdb	YP_404606	(gspJ) general secretion pathway protein J [T2SS (VF0333)] [Shigella dysenteriae Sd197]	
AI-5395_64_66_assembly.fasta	AI-5395_64_66_1	3563196	3563567	-	gspI	1-372/372	===============	0/0	100.00	95.16	vfdb	YP_404605	(gspI) general secretion pathway protein I [T2SS (VF0333)] [Shigella dysenteriae Sd197]	
AI-5395_64_66_assembly.fasta	AI-5395_64_66_1	3563564	3564094	-	gspH	1-531/531	===============	0/0	100.00	96.05	vfdb	YP_404604	(gspH) general secretion pathway protein H [T2SS (VF0333)] [Shigella dysenteriae Sd197]	
AI-5395_64_66_assembly.fasta	AI-5395_64_66_1	3564131	3564586	-	gspG	1-456/456	===============	0/0	100.00	95.61	vfdb	YP_404603	(gspG) general secretion pathway protein G [T2SS (VF0333)] [Shigella dysenteriae Sd197]	
AI-5395_64_66_assembly.fasta	AI-5395_64_66_1	3564627	3565826	-	gspF	1-1200/1200	===============	0/0	100.00	96.25	vfdb	YP_404602	(gspF) general secretion pathway protein F [T2SS (VF0333)] [Shigella dysenteriae Sd197]	
AI-5395_64_66_assembly.fasta	AI-5395_64_66_1	3565826	3567319	-	gspE	1-1494/1494	===============	0/0	100.00	97.12	vfdb	YP_404601	(gspE) general secretion pathway protein E [T2SS (VF0333)] [Shigella dysenteriae Sd197]	
AI-5395_64_66_assembly.fasta	AI-5395_64_66_1	3567319	3569169	-	gspD	1-1836/1836	========/======	1/15	100.00	97.03	vfdb	YP_404600	(gspD) general secretion pathway protein D [T2SS (VF0333)] [Shigella dysenteriae Sd197]	
AI-5395_64_66_assembly.fasta	AI-5395_64_66_1	3569409	3570239	-	gspC	1-831/831	===============	0/0	100.00	95.07	vfdb	YP_404599	(gspC) general secretion pathway protein C [T2SS (VF0333)] [Shigella dysenteriae Sd197]	
AI-5395_64_66_assembly.fasta	AI-5395_64_66_1	4764845	4766425	+	espX4	1-1581/1581	========/======	2/2	99.94	93.11	vfdb	NP_290672	(espX4) Type III secretion system effector EspX4 [LEE encoded T3SS (SS020)] [Escherichia coli O157:H7 str. EDL933]	
AI-5395_64_66_assembly.fasta	AI-5395_64_66_1	4795944	4797236	-	espX5	1-1293/1293	===============	0/0	100.00	95.67	vfdb	NP_290699	(espX5) Type III secretion system effector EspX5 [LEE encoded T3SS (SS020)] [Escherichia coli O157:H7 str. EDL933]	
AI-5395_64_66_assembly.fasta	AI-5395_64_66_2	67949	70126	+	iroN	1-2178/2178	===============	0/0	100.00	99.08	vfdb	NP_753164	(iroN) salmochelin receptor IroN [IroN (VF0230)] [Escherichia coli CFT073]	
AI-5395_64_66_assembly.fasta	AI-5395_64_66_2	70171	71127	-	iroE	1-957/957	===============	0/0	100.00	99.48	vfdb	NP_753165	(iroE) esterase [Salmochelin (IA013)] [Escherichia coli CFT073]	
AI-5395_64_66_assembly.fasta	AI-5395_64_66_2	71212	72441	-	iroD	1-1230/1230	===============	0/0	100.00	99.11	vfdb	NP_753166	(iroD) esterase [Salmochelin (IA013)] [Escherichia coli CFT073]	
AI-5395_64_66_assembly.fasta	AI-5395_64_66_2	87793	89580	+	iucA	1-1788/1788	===============	0/0	100.00	94.24	vfdb	NP_755502	(iucA) aerobactin siderophore biosynthesis protein IucD [Aerobactin (VF0229)] [Escherichia coli CFT073]	
AI-5395_64_66_assembly.fasta	AI-5395_64_66_2	89581	90528	+	iucB	1-948/948	===============	0/0	100.00	95.57	vfdb	NP_755501	(iucB) aerobactin siderophore biosynthesis protein IucB [Aerobactin (VF0229)] [Escherichia coli CFT073]	
AI-5395_64_66_assembly.fasta	AI-5395_64_66_2	90528	92270	+	iucC	1-1743/1743	===============	0/0	100.00	96.04	vfdb	NP_755500	(iucC) aerobactin siderophore biosynthesis protein IucC [Aerobactin (VF0229)] [Escherichia coli CFT073]	
AI-5395_64_66_assembly.fasta	AI-5395_64_66_2	92267	93588	+	iucD	1-1323/1338	========/======	1/1	98.80	96.30	vfdb	NP_755499	(iucD) L-lysine 6-monooxygenase IucD [Aerobactin (VF0229)] [Escherichia coli CFT073]	
AI-5395_64_66_assembly.fasta	AI-5395_64_66_2	93526	95827	+	iutA	1-2280/2280	========/======	3/24	99.96	88.36	vfdb	NP_755498	(iutA) ferric aerobactin receptor precusor IutA [Aerobactin (VF0229)] [Escherichia coli CFT073]	
AI-5395_65_67_assembly.fasta	AI-5395_65_67_1	502027	502857	+	gspC	1-831/831	===============	0/0	100.00	95.31	vfdb	YP_404599	(gspC) general secretion pathway protein C [T2SS (VF0333)] [Shigella dysenteriae Sd197]	
AI-5395_65_67_assembly.fasta	AI-5395_65_67_1	503097	504947	+	gspD	1-1836/1836	========/======	1/15	100.00	95.14	vfdb	YP_404600	(gspD) general secretion pathway protein D [T2SS (VF0333)] [Shigella dysenteriae Sd197]	
AI-5395_65_67_assembly.fasta	AI-5395_65_67_1	504947	506440	+	gspE	1-1494/1494	===============	0/0	100.00	95.58	vfdb	YP_404601	(gspE) general secretion pathway protein E [T2SS (VF0333)] [Shigella dysenteriae Sd197]	
AI-5395_65_67_assembly.fasta	AI-5395_65_67_1	506440	507639	+	gspF	1-1200/1200	===============	0/0	100.00	93.50	vfdb	YP_404602	(gspF) general secretion pathway protein F [T2SS (VF0333)] [Shigella dysenteriae Sd197]	
AI-5395_65_67_assembly.fasta	AI-5395_65_67_1	507680	508135	+	gspG	1-456/456	===============	0/0	100.00	94.52	vfdb	YP_404603	(gspG) general secretion pathway protein G [T2SS (VF0333)] [Shigella dysenteriae Sd197]	
AI-5395_65_67_assembly.fasta	AI-5395_65_67_1	508172	508702	+	gspH	1-531/531	===============	0/0	100.00	96.23	vfdb	YP_404604	(gspH) general secretion pathway protein H [T2SS (VF0333)] [Shigella dysenteriae Sd197]	
AI-5395_65_67_assembly.fasta	AI-5395_65_67_1	508699	509070	+	gspI	1-372/372	===============	0/0	100.00	94.62	vfdb	YP_404605	(gspI) general secretion pathway protein I [T2SS (VF0333)] [Shigella dysenteriae Sd197]	
AI-5395_65_67_assembly.fasta	AI-5395_65_67_1	509103	509672	+	gspJ	1-570/570	===============	0/0	100.00	94.74	vfdb	YP_404606	(gspJ) general secretion pathway protein J [T2SS (VF0333)] [Shigella dysenteriae Sd197]	
AI-5395_65_67_assembly.fasta	AI-5395_65_67_1	509669	510646	+	gspK	1-978/978	===============	0/0	100.00	97.03	vfdb	YP_404607	(gspK) general secretion pathway protein K [T2SS (VF0333)] [Shigella dysenteriae Sd197]	
AI-5395_65_67_assembly.fasta	AI-5395_65_67_1	510961	511821	+	gspL	1-861/861	===============	0/0	100.00	95.24	vfdb	YP_404608	(gspL) general secretion pathway protein L [T2SS (VF0333)] [Shigella dysenteriae Sd197]	
AI-5395_65_67_assembly.fasta	AI-5395_65_67_1	511937	512358	+	gspM	1-422/423	===============	0/0	99.76	94.79	vfdb	YP_404609	(gspM) general secretion pathway protein M [T2SS (VF0333)] [Shigella dysenteriae Sd197]	
AI-5395_65_67_assembly.fasta	AI-5395_65_67_1	513417	514193	+	kpsM	1-777/777	===============	0/0	100.00	94.98	vfdb	AAA24046	(kpsM) KpsM [K1 capsule (VF0239)] [Escherichia coli O18:K1:H7 str. RS218]	
AI-5395_65_67_assembly.fasta	AI-5395_65_67_1	529627	531303	-	kpsD	1-1677/1677	===============	0/0	100.00	99.17	vfdb	AAA21682	(kpsD) KpsD [K1 capsule (VF0239)] [Escherichia coli O18:K1:H7 str. RS218]	
AI-5395_65_67_assembly.fasta	AI-5395_65_67_1	564729	566516	+	iucA	1-1788/1788	===============	0/0	100.00	94.02	vfdb	NP_755502	(iucA) aerobactin siderophore biosynthesis protein IucD [Aerobactin (VF0229)] [Escherichia coli CFT073]	
AI-5395_65_67_assembly.fasta	AI-5395_65_67_1	566517	567464	+	iucB	1-948/948	===============	0/0	100.00	95.57	vfdb	NP_755501	(iucB) aerobactin siderophore biosynthesis protein IucB [Aerobactin (VF0229)] [Escherichia coli CFT073]	
AI-5395_65_67_assembly.fasta	AI-5395_65_67_1	567464	569206	+	iucC	1-1743/1743	===============	0/0	100.00	95.81	vfdb	NP_755500	(iucC) aerobactin siderophore biosynthesis protein IucC [Aerobactin (VF0229)] [Escherichia coli CFT073]	
AI-5395_65_67_assembly.fasta	AI-5395_65_67_1	569203	570524	+	iucD	1-1323/1338	========/======	1/1	98.80	95.99	vfdb	NP_709457	(iucD) aerobactin synthesis protein IucC lysine 6-monooxygenase [Aerobactin (VF0123)] [Shigella flexneri 2a str. 301]	
AI-5395_65_67_assembly.fasta	AI-5395_65_67_1	570462	572763	+	iutA	1-2280/2280	========/======	3/24	99.96	87.97	vfdb	NP_755498	(iutA) ferric aerobactin receptor precusor IutA [Aerobactin (VF0229)] [Escherichia coli CFT073]	
AI-5395_65_67_assembly.fasta	AI-5395_65_67_1	1778930	1780064	+	espR4	1-1140/1140	========/======	5/7	99.47	84.31	vfdb	NP_288396	(espR4) Type III secretion system effector espR4 [LEE encoded T3SS (SS020)] [Escherichia coli O157:H7 str. EDL933]	
AI-5395_65_67_assembly.fasta	AI-5395_65_67_1	1986213	1988112	-	espL1	1-1899/1899	========/======	1/1	100.00	97.53	vfdb	NP_288154	(espL1) Type III secretion system effector espL1 [LEE encoded T3SS (SS020)] [Escherichia coli O157:H7 str. EDL933]	
AI-5395_65_67_assembly.fasta	AI-5395_65_67_1	2250275	2251329	+	espR1	198-1253/1260	..======/======	1/1	83.73	93.94	vfdb	NP_287686	(espR1) Type III secretion system effector espR1 [LEE encoded T3SS (SS020)] [Escherichia coli O157:H7 str. EDL933]	
AI-5395_65_67_assembly.fasta	AI-5395_65_67_1	2673839	2674294	-	csgB	1-456/456	========/======	2/2	99.78	83.59	vfdb	NP_460114	(csgB) minor curlin subunit precursor curli nucleator protein CsgB [Agf (VF0103)] [Salmonella enterica subsp. enterica serovar Typhimurium str. LT2]	
AI-5395_65_67_assembly.fasta	AI-5395_65_67_1	2675049	2675699	+	csgD	1-651/651	===============	0/0	100.00	81.11	vfdb	NP_460113	(csgD) DNA-binding transcriptional regulator CsgD [curli fibers/thin aggregative fimbriae (AGF) (AI094)] [Salmonella enterica subsp. enterica serovar Typhimurium str. LT2]	
AI-5395_65_67_assembly.fasta	AI-5395_65_67_1	2676118	2676534	+	csgF	1-417/417	========/======	3/8	99.04	81.23	vfdb	NP_460111	(csgF) curli production assembly/transport protein CsgF [Agf (VF0103)] [Salmonella enterica subsp. enterica serovar Typhimurium str. LT2]	
AI-5395_65_67_assembly.fasta	AI-5395_65_67_1	2676561	2677394	+	csgG	1-834/834	===============	0/0	100.00	83.45	vfdb	NP_460110	(csgG) curli production assembly/transport protein CsgG [Agf (VF0103)] [Salmonella enterica subsp. enterica serovar Typhimurium str. LT2]	
AI-5395_65_67_assembly.fasta	AI-5395_65_67_1	2755672	2756712	+	ompA	1-1041/1041	===============	0/0	100.00	98.17	vfdb	AAF37887	(ompA) outer membrane protein A [OmpA (VF0236)] [Escherichia coli O18:K1:H7 str. RS218]	
AI-5395_65_67_assembly.fasta	AI-5395_65_67_1	3213739	3214485	-	entA	1-747/747	===============	0/0	100.00	95.98	vfdb	NP_752614	(entA) 23-dihydro-23-dihydroxybenzoate dehydrogenase [Enterobactin (VF0228)] [Escherichia coli CFT073]	
AI-5395_65_67_assembly.fasta	AI-5395_65_67_1	3214485	3215342	-	entB	1-858/858	===============	0/0	100.00	98.37	vfdb	NP_752613	(entB) isochorismatase [Enterobactin (VF0228)] [Escherichia coli CFT073]	
AI-5395_65_67_assembly.fasta	AI-5395_65_67_1	3215356	3216966	-	entE	1-1611/1611	===============	0/0	100.00	95.72	vfdb	NP_752612	(entE) 23-dihydroxybenzoate-AMP ligase component of enterobactin synthase multienzyme complex [Enterobactin (VF0228)] [Escherichia coli CFT073]	
AI-5395_65_67_assembly.fasta	AI-5395_65_67_1	3216976	3218163	-	entC	1-1188/1188	===============	0/0	100.00	97.39	vfdb	NP_752611	(entC) isochorismate synthase 1 [Enterobactin (VF0228)] [Escherichia coli CFT073]	
AI-5395_65_67_assembly.fasta	AI-5395_65_67_1	3218526	3219482	+	fepB	1-957/957	===============	0/0	100.00	96.97	vfdb	NP_752610	(fepB) ferrienterobactin ABC transporter periplasmic binding protein [Enterobactin (VF0228)] [Escherichia coli CFT073]	
AI-5395_65_67_assembly.fasta	AI-5395_65_67_1	3219486	3220736	-	entS	1-1251/1251	===============	0/0	100.00	96.24	vfdb	NP_752609	(entS) enterobactin exporter iron-regulated [enterobactin (IA019)] [Escherichia coli CFT073]	
AI-5395_65_67_assembly.fasta	AI-5395_65_67_1	3220835	3221851	+	fepD	1-1017/1017	===============	0/0	100.00	96.36	vfdb	NP_752608	(fepD) ferrienterobactin ABC transporter permease [Enterobactin (VF0228)] [Escherichia coli CFT073]	
AI-5395_65_67_assembly.fasta	AI-5395_65_67_1	3221848	3222840	+	fepG	1-993/993	===============	0/0	100.00	94.76	vfdb	NP_752607	(fepG) iron-enterobactin ABC transporter permease [Enterobactin (VF0228)] [Escherichia coli CFT073]	
AI-5395_65_67_assembly.fasta	AI-5395_65_67_1	3222837	3223652	+	fepC	1-816/816	===============	0/0	100.00	96.69	vfdb	NP_752606	(fepC) ferrienterobactin ABC transporter ATPase [Enterobactin (VF0228)] [Escherichia coli CFT073]	
AI-5395_65_67_assembly.fasta	AI-5395_65_67_1	3225026	3228879	-	entF	1-3854/3882	===============	0/0	99.28	95.69	vfdb	NP_752604	(entF) enterobactin synthase multienzyme complex component ATP-dependent [Enterobactin (VF0228)] [Escherichia coli CFT073]	
AI-5395_65_67_assembly.fasta	AI-5395_65_67_1	3229097	3230299	-	fes	1-1203/1203	===============	0/0	100.00	96.59	vfdb	NP_752602	(fes) enterobactin/ferric enterobactin esterase [enterobactin (IA019)] [Escherichia coli CFT073]	
AI-5395_65_67_assembly.fasta	AI-5395_65_67_1	3230543	3232783	+	fepA	1-2241/2241	===============	0/0	100.00	96.74	vfdb	NP_752600	(fepA) ferrienterobactin outer membrane transporter [Enterobactin (VF0228)] [Escherichia coli CFT073]	
AI-5395_65_67_assembly.fasta	AI-5395_65_67_1	3232808	3233578	+	entD	1-771/771	===============	0/0	100.00	95.20	vfdb	NP_752599	(entD) phosphopantetheinyl transferase component of enterobactin synthase multienzyme complex [Enterobactin (VF0228)] [Escherichia coli CFT073]	
AI-5395_65_67_assembly.fasta	AI-5395_65_67_1	3534028	3538270	-	fdeC	1-4246/4251	========/======	2/9	99.74	94.70	vfdb	YP_002390132	(fdeC) adhesin FdeC [FdeC (VF0506)] [Escherichia coli O45:K1:H7 str. S88]	
AI-5395_65_67_assembly.fasta	AI-5395_65_67_1	3541290	3541880	+	ykgK/ecpR	1-591/591	===============	0/0	100.00	96.95	vfdb	NP_286011	(ykgK/ecpR) regulator protein EcpR [ECP (VF0404)] [Escherichia coli O157:H7 str. EDL933]	
AI-5395_65_67_assembly.fasta	AI-5395_65_67_1	3541958	3542541	+	yagZ/ecpA	5-588/588	===============	0/0	99.32	99.14	vfdb	NP_286010	(yagZ/ecpA) E. coli common pilus structural subunit EcpA [ECP (VF0404)] [Escherichia coli O157:H7 str. EDL933]	
AI-5395_65_67_assembly.fasta	AI-5395_65_67_1	3542599	3543267	+	yagY/ecpB	1-669/669	===============	0/0	100.00	98.95	vfdb	NP_286009	(yagY/ecpB) E. coli common pilus chaperone EcpB [ECP (VF0404)] [Escherichia coli O157:H7 str. EDL933]	
AI-5395_65_67_assembly.fasta	AI-5395_65_67_1	3543293	3545818	+	yagX/ecpC	1-2526/2526	===============	0/0	100.00	99.09	vfdb	NP_286008	(yagX/ecpC) E. coli common pilus usher EcpC [ECP (VF0404)] [Escherichia coli O157:H7 str. EDL933]	
AI-5395_65_67_assembly.fasta	AI-5395_65_67_1	3545808	3547451	+	yagW/ecpD	1-1644/1644	===============	0/0	100.00	99.09	vfdb	NP_286007	(yagW/ecpD) polymerized tip adhesin of ECP fibers [ECP (VF0404)] [Escherichia coli O157:H7 str. EDL933]	
AI-5395_65_67_assembly.fasta	AI-5395_65_67_1	3547375	3548128	+	yagV/ecpE	1-754/756	===============	0/0	99.74	96.95	vfdb	NP_286006	(yagV/ecpE) E. coli common pilus chaperone EcpE [ECP (VF0404)] [Escherichia coli O157:H7 str. EDL933]	
AI-5395_65_67_assembly.fasta	AI-5395_65_67_1	3933104	3934015	-	fimH	1-912/912	===============	0/0	100.00	97.37	vfdb	NP_757248	(fimH) FimH protein precursor [Type 1 fimbriae (VF0221)] [Escherichia coli CFT073]	
AI-5395_65_67_assembly.fasta	AI-5395_65_67_1	3934026	3934529	-	fimG	1-504/504	===============	0/0	100.00	98.02	vfdb	NP_757247	(fimG) FimG protein precursor [Type 1 fimbriae (VF0221)] [Escherichia coli CFT073]	
AI-5395_65_67_assembly.fasta	AI-5395_65_67_1	3934542	3935075	-	fimF	1-534/534	===============	0/0	100.00	97.57	vfdb	NP_757245	(fimF) FimF protein precursor [Type 1 fimbriae (VF0221)] [Escherichia coli CFT073]	
AI-5395_65_67_assembly.fasta	AI-5395_65_67_1	3935082	3937718	-	fimD	1-2637/2637	===============	0/0	100.00	98.60	vfdb	NP_757244	(fimD) Outer membrane usher protein fimD precursor [Type 1 fimbriae (VF0221)] [Escherichia coli CFT073]	
AI-5395_65_67_assembly.fasta	AI-5395_65_67_1	3937785	3938510	-	fimC	1-726/726	===============	0/0	100.00	98.35	vfdb	NP_757243	(fimC) Chaperone protein fimC precursor [Type 1 fimbriae (VF0221)] [Escherichia coli CFT073]	
AI-5395_65_67_assembly.fasta	AI-5395_65_67_1	3938547	3939086	-	fimI	1-540/540	===============	0/0	100.00	99.07	vfdb	NP_757242	(fimI) Fimbrin-like protein fimI precursor [Type 1 fimbriae (VF0221)] [Escherichia coli CFT073]	
AI-5395_65_67_assembly.fasta	AI-5395_65_67_1	3939151	3939756	-	fimA	1-606/606	===============	0/0	100.00	90.76	vfdb	NP_757241	(fimA) Type-1 fimbrial protein A chain precursor [Type 1 fimbriae (VF0221)] [Escherichia coli CFT073]	
AI-5395_65_67_assembly.fasta	AI-5395_65_67_1	3940180	3940776	-	fimE	1-597/597	===============	0/0	100.00	99.00	vfdb	NP_757240	(fimE) Type 1 fimbriae Regulatory protein fimE [Type 1 fimbriae (VF0221)] [Escherichia coli CFT073]	
AI-5395_65_67_assembly.fasta	AI-5395_65_67_1	3941254	3941856	-	fimB	1-603/603	===============	0/0	100.00	97.84	vfdb	NP_757239	(fimB) Type 1 fimbriae Regulatory protein fimB [Type 1 fimbriae (VF0221)] [Escherichia coli CFT073]	
AI-5395_65_67_assembly.fasta	AI-5395_65_67_1	4259441	4260734	+	espX5	1-1293/1293	========/======	1/1	100.00	96.29	vfdb	NP_290699	(espX5) Type III secretion system effector EspX5 [LEE encoded T3SS (SS020)] [Escherichia coli O157:H7 str. EDL933]	
AI-5395_65_67_assembly.fasta	AI-5395_65_67_1	4290272	4291852	-	espX4	1-1581/1581	========/======	2/2	99.94	93.24	vfdb	NP_290672	(espX4) Type III secretion system effector EspX4 [LEE encoded T3SS (SS020)] [Escherichia coli O157:H7 str. EDL933]	
AI-5395_65_67_assembly.fasta	AI-5395_65_67_1	4567431	4568859	+	aslA	1-1428/1428	========/======	1/1	100.00	97.27	vfdb	AAG10151	(aslA) putative arylsulfatase [AslA (VF0238)] [Escherichia coli O18:K1:H7 str. RS218]	
AI-5395_65_67_assembly.fasta	AI-5395_65_67_2	48771	50948	+	iroN	1-2178/2178	===============	0/0	100.00	99.08	vfdb	NP_753164	(iroN) salmochelin receptor IroN [IroN (VF0230)] [Escherichia coli CFT073]	
AI-5395_65_67_assembly.fasta	AI-5395_65_67_2	50993	51949	-	iroE	1-957/957	===============	0/0	100.00	99.48	vfdb	NP_753165	(iroE) esterase [Salmochelin (IA013)] [Escherichia coli CFT073]	
AI-5395_65_67_assembly.fasta	AI-5395_65_67_2	52034	53263	-	iroD	1-1230/1230	===============	0/0	100.00	99.11	vfdb	NP_753166	(iroD) esterase [Salmochelin (IA013)] [Escherichia coli CFT073]	
AI-5395_65_67_assembly.fasta	AI-5395_65_67_2	53367	57104	-	iroC	1-3738/3738	===============	0/0	100.00	99.22	vfdb	NP_753167	(iroC) ATP binding cassette transporter [Salmochelin (IA013)] [Escherichia coli CFT073]	
AI-5395_65_67_assembly.fasta	AI-5395_65_67_2	57167	58329	-	iroB	1-1163/1164	===============	0/0	99.91	98.28	vfdb	NP_753168	(iroB) glucosyltransferase IroB [Salmochelin (IA013)] [Escherichia coli CFT073]	
AI-5395_66_68_assembly.fasta	AI-5395_66_68_2	72052	73187	+	espR4	1-1140/1140	========/======	4/6	99.56	84.49	vfdb	NP_288396	(espR4) Type III secretion system effector espR4 [LEE encoded T3SS (SS020)] [Escherichia coli O157:H7 str. EDL933]	
AI-5395_66_68_assembly.fasta	AI-5395_66_68_2	278493	280392	-	espL1	1-1899/1899	========/======	1/1	100.00	97.53	vfdb	NP_288154	(espL1) Type III secretion system effector espL1 [LEE encoded T3SS (SS020)] [Escherichia coli O157:H7 str. EDL933]	
AI-5395_66_68_assembly.fasta	AI-5395_66_68_2	552586	553639	+	espR1	198-1253/1260	..======/======	2/2	83.65	93.84	vfdb	NP_287686	(espR1) Type III secretion system effector espR1 [LEE encoded T3SS (SS020)] [Escherichia coli O157:H7 str. EDL933]	
AI-5395_66_68_assembly.fasta	AI-5395_66_68_2	961512	961967	-	csgB	1-456/456	========/======	2/2	99.78	83.81	vfdb	NP_460114	(csgB) minor curlin subunit precursor curli nucleator protein CsgB [Agf (VF0103)] [Salmonella enterica subsp. enterica serovar Typhimurium str. LT2]	
AI-5395_66_68_assembly.fasta	AI-5395_66_68_2	962722	963372	+	csgD	1-651/651	===============	0/0	100.00	81.11	vfdb	NP_460113	(csgD) DNA-binding transcriptional regulator CsgD [curli fibers/thin aggregative fimbriae (AGF) (AI094)] [Salmonella enterica subsp. enterica serovar Typhimurium str. LT2]	
AI-5395_66_68_assembly.fasta	AI-5395_66_68_2	963791	964207	+	csgF	1-417/417	========/======	3/8	99.04	81.23	vfdb	NP_460111	(csgF) curli production assembly/transport protein CsgF [Agf (VF0103)] [Salmonella enterica subsp. enterica serovar Typhimurium str. LT2]	
AI-5395_66_68_assembly.fasta	AI-5395_66_68_2	964234	965067	+	csgG	1-834/834	===============	0/0	100.00	83.45	vfdb	NP_460110	(csgG) curli production assembly/transport protein CsgG [Agf (VF0103)] [Salmonella enterica subsp. enterica serovar Typhimurium str. LT2]	
AI-5395_66_68_assembly.fasta	AI-5395_66_68_2	1044906	1045946	+	ompA	1-1041/1041	===============	0/0	100.00	98.08	vfdb	AAF37887	(ompA) outer membrane protein A [OmpA (VF0236)] [Escherichia coli O18:K1:H7 str. RS218]	
AI-5395_66_68_assembly.fasta	AI-5395_66_68_2	1451162	1451908	-	entA	1-747/747	===============	0/0	100.00	95.72	vfdb	NP_752614	(entA) 23-dihydro-23-dihydroxybenzoate dehydrogenase [Enterobactin (VF0228)] [Escherichia coli CFT073]	
AI-5395_66_68_assembly.fasta	AI-5395_66_68_2	1451908	1452765	-	entB	1-858/858	===============	0/0	100.00	98.14	vfdb	NP_752613	(entB) isochorismatase [Enterobactin (VF0228)] [Escherichia coli CFT073]	
AI-5395_66_68_assembly.fasta	AI-5395_66_68_2	1452779	1454389	-	entE	1-1611/1611	===============	0/0	100.00	95.47	vfdb	NP_752612	(entE) 23-dihydroxybenzoate-AMP ligase component of enterobactin synthase multienzyme complex [Enterobactin (VF0228)] [Escherichia coli CFT073]	
AI-5395_66_68_assembly.fasta	AI-5395_66_68_2	1454399	1455586	-	entC	1-1188/1188	===============	0/0	100.00	97.90	vfdb	NP_752611	(entC) isochorismate synthase 1 [Enterobactin (VF0228)] [Escherichia coli CFT073]	
AI-5395_66_68_assembly.fasta	AI-5395_66_68_2	1455949	1456905	+	fepB	1-957/957	===============	0/0	100.00	97.49	vfdb	NP_752610	(fepB) ferrienterobactin ABC transporter periplasmic binding protein [Enterobactin (VF0228)] [Escherichia coli CFT073]	
AI-5395_66_68_assembly.fasta	AI-5395_66_68_2	1456909	1458159	-	entS	1-1251/1251	===============	0/0	100.00	95.44	vfdb	NP_752609	(entS) enterobactin exporter iron-regulated [enterobactin (IA019)] [Escherichia coli CFT073]	
AI-5395_66_68_assembly.fasta	AI-5395_66_68_2	1458258	1459274	+	fepD	1-1017/1017	===============	0/0	100.00	96.07	vfdb	NP_752608	(fepD) ferrienterobactin ABC transporter permease [Enterobactin (VF0228)] [Escherichia coli CFT073]	
AI-5395_66_68_assembly.fasta	AI-5395_66_68_2	1459271	1460263	+	fepG	1-993/993	===============	0/0	100.00	94.06	vfdb	NP_752607	(fepG) iron-enterobactin ABC transporter permease [Enterobactin (VF0228)] [Escherichia coli CFT073]	
AI-5395_66_68_assembly.fasta	AI-5395_66_68_2	1460260	1461075	+	fepC	1-816/816	===============	0/0	100.00	97.30	vfdb	NP_752606	(fepC) ferrienterobactin ABC transporter ATPase [Enterobactin (VF0228)] [Escherichia coli CFT073]	
AI-5395_66_68_assembly.fasta	AI-5395_66_68_2	1462449	1466302	-	entF	1-3854/3882	===============	0/0	99.28	95.69	vfdb	NP_752604	(entF) enterobactin synthase multienzyme complex component ATP-dependent [Enterobactin (VF0228)] [Escherichia coli CFT073]	
AI-5395_66_68_assembly.fasta	AI-5395_66_68_2	1466520	1467722	-	fes	1-1203/1203	===============	0/0	100.00	96.67	vfdb	NP_752602	(fes) enterobactin/ferric enterobactin esterase [enterobactin (IA019)] [Escherichia coli CFT073]	
AI-5395_66_68_assembly.fasta	AI-5395_66_68_2	1467965	1470205	+	fepA	1-2241/2241	===============	0/0	100.00	96.74	vfdb	NP_752600	(fepA) ferrienterobactin outer membrane transporter [Enterobactin (VF0228)] [Escherichia coli CFT073]	
AI-5395_66_68_assembly.fasta	AI-5395_66_68_2	1470230	1471000	+	entD	1-771/771	===============	0/0	100.00	95.20	vfdb	NP_752599	(entD) phosphopantetheinyl transferase component of enterobactin synthase multienzyme complex [Enterobactin (VF0228)] [Escherichia coli CFT073]	
AI-5395_66_68_assembly.fasta	AI-5395_66_68_2	1761700	1765489	-	fdeC	1-3790/4251	==============.	0/0	89.16	94.91	vfdb	YP_002390132	(fdeC) adhesin FdeC [FdeC (VF0506)] [Escherichia coli O45:K1:H7 str. S88]	
AI-5395_66_68_assembly.fasta	AI-5395_66_68_2	1768511	1769101	+	ykgK/ecpR	1-591/591	===============	0/0	100.00	96.95	vfdb	NP_286011	(ykgK/ecpR) regulator protein EcpR [ECP (VF0404)] [Escherichia coli O157:H7 str. EDL933]	
AI-5395_66_68_assembly.fasta	AI-5395_66_68_2	1769176	1769763	+	yagZ/ecpA	1-588/588	===============	0/0	100.00	99.15	vfdb	NP_286010	(yagZ/ecpA) E. coli common pilus structural subunit EcpA [ECP (VF0404)] [Escherichia coli O157:H7 str. EDL933]	
AI-5395_66_68_assembly.fasta	AI-5395_66_68_2	1769821	1770489	+	yagY/ecpB	1-669/669	===============	0/0	100.00	98.06	vfdb	NP_286009	(yagY/ecpB) E. coli common pilus chaperone EcpB [ECP (VF0404)] [Escherichia coli O157:H7 str. EDL933]	
AI-5395_66_68_assembly.fasta	AI-5395_66_68_2	1770515	1773040	+	yagX/ecpC	1-2526/2526	===============	0/0	100.00	98.73	vfdb	NP_286008	(yagX/ecpC) E. coli common pilus usher EcpC [ECP (VF0404)] [Escherichia coli O157:H7 str. EDL933]	
AI-5395_66_68_assembly.fasta	AI-5395_66_68_2	1773030	1774673	+	yagW/ecpD	1-1644/1644	===============	0/0	100.00	99.09	vfdb	NP_286007	(yagW/ecpD) polymerized tip adhesin of ECP fibers [ECP (VF0404)] [Escherichia coli O157:H7 str. EDL933]	
AI-5395_66_68_assembly.fasta	AI-5395_66_68_2	1774597	1775350	+	yagV/ecpE	1-754/756	===============	0/0	99.74	97.08	vfdb	NP_286006	(yagV/ecpE) E. coli common pilus chaperone EcpE [ECP (VF0404)] [Escherichia coli O157:H7 str. EDL933]	
AI-5395_66_68_assembly.fasta	AI-5395_66_68_2	2039047	2039828	-	espY1	1-753/753	========/======	3/31	99.87	90.42	vfdb	NP_285753	(espY1) Type III secretion system effector EspY1 [LEE encoded T3SS (SS020)] [Escherichia coli O157:H7 str. EDL933]	
AI-5395_66_68_assembly.fasta	AI-5395_66_68_2	2178663	2179574	-	fimH	1-912/912	===============	0/0	100.00	97.37	vfdb	NP_757248	(fimH) FimH protein precursor [Type 1 fimbriae (VF0221)] [Escherichia coli CFT073]	
AI-5395_66_68_assembly.fasta	AI-5395_66_68_2	2179585	2180088	-	fimG	1-504/504	===============	0/0	100.00	97.82	vfdb	NP_757247	(fimG) FimG protein precursor [Type 1 fimbriae (VF0221)] [Escherichia coli CFT073]	
AI-5395_66_68_assembly.fasta	AI-5395_66_68_2	2180101	2180634	-	fimF	1-534/534	===============	0/0	100.00	97.94	vfdb	NP_757245	(fimF) FimF protein precursor [Type 1 fimbriae (VF0221)] [Escherichia coli CFT073]	
AI-5395_66_68_assembly.fasta	AI-5395_66_68_2	2180641	2183277	-	fimD	1-2637/2637	===============	0/0	100.00	98.56	vfdb	NP_757244	(fimD) Outer membrane usher protein fimD precursor [Type 1 fimbriae (VF0221)] [Escherichia coli CFT073]	
AI-5395_66_68_assembly.fasta	AI-5395_66_68_2	2183344	2184069	-	fimC	1-726/726	===============	0/0	100.00	98.90	vfdb	NP_757243	(fimC) Chaperone protein fimC precursor [Type 1 fimbriae (VF0221)] [Escherichia coli CFT073]	
AI-5395_66_68_assembly.fasta	AI-5395_66_68_2	2184106	2184645	-	fimI	1-540/540	===============	0/0	100.00	98.70	vfdb	NP_757242	(fimI) Fimbrin-like protein fimI precursor [Type 1 fimbriae (VF0221)] [Escherichia coli CFT073]	
AI-5395_66_68_assembly.fasta	AI-5395_66_68_2	2184710	2185321	-	fimA	1-606/606	========/======	1/6	100.00	88.56	vfdb	NP_757241	(fimA) Type-1 fimbrial protein A chain precursor [Type 1 fimbriae (VF0221)] [Escherichia coli CFT073]	
AI-5395_66_68_assembly.fasta	AI-5395_66_68_2	2185748	2186342	-	fimE	1-595/597	===============	0/0	99.66	99.33	vfdb	NP_757240	(fimE) Type 1 fimbriae Regulatory protein fimE [Type 1 fimbriae (VF0221)] [Escherichia coli CFT073]	
AI-5395_66_68_assembly.fasta	AI-5395_66_68_2	2186819	2187421	-	fimB	1-603/603	===============	0/0	100.00	98.18	vfdb	NP_757239	(fimB) Type 1 fimbriae Regulatory protein fimB [Type 1 fimbriae (VF0221)] [Escherichia coli CFT073]	
AI-5395_66_68_assembly.fasta	AI-5395_66_68_2	2465770	2467062	+	espX5	1-1293/1293	===============	0/0	100.00	97.14	vfdb	NP_290699	(espX5) Type III secretion system effector EspX5 [LEE encoded T3SS (SS020)] [Escherichia coli O157:H7 str. EDL933]	
AI-5395_66_68_assembly.fasta	AI-5395_66_68_2	2496561	2498141	-	espX4	1-1581/1581	========/======	2/2	99.94	93.30	vfdb	NP_290672	(espX4) Type III secretion system effector EspX4 [LEE encoded T3SS (SS020)] [Escherichia coli O157:H7 str. EDL933]	
AI-5395_66_68_assembly.fasta	AI-5395_66_68_2	2526357	2528543	+	espL4	1-2187/2187	===============	0/0	100.00	97.30	vfdb	NP_290644	(espL4) Type III secretion system effector EspL4 [LEE encoded T3SS (SS020)] [Escherichia coli O157:H7 str. EDL933]	
AI-5395_66_68_assembly.fasta	AI-5395_66_68_2	2762753	2764181	+	aslA	1-1428/1428	========/======	1/1	100.00	93.56	vfdb	AAG10151	(aslA) putative arylsulfatase [AslA (VF0238)] [Escherichia coli O18:K1:H7 str. RS218]	
AI-5395_66_68_assembly.fasta	AI-5395_66_68_2	3683382	3683753	+	gspI	1-372/372	===============	0/0	100.00	95.16	vfdb	YP_404605	(gspI) general secretion pathway protein I [T2SS (VF0333)] [Shigella dysenteriae Sd197]	
AI-5395_66_68_assembly.fasta	AI-5395_66_68_2	3683786	3684355	+	gspJ	1-570/570	===============	0/0	100.00	96.67	vfdb	YP_404606	(gspJ) general secretion pathway protein J [T2SS (VF0333)] [Shigella dysenteriae Sd197]	
AI-5395_66_68_assembly.fasta	AI-5395_66_68_2	3684352	3685329	+	gspK	1-978/978	===============	0/0	100.00	97.03	vfdb	YP_404607	(gspK) general secretion pathway protein K [T2SS (VF0333)] [Shigella dysenteriae Sd197]	
AI-5395_66_68_assembly.fasta	AI-5395_66_68_2	3685644	3686504	+	gspL	1-861/861	===============	0/0	100.00	97.10	vfdb	YP_404608	(gspL) general secretion pathway protein L [T2SS (VF0333)] [Shigella dysenteriae Sd197]	
AI-5395_66_68_assembly.fasta	AI-5395_66_68_2	3686620	3687042	+	gspM	1-423/423	===============	0/0	100.00	98.34	vfdb	YP_404609	(gspM) general secretion pathway protein M [T2SS (VF0333)] [Shigella dysenteriae Sd197]	
AI-5395_66_68_assembly.fasta	AI-5395_66_68_3	3283	5460	+	iroN	1-2178/2178	===============	0/0	100.00	99.08	vfdb	NP_753164	(iroN) salmochelin receptor IroN [IroN (VF0230)] [Escherichia coli CFT073]	
AI-5395_66_68_assembly.fasta	AI-5395_66_68_3	5505	6461	-	iroE	1-957/957	===============	0/0	100.00	99.48	vfdb	NP_753165	(iroE) esterase [Salmochelin (IA013)] [Escherichia coli CFT073]	
AI-5395_66_68_assembly.fasta	AI-5395_66_68_3	6546	7775	-	iroD	1-1230/1230	===============	0/0	100.00	99.11	vfdb	NP_753166	(iroD) esterase [Salmochelin (IA013)] [Escherichia coli CFT073]	
AI-5395_66_68_assembly.fasta	AI-5395_66_68_3	7879	11616	-	iroC	1-3738/3738	===============	0/0	100.00	99.22	vfdb	NP_753167	(iroC) ATP binding cassette transporter [Salmochelin (IA013)] [Escherichia coli CFT073]	
AI-5395_66_68_assembly.fasta	AI-5395_66_68_3	11679	12841	-	iroB	1-1163/1164	===============	0/0	99.91	98.28	vfdb	NP_753168	(iroB) glucosyltransferase IroB [Salmochelin (IA013)] [Escherichia coli CFT073]	
AI-5395_66_68_assembly.fasta	AI-5395_66_68_3	43710	45497	+	iucA	1-1788/1788	===============	0/0	100.00	94.24	vfdb	NP_755502	(iucA) aerobactin siderophore biosynthesis protein IucD [Aerobactin (VF0229)] [Escherichia coli CFT073]	
AI-5395_66_68_assembly.fasta	AI-5395_66_68_3	45498	46445	+	iucB	1-948/948	===============	0/0	100.00	95.57	vfdb	NP_755501	(iucB) aerobactin siderophore biosynthesis protein IucB [Aerobactin (VF0229)] [Escherichia coli CFT073]	
AI-5395_66_68_assembly.fasta	AI-5395_66_68_3	46445	48187	+	iucC	1-1743/1743	===============	0/0	100.00	96.04	vfdb	NP_755500	(iucC) aerobactin siderophore biosynthesis protein IucC [Aerobactin (VF0229)] [Escherichia coli CFT073]	
AI-5395_66_68_assembly.fasta	AI-5395_66_68_3	48184	49505	+	iucD	1-1323/1338	========/======	1/1	98.80	96.30	vfdb	NP_755499	(iucD) L-lysine 6-monooxygenase IucD [Aerobactin (VF0229)] [Escherichia coli CFT073]	
AI-5395_66_68_assembly.fasta	AI-5395_66_68_3	49443	51744	+	iutA	1-2280/2280	========/======	3/24	99.96	88.36	vfdb	NP_755498	(iutA) ferric aerobactin receptor precusor IutA [Aerobactin (VF0229)] [Escherichia coli CFT073]	
AI-5395_67_69_assembly.fasta	AI-5395_67_69_1	30020	30773	-	yagV/ecpE	1-754/756	===============	0/0	99.74	97.08	vfdb	NP_286006	(yagV/ecpE) E. coli common pilus chaperone EcpE [ECP (VF0404)] [Escherichia coli O157:H7 str. EDL933]	
AI-5395_67_69_assembly.fasta	AI-5395_67_69_1	30697	32340	-	yagW/ecpD	1-1644/1644	===============	0/0	100.00	99.09	vfdb	NP_286007	(yagW/ecpD) polymerized tip adhesin of ECP fibers [ECP (VF0404)] [Escherichia coli O157:H7 str. EDL933]	
AI-5395_67_69_assembly.fasta	AI-5395_67_69_1	32330	34855	-	yagX/ecpC	1-2526/2526	===============	0/0	100.00	98.77	vfdb	NP_286008	(yagX/ecpC) E. coli common pilus usher EcpC [ECP (VF0404)] [Escherichia coli O157:H7 str. EDL933]	
AI-5395_67_69_assembly.fasta	AI-5395_67_69_1	34881	35549	-	yagY/ecpB	1-669/669	===============	0/0	100.00	98.06	vfdb	NP_286009	(yagY/ecpB) E. coli common pilus chaperone EcpB [ECP (VF0404)] [Escherichia coli O157:H7 str. EDL933]	
AI-5395_67_69_assembly.fasta	AI-5395_67_69_1	35607	36194	-	yagZ/ecpA	1-588/588	===============	0/0	100.00	99.15	vfdb	NP_286010	(yagZ/ecpA) E. coli common pilus structural subunit EcpA [ECP (VF0404)] [Escherichia coli O157:H7 str. EDL933]	
AI-5395_67_69_assembly.fasta	AI-5395_67_69_1	36269	36859	-	ykgK/ecpR	1-591/591	===============	0/0	100.00	96.95	vfdb	NP_286011	(ykgK/ecpR) regulator protein EcpR [ECP (VF0404)] [Escherichia coli O157:H7 str. EDL933]	
AI-5395_67_69_assembly.fasta	AI-5395_67_69_1	39882	44130	+	fdeC	1-4246/4251	========/======	1/3	99.88	94.23	vfdb	YP_002390132	(fdeC) adhesin FdeC [FdeC (VF0506)] [Escherichia coli O45:K1:H7 str. S88]	
AI-5395_67_69_assembly.fasta	AI-5395_67_69_1	330104	330874	-	entD	1-771/771	===============	0/0	100.00	95.20	vfdb	NP_752599	(entD) phosphopantetheinyl transferase component of enterobactin synthase multienzyme complex [Enterobactin (VF0228)] [Escherichia coli CFT073]	
AI-5395_67_69_assembly.fasta	AI-5395_67_69_1	330899	333139	-	fepA	1-2241/2241	===============	0/0	100.00	96.74	vfdb	NP_752600	(fepA) ferrienterobactin outer membrane transporter [Enterobactin (VF0228)] [Escherichia coli CFT073]	
AI-5395_67_69_assembly.fasta	AI-5395_67_69_1	333382	334584	+	fes	1-1203/1203	===============	0/0	100.00	96.67	vfdb	NP_752602	(fes) enterobactin/ferric enterobactin esterase [enterobactin (IA019)] [Escherichia coli CFT073]	
AI-5395_67_69_assembly.fasta	AI-5395_67_69_1	334802	338655	+	entF	1-3854/3882	===============	0/0	99.28	95.69	vfdb	NP_752604	(entF) enterobactin synthase multienzyme complex component ATP-dependent [Enterobactin (VF0228)] [Escherichia coli CFT073]	
AI-5395_67_69_assembly.fasta	AI-5395_67_69_1	340029	340844	-	fepC	1-816/816	===============	0/0	100.00	97.30	vfdb	NP_752606	(fepC) ferrienterobactin ABC transporter ATPase [Enterobactin (VF0228)] [Escherichia coli CFT073]	
AI-5395_67_69_assembly.fasta	AI-5395_67_69_1	340841	341833	-	fepG	1-993/993	===============	0/0	100.00	94.06	vfdb	NP_752607	(fepG) iron-enterobactin ABC transporter permease [Enterobactin (VF0228)] [Escherichia coli CFT073]	
AI-5395_67_69_assembly.fasta	AI-5395_67_69_1	341830	342846	-	fepD	1-1017/1017	===============	0/0	100.00	96.07	vfdb	NP_752608	(fepD) ferrienterobactin ABC transporter permease [Enterobactin (VF0228)] [Escherichia coli CFT073]	
AI-5395_67_69_assembly.fasta	AI-5395_67_69_1	342945	344195	+	entS	1-1251/1251	===============	0/0	100.00	95.44	vfdb	NP_752609	(entS) enterobactin exporter iron-regulated [enterobactin (IA019)] [Escherichia coli CFT073]	
AI-5395_67_69_assembly.fasta	AI-5395_67_69_1	344199	345155	-	fepB	1-957/957	===============	0/0	100.00	97.49	vfdb	NP_752610	(fepB) ferrienterobactin ABC transporter periplasmic binding protein [Enterobactin (VF0228)] [Escherichia coli CFT073]	
AI-5395_67_69_assembly.fasta	AI-5395_67_69_1	345518	346705	+	entC	1-1188/1188	===============	0/0	100.00	97.90	vfdb	NP_752611	(entC) isochorismate synthase 1 [Enterobactin (VF0228)] [Escherichia coli CFT073]	
AI-5395_67_69_assembly.fasta	AI-5395_67_69_1	346715	348325	+	entE	1-1611/1611	===============	0/0	100.00	95.47	vfdb	NP_752612	(entE) 23-dihydroxybenzoate-AMP ligase component of enterobactin synthase multienzyme complex [Enterobactin (VF0228)] [Escherichia coli CFT073]	
AI-5395_67_69_assembly.fasta	AI-5395_67_69_1	348339	349196	+	entB	1-858/858	===============	0/0	100.00	98.14	vfdb	NP_752613	(entB) isochorismatase [Enterobactin (VF0228)] [Escherichia coli CFT073]	
AI-5395_67_69_assembly.fasta	AI-5395_67_69_1	349196	349942	+	entA	1-747/747	===============	0/0	100.00	95.72	vfdb	NP_752614	(entA) 23-dihydro-23-dihydroxybenzoate dehydrogenase [Enterobactin (VF0228)] [Escherichia coli CFT073]	
AI-5395_67_69_assembly.fasta	AI-5395_67_69_1	739580	740620	-	ompA	1-1041/1041	===============	0/0	100.00	97.98	vfdb	AAF37887	(ompA) outer membrane protein A [OmpA (VF0236)] [Escherichia coli O18:K1:H7 str. RS218]	
AI-5395_67_69_assembly.fasta	AI-5395_67_69_1	822376	823209	-	csgG	1-834/834	===============	0/0	100.00	83.45	vfdb	NP_460110	(csgG) curli production assembly/transport protein CsgG [Agf (VF0103)] [Salmonella enterica subsp. enterica serovar Typhimurium str. LT2]	
AI-5395_67_69_assembly.fasta	AI-5395_67_69_1	823236	823652	-	csgF	1-417/417	========/======	3/8	99.04	81.23	vfdb	NP_460111	(csgF) curli production assembly/transport protein CsgF [Agf (VF0103)] [Salmonella enterica subsp. enterica serovar Typhimurium str. LT2]	
AI-5395_67_69_assembly.fasta	AI-5395_67_69_1	824071	824721	-	csgD	1-651/651	===============	0/0	100.00	81.11	vfdb	NP_460113	(csgD) DNA-binding transcriptional regulator CsgD [curli fibers/thin aggregative fimbriae (AGF) (AI094)] [Salmonella enterica subsp. enterica serovar Typhimurium str. LT2]	
AI-5395_67_69_assembly.fasta	AI-5395_67_69_1	825476	825931	+	csgB	1-456/456	========/======	2/2	99.78	83.81	vfdb	NP_460114	(csgB) minor curlin subunit precursor curli nucleator protein CsgB [Agf (VF0103)] [Salmonella enterica subsp. enterica serovar Typhimurium str. LT2]	
AI-5395_67_69_assembly.fasta	AI-5395_67_69_1	1529280	1531179	+	espL1	1-1899/1899	========/======	1/1	100.00	97.58	vfdb	NP_288154	(espL1) Type III secretion system effector espL1 [LEE encoded T3SS (SS020)] [Escherichia coli O157:H7 str. EDL933]	
AI-5395_67_69_assembly.fasta	AI-5395_67_69_1	1737550	1738685	-	espR4	1-1140/1140	========/======	4/6	99.56	84.40	vfdb	NP_288396	(espR4) Type III secretion system effector espR4 [LEE encoded T3SS (SS020)] [Escherichia coli O157:H7 str. EDL933]	
AI-5395_67_69_assembly.fasta	AI-5395_67_69_1	3761194	3762622	-	aslA	1-1428/1428	========/======	1/1	100.00	93.56	vfdb	AAG10151	(aslA) putative arylsulfatase [AslA (VF0238)] [Escherichia coli O18:K1:H7 str. RS218]	
AI-5395_67_69_assembly.fasta	AI-5395_67_69_1	3996918	3999103	-	espL4	1-2187/2187	========/======	1/1	99.95	97.30	vfdb	NP_290644	(espL4) Type III secretion system effector EspL4 [LEE encoded T3SS (SS020)] [Escherichia coli O157:H7 str. EDL933]	
AI-5395_67_69_assembly.fasta	AI-5395_67_69_1	4069692	4070984	-	espX5	1-1293/1293	===============	0/0	100.00	97.14	vfdb	NP_290699	(espX5) Type III secretion system effector EspX5 [LEE encoded T3SS (SS020)] [Escherichia coli O157:H7 str. EDL933]	
AI-5395_67_69_assembly.fasta	AI-5395_67_69_1	4162516	4162632	+	astA	1-117/117	===============	0/0	100.00	95.73	vfdb	BAA94855	(astA) heat-stable enterotoxin 1 [EAST1 (VF0216)] [Escherichia coli O44:H18 042]	
AI-5395_67_69_assembly.fasta	AI-5395_67_69_1	4407624	4408226	+	fimB	1-603/603	===============	0/0	100.00	98.18	vfdb	NP_757239	(fimB) Type 1 fimbriae Regulatory protein fimB [Type 1 fimbriae (VF0221)] [Escherichia coli CFT073]	
AI-5395_67_69_assembly.fasta	AI-5395_67_69_1	4408703	4409297	+	fimE	1-595/597	===============	0/0	99.66	99.33	vfdb	NP_757240	(fimE) Type 1 fimbriae Regulatory protein fimE [Type 1 fimbriae (VF0221)] [Escherichia coli CFT073]	
AI-5395_67_69_assembly.fasta	AI-5395_67_69_1	4409724	4410335	+	fimA	1-606/606	========/======	1/6	100.00	88.56	vfdb	NP_757241	(fimA) Type-1 fimbrial protein A chain precursor [Type 1 fimbriae (VF0221)] [Escherichia coli CFT073]	
AI-5395_67_69_assembly.fasta	AI-5395_67_69_1	4410400	4410939	+	fimI	1-540/540	===============	0/0	100.00	98.70	vfdb	NP_757242	(fimI) Fimbrin-like protein fimI precursor [Type 1 fimbriae (VF0221)] [Escherichia coli CFT073]	
AI-5395_67_69_assembly.fasta	AI-5395_67_69_1	4410976	4411701	+	fimC	1-726/726	===============	0/0	100.00	98.90	vfdb	NP_757243	(fimC) Chaperone protein fimC precursor [Type 1 fimbriae (VF0221)] [Escherichia coli CFT073]	
AI-5395_67_69_assembly.fasta	AI-5395_67_69_1	4411768	4414404	+	fimD	1-2637/2637	===============	0/0	100.00	98.60	vfdb	NP_757244	(fimD) Outer membrane usher protein fimD precursor [Type 1 fimbriae (VF0221)] [Escherichia coli CFT073]	
AI-5395_67_69_assembly.fasta	AI-5395_67_69_1	4414411	4414944	+	fimF	1-534/534	===============	0/0	100.00	97.94	vfdb	NP_757245	(fimF) FimF protein precursor [Type 1 fimbriae (VF0221)] [Escherichia coli CFT073]	
AI-5395_67_69_assembly.fasta	AI-5395_67_69_1	4414957	4415460	+	fimG	1-504/504	===============	0/0	100.00	97.82	vfdb	NP_757247	(fimG) FimG protein precursor [Type 1 fimbriae (VF0221)] [Escherichia coli CFT073]	
AI-5395_67_69_assembly.fasta	AI-5395_67_69_1	4415471	4416382	+	fimH	1-912/912	===============	0/0	100.00	97.37	vfdb	NP_757248	(fimH) FimH protein precursor [Type 1 fimbriae (VF0221)] [Escherichia coli CFT073]	
AI-5395_67_69_assembly.fasta	AI-5395_67_69_4	67899	69320	-	espX1	1-1422/1422	===============	0/0	100.00	93.25	vfdb	NP_285716	(espX1) Type III secretion system effector EspX1 [LEE encoded T3SS (SS020)] [Escherichia coli O157:H7 str. EDL933]	
AI-5395_67_69_assembly.fasta	AI-5395_67_69_4	107466	108277	+	espY1	1-753/753	========/======	3/61	99.87	86.96	vfdb	NP_285753	(espY1) Type III secretion system effector EspY1 [LEE encoded T3SS (SS020)] [Escherichia coli O157:H7 str. EDL933]	
AI-5395_67_69_assembly.fasta	AI-5395_67_69_8	70882	73059	+	iroN	1-2178/2178	===============	0/0	100.00	99.08	vfdb	NP_753164	(iroN) salmochelin receptor IroN [IroN (VF0230)] [Escherichia coli CFT073]	
AI-5395_67_69_assembly.fasta	AI-5395_67_69_8	73104	74060	-	iroE	1-957/957	===============	0/0	100.00	99.58	vfdb	NP_753165	(iroE) esterase [Salmochelin (IA013)] [Escherichia coli CFT073]	
AI-5395_67_69_assembly.fasta	AI-5395_67_69_8	74145	75374	-	iroD	1-1230/1230	===============	0/0	100.00	98.94	vfdb	NP_753166	(iroD) esterase [Salmochelin (IA013)] [Escherichia coli CFT073]	
AI-5395_67_69_assembly.fasta	AI-5395_67_69_8	75478	79215	-	iroC	1-3738/3738	===============	0/0	100.00	99.17	vfdb	NP_753167	(iroC) ATP binding cassette transporter [Salmochelin (IA013)] [Escherichia coli CFT073]	
AI-5395_67_69_assembly.fasta	AI-5395_67_69_8	79278	80440	-	iroB	1-1163/1164	===============	0/0	99.91	98.37	vfdb	NP_753168	(iroB) glucosyltransferase IroB [Salmochelin (IA013)] [Escherichia coli CFT073]	
AI-5395_67_69_assembly.fasta	AI-5395_67_69_8	122363	124150	+	iucA	1-1788/1788	===============	0/0	100.00	94.18	vfdb	NP_755502	(iucA) aerobactin siderophore biosynthesis protein IucD [Aerobactin (VF0229)] [Escherichia coli CFT073]	
AI-5395_67_69_assembly.fasta	AI-5395_67_69_8	124151	125098	+	iucB	1-948/948	===============	0/0	100.00	95.67	vfdb	NP_755501	(iucB) aerobactin siderophore biosynthesis protein IucB [Aerobactin (VF0229)] [Escherichia coli CFT073]	
AI-5395_67_69_assembly.fasta	AI-5395_67_69_8	125098	126840	+	iucC	1-1743/1743	===============	0/0	100.00	95.98	vfdb	NP_755500	(iucC) aerobactin siderophore biosynthesis protein IucC [Aerobactin (VF0229)] [Escherichia coli CFT073]	
AI-5395_67_69_assembly.fasta	AI-5395_67_69_8	126837	128158	+	iucD	1-1323/1338	========/======	1/1	98.80	96.30	vfdb	NP_755499	(iucD) L-lysine 6-monooxygenase IucD [Aerobactin (VF0229)] [Escherichia coli CFT073]	
AI-5395_67_69_assembly.fasta	AI-5395_67_69_8	128096	130397	+	iutA	1-2280/2280	========/======	3/24	99.96	88.36	vfdb	NP_755498	(iutA) ferric aerobactin receptor precusor IutA [Aerobactin (VF0229)] [Escherichia coli CFT073]	
AI-5395_68_70_assembly.fasta	AI-5395_68_70_1	212638	213773	+	espR4	1-1140/1140	========/======	4/6	99.56	84.14	vfdb	NP_288396	(espR4) Type III secretion system effector espR4 [LEE encoded T3SS (SS020)] [Escherichia coli O157:H7 str. EDL933]	
AI-5395_68_70_assembly.fasta	AI-5395_68_70_1	440968	442867	-	espL1	1-1899/1899	========/======	1/1	100.00	97.63	vfdb	NP_288154	(espL1) Type III secretion system effector espL1 [LEE encoded T3SS (SS020)] [Escherichia coli O157:H7 str. EDL933]	
AI-5395_68_70_assembly.fasta	AI-5395_68_70_1	689708	690958	+	espR1	1-1251/1260	===============	0/0	99.29	97.76	vfdb	NP_287686	(espR1) Type III secretion system effector espR1 [LEE encoded T3SS (SS020)] [Escherichia coli O157:H7 str. EDL933]	
AI-5395_68_70_assembly.fasta	AI-5395_68_70_1	1136818	1137273	-	csgB	1-456/456	========/======	2/2	99.78	83.37	vfdb	NP_460114	(csgB) minor curlin subunit precursor curli nucleator protein CsgB [Agf (VF0103)] [Salmonella enterica subsp. enterica serovar Typhimurium str. LT2]	
AI-5395_68_70_assembly.fasta	AI-5395_68_70_1	1138027	1138677	+	csgD	1-651/651	===============	0/0	100.00	81.26	vfdb	NP_460113	(csgD) DNA-binding transcriptional regulator CsgD [curli fibers/thin aggregative fimbriae (AGF) (AI094)] [Salmonella enterica subsp. enterica serovar Typhimurium str. LT2]	
AI-5395_68_70_assembly.fasta	AI-5395_68_70_1	1139096	1139512	+	csgF	1-417/417	========/======	3/8	99.04	81.23	vfdb	NP_460111	(csgF) curli production assembly/transport protein CsgF [Agf (VF0103)] [Salmonella enterica subsp. enterica serovar Typhimurium str. LT2]	
AI-5395_68_70_assembly.fasta	AI-5395_68_70_1	1139539	1140372	+	csgG	1-834/834	===============	0/0	100.00	83.45	vfdb	NP_460110	(csgG) curli production assembly/transport protein CsgG [Agf (VF0103)] [Salmonella enterica subsp. enterica serovar Typhimurium str. LT2]	
AI-5395_68_70_assembly.fasta	AI-5395_68_70_1	1252295	1253350	+	ompA	1-1041/1041	========/======	2/15	100.00	95.27	vfdb	AAF37887	(ompA) outer membrane protein A [OmpA (VF0236)] [Escherichia coli O18:K1:H7 str. RS218]	
AI-5395_68_70_assembly.fasta	AI-5395_68_70_1	1444984	1446996	-	espX2	1-2013/2013	===============	0/0	100.00	97.22	vfdb	NP_286562	(espX2) Type III secretion system effector EspX2 [LEE encoded T3SS (SS020)] [Escherichia coli O157:H7 str. EDL933]	
AI-5395_68_70_assembly.fasta	AI-5395_68_70_1	1688527	1689273	-	entA	1-747/747	===============	0/0	100.00	94.91	vfdb	NP_752614	(entA) 23-dihydro-23-dihydroxybenzoate dehydrogenase [Enterobactin (VF0228)] [Escherichia coli CFT073]	
AI-5395_68_70_assembly.fasta	AI-5395_68_70_1	1689273	1690130	-	entB	1-858/858	===============	0/0	100.00	97.79	vfdb	NP_752613	(entB) isochorismatase [Enterobactin (VF0228)] [Escherichia coli CFT073]	
AI-5395_68_70_assembly.fasta	AI-5395_68_70_1	1690144	1691754	-	entE	1-1611/1611	===============	0/0	100.00	95.97	vfdb	NP_752612	(entE) 23-dihydroxybenzoate-AMP ligase component of enterobactin synthase multienzyme complex [Enterobactin (VF0228)] [Escherichia coli CFT073]	
AI-5395_68_70_assembly.fasta	AI-5395_68_70_1	1691764	1692951	-	entC	1-1188/1188	===============	0/0	100.00	98.23	vfdb	NP_752611	(entC) isochorismate synthase 1 [Enterobactin (VF0228)] [Escherichia coli CFT073]	
AI-5395_68_70_assembly.fasta	AI-5395_68_70_1	1693128	1694084	+	fepB	1-957/957	===============	0/0	100.00	98.33	vfdb	NP_752610	(fepB) ferrienterobactin ABC transporter periplasmic binding protein [Enterobactin (VF0228)] [Escherichia coli CFT073]	
AI-5395_68_70_assembly.fasta	AI-5395_68_70_1	1694088	1695338	-	entS	1-1251/1251	===============	0/0	100.00	96.32	vfdb	NP_752609	(entS) enterobactin exporter iron-regulated [enterobactin (IA019)] [Escherichia coli CFT073]	
AI-5395_68_70_assembly.fasta	AI-5395_68_70_1	1695437	1696453	+	fepD	1-1017/1017	===============	0/0	100.00	95.67	vfdb	NP_752608	(fepD) ferrienterobactin ABC transporter permease [Enterobactin (VF0228)] [Escherichia coli CFT073]	
AI-5395_68_70_assembly.fasta	AI-5395_68_70_1	1696450	1697442	+	fepG	1-993/993	===============	0/0	100.00	94.46	vfdb	NP_752607	(fepG) iron-enterobactin ABC transporter permease [Enterobactin (VF0228)] [Escherichia coli CFT073]	
AI-5395_68_70_assembly.fasta	AI-5395_68_70_1	1697439	1698254	+	fepC	1-816/816	===============	0/0	100.00	96.81	vfdb	NP_752606	(fepC) ferrienterobactin ABC transporter ATPase [Enterobactin (VF0228)] [Escherichia coli CFT073]	
AI-5395_68_70_assembly.fasta	AI-5395_68_70_1	1699628	1703481	-	entF	1-3854/3882	========/======	2/2	99.25	95.77	vfdb	NP_752604	(entF) enterobactin synthase multienzyme complex component ATP-dependent [Enterobactin (VF0228)] [Escherichia coli CFT073]	
AI-5395_68_70_assembly.fasta	AI-5395_68_70_1	1703699	1704901	-	fes	1-1203/1203	===============	0/0	100.00	96.76	vfdb	NP_752602	(fes) enterobactin/ferric enterobactin esterase [enterobactin (IA019)] [Escherichia coli CFT073]	
AI-5395_68_70_assembly.fasta	AI-5395_68_70_1	1705144	1707384	+	fepA	1-2241/2241	===============	0/0	100.00	96.65	vfdb	NP_752600	(fepA) ferrienterobactin outer membrane transporter [Enterobactin (VF0228)] [Escherichia coli CFT073]	
AI-5395_68_70_assembly.fasta	AI-5395_68_70_1	1707409	1708179	+	entD	1-771/771	===============	0/0	100.00	94.16	vfdb	NP_752599	(entD) phosphopantetheinyl transferase component of enterobactin synthase multienzyme complex [Enterobactin (VF0228)] [Escherichia coli CFT073]	
AI-5395_68_70_assembly.fasta	AI-5395_68_70_1	1878028	1879584	+	espY3	1-1572/1572	========/======	2/15	99.05	94.40	vfdb	NP_286160	(espY3) Type III secretion system effector EspY3 [LEE encoded T3SS (SS020)] [Escherichia coli O157:H7 str. EDL933]	
AI-5395_68_70_assembly.fasta	AI-5395_68_70_1	2008664	2012911	-	fdeC	1-4246/4251	========/======	2/4	99.86	93.97	vfdb	YP_002390132	(fdeC) adhesin FdeC [FdeC (VF0506)] [Escherichia coli O45:K1:H7 str. S88]	
AI-5395_68_70_assembly.fasta	AI-5395_68_70_1	2015930	2016520	+	ykgK/ecpR	1-591/591	===============	0/0	100.00	97.29	vfdb	NP_286011	(ykgK/ecpR) regulator protein EcpR [ECP (VF0404)] [Escherichia coli O157:H7 str. EDL933]	
AI-5395_68_70_assembly.fasta	AI-5395_68_70_1	2016595	2017182	+	yagZ/ecpA	1-588/588	===============	0/0	100.00	99.32	vfdb	NP_286010	(yagZ/ecpA) E. coli common pilus structural subunit EcpA [ECP (VF0404)] [Escherichia coli O157:H7 str. EDL933]	
AI-5395_68_70_assembly.fasta	AI-5395_68_70_1	2017240	2017908	+	yagY/ecpB	1-669/669	===============	0/0	100.00	98.95	vfdb	NP_286009	(yagY/ecpB) E. coli common pilus chaperone EcpB [ECP (VF0404)] [Escherichia coli O157:H7 str. EDL933]	
AI-5395_68_70_assembly.fasta	AI-5395_68_70_1	2017934	2020459	+	yagX/ecpC	1-2526/2526	===============	0/0	100.00	98.69	vfdb	NP_286008	(yagX/ecpC) E. coli common pilus usher EcpC [ECP (VF0404)] [Escherichia coli O157:H7 str. EDL933]	
AI-5395_68_70_assembly.fasta	AI-5395_68_70_1	2020449	2022092	+	yagW/ecpD	1-1644/1644	===============	0/0	100.00	99.21	vfdb	NP_286007	(yagW/ecpD) polymerized tip adhesin of ECP fibers [ECP (VF0404)] [Escherichia coli O157:H7 str. EDL933]	
AI-5395_68_70_assembly.fasta	AI-5395_68_70_1	2022016	2022769	+	yagV/ecpE	1-754/756	===============	0/0	99.74	96.95	vfdb	NP_286006	(yagV/ecpE) E. coli common pilus chaperone EcpE [ECP (VF0404)] [Escherichia coli O157:H7 str. EDL933]	
AI-5395_68_70_assembly.fasta	AI-5395_68_70_1	2217882	2218451	-	espY2	1-570/570	===============	0/0	100.00	99.83	vfdb	NP_285765	(espY2) Type III secretion system effector EspY2 [LEE encoded T3SS (SS020)] [Escherichia coli O157:H7 str. EDL933]	
AI-5395_68_70_assembly.fasta	AI-5395_68_70_1	2273028	2274449	+	espX1	1-1422/1422	===============	0/0	100.00	96.98	vfdb	NP_285716	(espX1) Type III secretion system effector EspX1 [LEE encoded T3SS (SS020)] [Escherichia coli O157:H7 str. EDL933]	
AI-5395_68_70_assembly.fasta	AI-5395_68_70_1	2459460	2460371	-	fimH	1-912/912	===============	0/0	100.00	97.26	vfdb	NP_757248	(fimH) FimH protein precursor [Type 1 fimbriae (VF0221)] [Escherichia coli CFT073]	
AI-5395_68_70_assembly.fasta	AI-5395_68_70_1	2460382	2460885	-	fimG	1-504/504	===============	0/0	100.00	98.02	vfdb	NP_757247	(fimG) FimG protein precursor [Type 1 fimbriae (VF0221)] [Escherichia coli CFT073]	
AI-5395_68_70_assembly.fasta	AI-5395_68_70_1	2460898	2461431	-	fimF	1-534/534	===============	0/0	100.00	97.38	vfdb	NP_757245	(fimF) FimF protein precursor [Type 1 fimbriae (VF0221)] [Escherichia coli CFT073]	
AI-5395_68_70_assembly.fasta	AI-5395_68_70_1	2461438	2464074	-	fimD	1-2637/2637	===============	0/0	100.00	98.37	vfdb	NP_757244	(fimD) Outer membrane usher protein fimD precursor [Type 1 fimbriae (VF0221)] [Escherichia coli CFT073]	
AI-5395_68_70_assembly.fasta	AI-5395_68_70_1	2464141	2464866	-	fimC	1-726/726	===============	0/0	100.00	98.62	vfdb	NP_757243	(fimC) Chaperone protein fimC precursor [Type 1 fimbriae (VF0221)] [Escherichia coli CFT073]	
AI-5395_68_70_assembly.fasta	AI-5395_68_70_1	2464903	2465442	-	fimI	1-540/540	===============	0/0	100.00	98.70	vfdb	NP_757242	(fimI) Fimbrin-like protein fimI precursor [Type 1 fimbriae (VF0221)] [Escherichia coli CFT073]	
AI-5395_68_70_assembly.fasta	AI-5395_68_70_1	2465507	2466112	-	fimA	1-606/606	===============	0/0	100.00	90.92	vfdb	NP_757241	(fimA) Type-1 fimbrial protein A chain precursor [Type 1 fimbriae (VF0221)] [Escherichia coli CFT073]	
AI-5395_68_70_assembly.fasta	AI-5395_68_70_1	2466536	2467132	-	fimE	1-597/597	===============	0/0	100.00	98.83	vfdb	NP_757240	(fimE) Type 1 fimbriae Regulatory protein fimE [Type 1 fimbriae (VF0221)] [Escherichia coli CFT073]	
AI-5395_68_70_assembly.fasta	AI-5395_68_70_1	2467610	2468212	-	fimB	1-603/603	===============	0/0	100.00	97.68	vfdb	NP_757239	(fimB) Type 1 fimbriae Regulatory protein fimB [Type 1 fimbriae (VF0221)] [Escherichia coli CFT073]	
AI-5395_68_70_assembly.fasta	AI-5395_68_70_1	2693829	2695121	+	espX5	1-1293/1293	===============	0/0	100.00	97.29	vfdb	NP_290699	(espX5) Type III secretion system effector EspX5 [LEE encoded T3SS (SS020)] [Escherichia coli O157:H7 str. EDL933]	
AI-5395_68_70_assembly.fasta	AI-5395_68_70_1	2724673	2726253	-	espX4	1-1581/1581	===============	0/0	100.00	99.43	vfdb	NP_290672	(espX4) Type III secretion system effector EspX4 [LEE encoded T3SS (SS020)] [Escherichia coli O157:H7 str. EDL933]	
AI-5395_68_70_assembly.fasta	AI-5395_68_70_1	2760583	2762769	+	espL4	1-2187/2187	===============	0/0	100.00	98.58	vfdb	NP_290644	(espL4) Type III secretion system effector EspL4 [LEE encoded T3SS (SS020)] [Escherichia coli O157:H7 str. EDL933]	
AI-5395_68_70_assembly.fasta	AI-5395_68_70_1	3015057	3016485	+	aslA	1-1428/1428	========/======	1/1	100.00	93.84	vfdb	AAG10151	(aslA) putative arylsulfatase [AslA (VF0238)] [Escherichia coli O18:K1:H7 str. RS218]	
AI-5395_68_70_assembly.fasta	AI-5395_68_70_1	3105652	3108060	+	espY4	1-2409/2409	===============	0/0	100.00	96.89	vfdb	NP_290352	(espY4) Type III secretion system effector EspY4 [LEE encoded T3SS (SS020)] [Escherichia coli O157:H7 str. EDL933]	
AI-5395_68_70_assembly.fasta	AI-5395_68_70_1	3373638	3374438	-	chuV	1-801/801	===============	0/0	100.00	98.50	vfdb	NP_756180	(chuV) ATP-binding hydrophilic protein ChuV [Chu (VF0227)] [Escherichia coli CFT073]	
AI-5395_68_70_assembly.fasta	AI-5395_68_70_1	3374405	3375397	-	chuU	1-993/993	===============	0/0	100.00	97.99	vfdb	NP_756179	(chuU) heme permease protein ChuU [Chu (VF0227)] [Escherichia coli CFT073]	
AI-5395_68_70_assembly.fasta	AI-5395_68_70_1	3375448	3376071	-	shuY	1-624/624	===============	0/0	100.00	99.36	vfdb	YP_405015	(shuY) shu locus protein ShuY [Shu (VF0256)] [Shigella dysenteriae Sd197]	
AI-5395_68_70_assembly.fasta	AI-5395_68_70_1	3376071	3376565	-	shuX	1-495/495	===============	0/0	100.00	97.37	vfdb	YP_405016	(shuX) shu locus protein ShuX [Shu (VF0256)] [Shigella dysenteriae Sd197]	
AI-5395_68_70_assembly.fasta	AI-5395_68_70_1	3376578	3377915	-	chuW	1-1338/1338	===============	0/0	100.00	97.08	vfdb	NP_756176	(chuW) Putative oxygen independent coproporphyrinogen III oxidase [Chu (VF0227)] [Escherichia coli CFT073]	
AI-5395_68_70_assembly.fasta	AI-5395_68_70_1	3377935	3378927	-	shuT	1-993/993	===============	0/0	100.00	98.29	vfdb	YP_405017	(shuT) periplasmic binding protein ShuT [Shu (VF0256)] [Shigella dysenteriae Sd197]	
AI-5395_68_70_assembly.fasta	AI-5395_68_70_1	3379531	3381513	+	shuA	1-1983/1983	===============	0/0	100.00	99.04	vfdb	YP_405019	(shuA) outer membrane heme/hemoglobin receptor ShuA [Shu (VF0256)] [Shigella dysenteriae Sd197]	
AI-5395_68_70_assembly.fasta	AI-5395_68_70_1	3381562	3382590	+	shuS	1-1029/1029	===============	0/0	100.00	98.74	vfdb	YP_405020	(shuS) heme/hemoglobin transport protein ShuS [Shu (VF0256)] [Shigella dysenteriae Sd197]	
AI-5395_68_70_assembly.fasta	AI-5395_68_70_1	3926841	3927671	+	gspC	1-831/831	===============	0/0	100.00	96.39	vfdb	YP_404599	(gspC) general secretion pathway protein C [T2SS (VF0333)] [Shigella dysenteriae Sd197]	
AI-5395_68_70_assembly.fasta	AI-5395_68_70_1	3927911	3929761	+	gspD	1-1836/1836	========/======	1/15	100.00	97.95	vfdb	YP_404600	(gspD) general secretion pathway protein D [T2SS (VF0333)] [Shigella dysenteriae Sd197]	
AI-5395_68_70_assembly.fasta	AI-5395_68_70_1	3929761	3931254	+	gspE	1-1494/1494	===============	0/0	100.00	96.05	vfdb	YP_404601	(gspE) general secretion pathway protein E [T2SS (VF0333)] [Shigella dysenteriae Sd197]	
AI-5395_68_70_assembly.fasta	AI-5395_68_70_1	3931254	3932453	+	gspF	1-1200/1200	===============	0/0	100.00	97.50	vfdb	YP_404602	(gspF) general secretion pathway protein F [T2SS (VF0333)] [Shigella dysenteriae Sd197]	
AI-5395_68_70_assembly.fasta	AI-5395_68_70_1	3932494	3932949	+	gspG	1-456/456	===============	0/0	100.00	94.96	vfdb	YP_404603	(gspG) general secretion pathway protein G [T2SS (VF0333)] [Shigella dysenteriae Sd197]	
AI-5395_68_70_assembly.fasta	AI-5395_68_70_1	3932986	3933516	+	gspH	1-531/531	===============	0/0	100.00	96.99	vfdb	YP_404604	(gspH) general secretion pathway protein H [T2SS (VF0333)] [Shigella dysenteriae Sd197]	
AI-5395_68_70_assembly.fasta	AI-5395_68_70_1	3933513	3933884	+	gspI	1-372/372	===============	0/0	100.00	97.31	vfdb	YP_404605	(gspI) general secretion pathway protein I [T2SS (VF0333)] [Shigella dysenteriae Sd197]	
AI-5395_68_70_assembly.fasta	AI-5395_68_70_1	3933917	3934486	+	gspJ	1-570/570	===============	0/0	100.00	97.54	vfdb	YP_404606	(gspJ) general secretion pathway protein J [T2SS (VF0333)] [Shigella dysenteriae Sd197]	
AI-5395_68_70_assembly.fasta	AI-5395_68_70_1	3934483	3935460	+	gspK	1-978/978	===============	0/0	100.00	98.36	vfdb	YP_404607	(gspK) general secretion pathway protein K [T2SS (VF0333)] [Shigella dysenteriae Sd197]	
AI-5395_68_70_assembly.fasta	AI-5395_68_70_1	3935775	3936635	+	gspL	1-861/861	===============	0/0	100.00	97.21	vfdb	YP_404608	(gspL) general secretion pathway protein L [T2SS (VF0333)] [Shigella dysenteriae Sd197]	
AI-5395_68_70_assembly.fasta	AI-5395_68_70_1	3936751	3937173	+	gspM	1-423/423	===============	0/0	100.00	98.34	vfdb	YP_404609	(gspM) general secretion pathway protein M [T2SS (VF0333)] [Shigella dysenteriae Sd197]	
AI-5395_69_71_assembly.fasta	AI-5395_69_71_11	76139	77194	+	ompA	1-1041/1041	========/======	2/15	100.00	95.27	vfdb	AAF37887	(ompA) outer membrane protein A [OmpA (VF0236)] [Escherichia coli O18:K1:H7 str. RS218]	
AI-5395_69_71_assembly.fasta	AI-5395_69_71_2	76328	78340	-	espX2	1-2013/2013	===============	0/0	100.00	97.22	vfdb	NP_286562	(espX2) Type III secretion system effector EspX2 [LEE encoded T3SS (SS020)] [Escherichia coli O157:H7 str. EDL933]	
AI-5395_69_71_assembly.fasta	AI-5395_69_71_2	319871	320617	-	entA	1-747/747	===============	0/0	100.00	94.91	vfdb	NP_752614	(entA) 23-dihydro-23-dihydroxybenzoate dehydrogenase [Enterobactin (VF0228)] [Escherichia coli CFT073]	
AI-5395_69_71_assembly.fasta	AI-5395_69_71_2	320617	321474	-	entB	1-858/858	===============	0/0	100.00	97.79	vfdb	NP_752613	(entB) isochorismatase [Enterobactin (VF0228)] [Escherichia coli CFT073]	
AI-5395_69_71_assembly.fasta	AI-5395_69_71_2	321488	323098	-	entE	1-1611/1611	===============	0/0	100.00	95.97	vfdb	NP_752612	(entE) 23-dihydroxybenzoate-AMP ligase component of enterobactin synthase multienzyme complex [Enterobactin (VF0228)] [Escherichia coli CFT073]	
AI-5395_69_71_assembly.fasta	AI-5395_69_71_2	323108	324295	-	entC	1-1188/1188	===============	0/0	100.00	98.23	vfdb	NP_752611	(entC) isochorismate synthase 1 [Enterobactin (VF0228)] [Escherichia coli CFT073]	
AI-5395_69_71_assembly.fasta	AI-5395_69_71_2	324472	325428	+	fepB	1-957/957	===============	0/0	100.00	98.33	vfdb	NP_752610	(fepB) ferrienterobactin ABC transporter periplasmic binding protein [Enterobactin (VF0228)] [Escherichia coli CFT073]	
AI-5395_69_71_assembly.fasta	AI-5395_69_71_2	325432	326682	-	entS	1-1251/1251	===============	0/0	100.00	96.32	vfdb	NP_752609	(entS) enterobactin exporter iron-regulated [enterobactin (IA019)] [Escherichia coli CFT073]	
AI-5395_69_71_assembly.fasta	AI-5395_69_71_2	326781	327797	+	fepD	1-1017/1017	===============	0/0	100.00	95.67	vfdb	NP_752608	(fepD) ferrienterobactin ABC transporter permease [Enterobactin (VF0228)] [Escherichia coli CFT073]	
AI-5395_69_71_assembly.fasta	AI-5395_69_71_2	327794	328786	+	fepG	1-993/993	===============	0/0	100.00	94.46	vfdb	NP_752607	(fepG) iron-enterobactin ABC transporter permease [Enterobactin (VF0228)] [Escherichia coli CFT073]	
AI-5395_69_71_assembly.fasta	AI-5395_69_71_2	328783	329598	+	fepC	1-816/816	===============	0/0	100.00	96.81	vfdb	NP_752606	(fepC) ferrienterobactin ABC transporter ATPase [Enterobactin (VF0228)] [Escherichia coli CFT073]	
AI-5395_69_71_assembly.fasta	AI-5395_69_71_2	330972	334825	-	entF	1-3854/3882	========/======	2/2	99.25	95.77	vfdb	NP_752604	(entF) enterobactin synthase multienzyme complex component ATP-dependent [Enterobactin (VF0228)] [Escherichia coli CFT073]	
AI-5395_69_71_assembly.fasta	AI-5395_69_71_2	335043	336245	-	fes	1-1203/1203	===============	0/0	100.00	96.76	vfdb	NP_752602	(fes) enterobactin/ferric enterobactin esterase [enterobactin (IA019)] [Escherichia coli CFT073]	
AI-5395_69_71_assembly.fasta	AI-5395_69_71_2	336488	338728	+	fepA	1-2241/2241	===============	0/0	100.00	96.65	vfdb	NP_752600	(fepA) ferrienterobactin outer membrane transporter [Enterobactin (VF0228)] [Escherichia coli CFT073]	
AI-5395_69_71_assembly.fasta	AI-5395_69_71_2	338753	339523	+	entD	1-771/771	===============	0/0	100.00	94.16	vfdb	NP_752599	(entD) phosphopantetheinyl transferase component of enterobactin synthase multienzyme complex [Enterobactin (VF0228)] [Escherichia coli CFT073]	
AI-5395_69_71_assembly.fasta	AI-5395_69_71_2	510148	511704	+	espY3	1-1572/1572	========/======	2/15	99.05	94.40	vfdb	NP_286160	(espY3) Type III secretion system effector EspY3 [LEE encoded T3SS (SS020)] [Escherichia coli O157:H7 str. EDL933]	
AI-5395_69_71_assembly.fasta	AI-5395_69_71_2	640784	645031	-	fdeC	1-4246/4251	========/======	2/4	99.86	93.97	vfdb	YP_002390132	(fdeC) adhesin FdeC [FdeC (VF0506)] [Escherichia coli O45:K1:H7 str. S88]	
AI-5395_69_71_assembly.fasta	AI-5395_69_71_2	648050	648640	+	ykgK/ecpR	1-591/591	===============	0/0	100.00	97.29	vfdb	NP_286011	(ykgK/ecpR) regulator protein EcpR [ECP (VF0404)] [Escherichia coli O157:H7 str. EDL933]	
AI-5395_69_71_assembly.fasta	AI-5395_69_71_2	648715	649302	+	yagZ/ecpA	1-588/588	===============	0/0	100.00	99.32	vfdb	NP_286010	(yagZ/ecpA) E. coli common pilus structural subunit EcpA [ECP (VF0404)] [Escherichia coli O157:H7 str. EDL933]	
AI-5395_69_71_assembly.fasta	AI-5395_69_71_2	649360	650028	+	yagY/ecpB	1-669/669	===============	0/0	100.00	98.95	vfdb	NP_286009	(yagY/ecpB) E. coli common pilus chaperone EcpB [ECP (VF0404)] [Escherichia coli O157:H7 str. EDL933]	
AI-5395_69_71_assembly.fasta	AI-5395_69_71_2	650054	652579	+	yagX/ecpC	1-2526/2526	===============	0/0	100.00	98.69	vfdb	NP_286008	(yagX/ecpC) E. coli common pilus usher EcpC [ECP (VF0404)] [Escherichia coli O157:H7 str. EDL933]	
AI-5395_69_71_assembly.fasta	AI-5395_69_71_2	652569	654212	+	yagW/ecpD	1-1644/1644	===============	0/0	100.00	99.21	vfdb	NP_286007	(yagW/ecpD) polymerized tip adhesin of ECP fibers [ECP (VF0404)] [Escherichia coli O157:H7 str. EDL933]	
AI-5395_69_71_assembly.fasta	AI-5395_69_71_2	654136	654889	+	yagV/ecpE	1-754/756	===============	0/0	99.74	96.95	vfdb	NP_286006	(yagV/ecpE) E. coli common pilus chaperone EcpE [ECP (VF0404)] [Escherichia coli O157:H7 str. EDL933]	
AI-5395_69_71_assembly.fasta	AI-5395_69_71_2	850002	850571	-	espY2	1-570/570	===============	0/0	100.00	99.83	vfdb	NP_285765	(espY2) Type III secretion system effector EspY2 [LEE encoded T3SS (SS020)] [Escherichia coli O157:H7 str. EDL933]	
AI-5395_69_71_assembly.fasta	AI-5395_69_71_2	905148	906569	+	espX1	1-1422/1422	===============	0/0	100.00	96.98	vfdb	NP_285716	(espX1) Type III secretion system effector EspX1 [LEE encoded T3SS (SS020)] [Escherichia coli O157:H7 str. EDL933]	
AI-5395_69_71_assembly.fasta	AI-5395_69_71_2	1091579	1092490	-	fimH	1-912/912	===============	0/0	100.00	97.26	vfdb	NP_757248	(fimH) FimH protein precursor [Type 1 fimbriae (VF0221)] [Escherichia coli CFT073]	
AI-5395_69_71_assembly.fasta	AI-5395_69_71_2	1092501	1093004	-	fimG	1-504/504	===============	0/0	100.00	98.02	vfdb	NP_757247	(fimG) FimG protein precursor [Type 1 fimbriae (VF0221)] [Escherichia coli CFT073]	
AI-5395_69_71_assembly.fasta	AI-5395_69_71_2	1093017	1093550	-	fimF	1-534/534	===============	0/0	100.00	97.38	vfdb	NP_757245	(fimF) FimF protein precursor [Type 1 fimbriae (VF0221)] [Escherichia coli CFT073]	
AI-5395_69_71_assembly.fasta	AI-5395_69_71_2	1093557	1096193	-	fimD	1-2637/2637	===============	0/0	100.00	98.37	vfdb	NP_757244	(fimD) Outer membrane usher protein fimD precursor [Type 1 fimbriae (VF0221)] [Escherichia coli CFT073]	
AI-5395_69_71_assembly.fasta	AI-5395_69_71_2	1096260	1096985	-	fimC	1-726/726	===============	0/0	100.00	98.62	vfdb	NP_757243	(fimC) Chaperone protein fimC precursor [Type 1 fimbriae (VF0221)] [Escherichia coli CFT073]	
AI-5395_69_71_assembly.fasta	AI-5395_69_71_2	1097022	1097561	-	fimI	1-540/540	===============	0/0	100.00	98.70	vfdb	NP_757242	(fimI) Fimbrin-like protein fimI precursor [Type 1 fimbriae (VF0221)] [Escherichia coli CFT073]	
AI-5395_69_71_assembly.fasta	AI-5395_69_71_2	1097626	1098231	-	fimA	1-606/606	===============	0/0	100.00	90.92	vfdb	NP_757241	(fimA) Type-1 fimbrial protein A chain precursor [Type 1 fimbriae (VF0221)] [Escherichia coli CFT073]	
AI-5395_69_71_assembly.fasta	AI-5395_69_71_2	1098655	1099251	-	fimE	1-597/597	===============	0/0	100.00	98.83	vfdb	NP_757240	(fimE) Type 1 fimbriae Regulatory protein fimE [Type 1 fimbriae (VF0221)] [Escherichia coli CFT073]	
AI-5395_69_71_assembly.fasta	AI-5395_69_71_2	1099729	1100331	-	fimB	1-603/603	===============	0/0	100.00	97.68	vfdb	NP_757239	(fimB) Type 1 fimbriae Regulatory protein fimB [Type 1 fimbriae (VF0221)] [Escherichia coli CFT073]	
AI-5395_69_71_assembly.fasta	AI-5395_69_71_2	1325948	1327240	+	espX5	1-1293/1293	===============	0/0	100.00	97.29	vfdb	NP_290699	(espX5) Type III secretion system effector EspX5 [LEE encoded T3SS (SS020)] [Escherichia coli O157:H7 str. EDL933]	
AI-5395_69_71_assembly.fasta	AI-5395_69_71_2	1356792	1358372	-	espX4	1-1581/1581	===============	0/0	100.00	99.43	vfdb	NP_290672	(espX4) Type III secretion system effector EspX4 [LEE encoded T3SS (SS020)] [Escherichia coli O157:H7 str. EDL933]	
AI-5395_69_71_assembly.fasta	AI-5395_69_71_2	1392702	1394888	+	espL4	1-2187/2187	===============	0/0	100.00	98.58	vfdb	NP_290644	(espL4) Type III secretion system effector EspL4 [LEE encoded T3SS (SS020)] [Escherichia coli O157:H7 str. EDL933]	
AI-5395_69_71_assembly.fasta	AI-5395_69_71_2	1647176	1648604	+	aslA	1-1428/1428	========/======	1/1	100.00	93.84	vfdb	AAG10151	(aslA) putative arylsulfatase [AslA (VF0238)] [Escherichia coli O18:K1:H7 str. RS218]	
AI-5395_69_71_assembly.fasta	AI-5395_69_71_2	1737771	1740179	+	espY4	1-2409/2409	===============	0/0	100.00	96.89	vfdb	NP_290352	(espY4) Type III secretion system effector EspY4 [LEE encoded T3SS (SS020)] [Escherichia coli O157:H7 str. EDL933]	
AI-5395_69_71_assembly.fasta	AI-5395_69_71_2	2005757	2006557	-	chuV	1-801/801	===============	0/0	100.00	98.50	vfdb	NP_756180	(chuV) ATP-binding hydrophilic protein ChuV [Chu (VF0227)] [Escherichia coli CFT073]	
AI-5395_69_71_assembly.fasta	AI-5395_69_71_2	2006524	2007516	-	chuU	1-993/993	===============	0/0	100.00	97.99	vfdb	NP_756179	(chuU) heme permease protein ChuU [Chu (VF0227)] [Escherichia coli CFT073]	
AI-5395_69_71_assembly.fasta	AI-5395_69_71_2	2007567	2008190	-	shuY	1-624/624	===============	0/0	100.00	99.36	vfdb	YP_405015	(shuY) shu locus protein ShuY [Shu (VF0256)] [Shigella dysenteriae Sd197]	
AI-5395_69_71_assembly.fasta	AI-5395_69_71_2	2008190	2008684	-	shuX	1-495/495	===============	0/0	100.00	97.37	vfdb	YP_405016	(shuX) shu locus protein ShuX [Shu (VF0256)] [Shigella dysenteriae Sd197]	
AI-5395_69_71_assembly.fasta	AI-5395_69_71_2	2008697	2010034	-	chuW	1-1338/1338	===============	0/0	100.00	97.08	vfdb	NP_756176	(chuW) Putative oxygen independent coproporphyrinogen III oxidase [Chu (VF0227)] [Escherichia coli CFT073]	
AI-5395_69_71_assembly.fasta	AI-5395_69_71_2	2010054	2011046	-	shuT	1-993/993	===============	0/0	100.00	98.29	vfdb	YP_405017	(shuT) periplasmic binding protein ShuT [Shu (VF0256)] [Shigella dysenteriae Sd197]	
AI-5395_69_71_assembly.fasta	AI-5395_69_71_2	2011650	2013632	+	shuA	1-1983/1983	===============	0/0	100.00	99.04	vfdb	YP_405019	(shuA) outer membrane heme/hemoglobin receptor ShuA [Shu (VF0256)] [Shigella dysenteriae Sd197]	
AI-5395_69_71_assembly.fasta	AI-5395_69_71_2	2013681	2014709	+	shuS	1-1029/1029	===============	0/0	100.00	98.74	vfdb	YP_405020	(shuS) heme/hemoglobin transport protein ShuS [Shu (VF0256)] [Shigella dysenteriae Sd197]	
AI-5395_69_71_assembly.fasta	AI-5395_69_71_2	2558960	2559790	+	gspC	1-831/831	===============	0/0	100.00	96.39	vfdb	YP_404599	(gspC) general secretion pathway protein C [T2SS (VF0333)] [Shigella dysenteriae Sd197]	
AI-5395_69_71_assembly.fasta	AI-5395_69_71_2	2560030	2561880	+	gspD	1-1836/1836	========/======	1/15	100.00	97.95	vfdb	YP_404600	(gspD) general secretion pathway protein D [T2SS (VF0333)] [Shigella dysenteriae Sd197]	
AI-5395_69_71_assembly.fasta	AI-5395_69_71_2	2561880	2563373	+	gspE	1-1494/1494	===============	0/0	100.00	96.05	vfdb	YP_404601	(gspE) general secretion pathway protein E [T2SS (VF0333)] [Shigella dysenteriae Sd197]	
AI-5395_69_71_assembly.fasta	AI-5395_69_71_2	2563373	2564572	+	gspF	1-1200/1200	===============	0/0	100.00	97.50	vfdb	YP_404602	(gspF) general secretion pathway protein F [T2SS (VF0333)] [Shigella dysenteriae Sd197]	
AI-5395_69_71_assembly.fasta	AI-5395_69_71_2	2564613	2565068	+	gspG	1-456/456	===============	0/0	100.00	94.96	vfdb	YP_404603	(gspG) general secretion pathway protein G [T2SS (VF0333)] [Shigella dysenteriae Sd197]	
AI-5395_69_71_assembly.fasta	AI-5395_69_71_2	2565105	2565635	+	gspH	1-531/531	===============	0/0	100.00	96.99	vfdb	YP_404604	(gspH) general secretion pathway protein H [T2SS (VF0333)] [Shigella dysenteriae Sd197]	
AI-5395_69_71_assembly.fasta	AI-5395_69_71_2	2565632	2566003	+	gspI	1-372/372	===============	0/0	100.00	97.31	vfdb	YP_404605	(gspI) general secretion pathway protein I [T2SS (VF0333)] [Shigella dysenteriae Sd197]	
AI-5395_69_71_assembly.fasta	AI-5395_69_71_2	2566036	2566605	+	gspJ	1-570/570	===============	0/0	100.00	97.54	vfdb	YP_404606	(gspJ) general secretion pathway protein J [T2SS (VF0333)] [Shigella dysenteriae Sd197]	
AI-5395_69_71_assembly.fasta	AI-5395_69_71_2	2566602	2567579	+	gspK	1-978/978	===============	0/0	100.00	98.36	vfdb	YP_404607	(gspK) general secretion pathway protein K [T2SS (VF0333)] [Shigella dysenteriae Sd197]	
AI-5395_69_71_assembly.fasta	AI-5395_69_71_2	2567894	2568754	+	gspL	1-861/861	===============	0/0	100.00	97.21	vfdb	YP_404608	(gspL) general secretion pathway protein L [T2SS (VF0333)] [Shigella dysenteriae Sd197]	
AI-5395_69_71_assembly.fasta	AI-5395_69_71_2	2568870	2569292	+	gspM	1-423/423	===============	0/0	100.00	98.34	vfdb	YP_404609	(gspM) general secretion pathway protein M [T2SS (VF0333)] [Shigella dysenteriae Sd197]	
AI-5395_69_71_assembly.fasta	AI-5395_69_71_2	3716803	3717938	+	espR4	1-1140/1140	========/======	4/6	99.56	84.14	vfdb	NP_288396	(espR4) Type III secretion system effector espR4 [LEE encoded T3SS (SS020)] [Escherichia coli O157:H7 str. EDL933]	
AI-5395_69_71_assembly.fasta	AI-5395_69_71_2	3945133	3947032	-	espL1	1-1899/1899	========/======	1/1	100.00	97.63	vfdb	NP_288154	(espL1) Type III secretion system effector espL1 [LEE encoded T3SS (SS020)] [Escherichia coli O157:H7 str. EDL933]	
AI-5395_69_71_assembly.fasta	AI-5395_69_71_2	4193873	4195123	+	espR1	1-1251/1260	===============	0/0	99.29	97.76	vfdb	NP_287686	(espR1) Type III secretion system effector espR1 [LEE encoded T3SS (SS020)] [Escherichia coli O157:H7 str. EDL933]	
AI-5395_69_71_assembly.fasta	AI-5395_69_71_2	4640146	4640601	-	csgB	1-456/456	========/======	2/2	99.78	83.37	vfdb	NP_460114	(csgB) minor curlin subunit precursor curli nucleator protein CsgB [Agf (VF0103)] [Salmonella enterica subsp. enterica serovar Typhimurium str. LT2]	
AI-5395_69_71_assembly.fasta	AI-5395_69_71_2	4641355	4642005	+	csgD	1-651/651	===============	0/0	100.00	81.26	vfdb	NP_460113	(csgD) DNA-binding transcriptional regulator CsgD [curli fibers/thin aggregative fimbriae (AGF) (AI094)] [Salmonella enterica subsp. enterica serovar Typhimurium str. LT2]	
AI-5395_69_71_assembly.fasta	AI-5395_69_71_2	4642424	4642840	+	csgF	1-417/417	========/======	3/8	99.04	81.23	vfdb	NP_460111	(csgF) curli production assembly/transport protein CsgF [Agf (VF0103)] [Salmonella enterica subsp. enterica serovar Typhimurium str. LT2]	
AI-5395_69_71_assembly.fasta	AI-5395_69_71_2	4642867	4643700	+	csgG	1-834/834	===============	0/0	100.00	83.45	vfdb	NP_460110	(csgG) curli production assembly/transport protein CsgG [Agf (VF0103)] [Salmonella enterica subsp. enterica serovar Typhimurium str. LT2]	
AI-5395_6_6_assembly.fasta	AI-5395_6_6_1	223547	225127	+	espX4	1-1581/1581	========/======	2/2	99.94	92.98	vfdb	NP_290672	(espX4) Type III secretion system effector EspX4 [LEE encoded T3SS (SS020)] [Escherichia coli O157:H7 str. EDL933]	
AI-5395_6_6_assembly.fasta	AI-5395_6_6_1	254653	255945	-	espX5	1-1293/1293	===============	0/0	100.00	95.90	vfdb	NP_290699	(espX5) Type III secretion system effector EspX5 [LEE encoded T3SS (SS020)] [Escherichia coli O157:H7 str. EDL933]	
AI-5395_6_6_assembly.fasta	AI-5395_6_6_1	586722	587324	+	fimB	1-603/603	===============	0/0	100.00	97.84	vfdb	NP_757239	(fimB) Type 1 fimbriae Regulatory protein fimB [Type 1 fimbriae (VF0221)] [Escherichia coli CFT073]	
AI-5395_6_6_assembly.fasta	AI-5395_6_6_1	587802	588398	+	fimE	1-597/597	===============	0/0	100.00	99.16	vfdb	NP_757240	(fimE) Type 1 fimbriae Regulatory protein fimE [Type 1 fimbriae (VF0221)] [Escherichia coli CFT073]	
AI-5395_6_6_assembly.fasta	AI-5395_6_6_1	588822	589427	+	fimA	1-606/606	===============	0/0	100.00	90.92	vfdb	NP_757241	(fimA) Type-1 fimbrial protein A chain precursor [Type 1 fimbriae (VF0221)] [Escherichia coli CFT073]	
AI-5395_6_6_assembly.fasta	AI-5395_6_6_1	589492	590031	+	fimI	1-540/540	===============	0/0	100.00	98.52	vfdb	NP_757242	(fimI) Fimbrin-like protein fimI precursor [Type 1 fimbriae (VF0221)] [Escherichia coli CFT073]	
AI-5395_6_6_assembly.fasta	AI-5395_6_6_1	590068	590793	+	fimC	1-726/726	===============	0/0	100.00	98.07	vfdb	NP_757243	(fimC) Chaperone protein fimC precursor [Type 1 fimbriae (VF0221)] [Escherichia coli CFT073]	
AI-5395_6_6_assembly.fasta	AI-5395_6_6_1	590860	593496	+	fimD	1-2637/2637	===============	0/0	100.00	98.67	vfdb	NP_757244	(fimD) Outer membrane usher protein fimD precursor [Type 1 fimbriae (VF0221)] [Escherichia coli CFT073]	
AI-5395_6_6_assembly.fasta	AI-5395_6_6_1	593503	594036	+	fimF	1-534/534	===============	0/0	100.00	96.63	vfdb	NP_757245	(fimF) FimF protein precursor [Type 1 fimbriae (VF0221)] [Escherichia coli CFT073]	
AI-5395_6_6_assembly.fasta	AI-5395_6_6_1	594049	594552	+	fimG	1-504/504	===============	0/0	100.00	97.82	vfdb	NP_757247	(fimG) FimG protein precursor [Type 1 fimbriae (VF0221)] [Escherichia coli CFT073]	
AI-5395_6_6_assembly.fasta	AI-5395_6_6_1	594563	595474	+	fimH	1-912/912	===============	0/0	100.00	97.48	vfdb	NP_757248	(fimH) FimH protein precursor [Type 1 fimbriae (VF0221)] [Escherichia coli CFT073]	
AI-5395_6_6_assembly.fasta	AI-5395_6_6_1	706515	707936	-	espX1	1-1422/1422	===============	0/0	100.00	94.80	vfdb	NP_285716	(espX1) Type III secretion system effector EspX1 [LEE encoded T3SS (SS020)] [Escherichia coli O157:H7 str. EDL933]	
AI-5395_6_6_assembly.fasta	AI-5395_6_6_1	1004676	1005429	-	yagV/ecpE	1-754/756	===============	0/0	99.74	96.68	vfdb	NP_286006	(yagV/ecpE) E. coli common pilus chaperone EcpE [ECP (VF0404)] [Escherichia coli O157:H7 str. EDL933]	
AI-5395_6_6_assembly.fasta	AI-5395_6_6_1	1005353	1006996	-	yagW/ecpD	1-1644/1644	===============	0/0	100.00	97.93	vfdb	NP_286007	(yagW/ecpD) polymerized tip adhesin of ECP fibers [ECP (VF0404)] [Escherichia coli O157:H7 str. EDL933]	
AI-5395_6_6_assembly.fasta	AI-5395_6_6_1	1006986	1009511	-	yagX/ecpC	1-2526/2526	===============	0/0	100.00	98.65	vfdb	NP_286008	(yagX/ecpC) E. coli common pilus usher EcpC [ECP (VF0404)] [Escherichia coli O157:H7 str. EDL933]	
AI-5395_6_6_assembly.fasta	AI-5395_6_6_1	1009537	1010205	-	yagY/ecpB	1-669/669	===============	0/0	100.00	98.66	vfdb	NP_286009	(yagY/ecpB) E. coli common pilus chaperone EcpB [ECP (VF0404)] [Escherichia coli O157:H7 str. EDL933]	
AI-5395_6_6_assembly.fasta	AI-5395_6_6_1	1010263	1010850	-	yagZ/ecpA	1-588/588	===============	0/0	100.00	99.15	vfdb	NP_286010	(yagZ/ecpA) E. coli common pilus structural subunit EcpA [ECP (VF0404)] [Escherichia coli O157:H7 str. EDL933]	
AI-5395_6_6_assembly.fasta	AI-5395_6_6_1	1010925	1011515	-	ykgK/ecpR	1-591/591	===============	0/0	100.00	97.63	vfdb	NP_286011	(ykgK/ecpR) regulator protein EcpR [ECP (VF0404)] [Escherichia coli O157:H7 str. EDL933]	
AI-5395_6_6_assembly.fasta	AI-5395_6_6_1	1014535	1018760	+	fdeC	1-4229/4251	========/======	1/3	99.41	92.46	vfdb	YP_002390132	(fdeC) adhesin FdeC [FdeC (VF0506)] [Escherichia coli O45:K1:H7 str. S88]	
AI-5395_6_6_assembly.fasta	AI-5395_6_6_1	1353786	1354556	-	entD	1-771/771	===============	0/0	100.00	94.42	vfdb	NP_752599	(entD) phosphopantetheinyl transferase component of enterobactin synthase multienzyme complex [Enterobactin (VF0228)] [Escherichia coli CFT073]	
AI-5395_6_6_assembly.fasta	AI-5395_6_6_1	1354581	1356821	-	fepA	1-2241/2241	===============	0/0	100.00	97.55	vfdb	NP_752600	(fepA) ferrienterobactin outer membrane transporter [Enterobactin (VF0228)] [Escherichia coli CFT073]	
AI-5395_6_6_assembly.fasta	AI-5395_6_6_1	1357064	1358266	+	fes	1-1203/1203	===============	0/0	100.00	96.76	vfdb	NP_752602	(fes) enterobactin/ferric enterobactin esterase [enterobactin (IA019)] [Escherichia coli CFT073]	
AI-5395_6_6_assembly.fasta	AI-5395_6_6_1	1358484	1362337	+	entF	1-3854/3882	===============	0/0	99.28	95.77	vfdb	NP_752604	(entF) enterobactin synthase multienzyme complex component ATP-dependent [Enterobactin (VF0228)] [Escherichia coli CFT073]	
AI-5395_6_6_assembly.fasta	AI-5395_6_6_1	1363711	1364526	-	fepC	1-816/816	===============	0/0	100.00	97.30	vfdb	NP_752606	(fepC) ferrienterobactin ABC transporter ATPase [Enterobactin (VF0228)] [Escherichia coli CFT073]	
AI-5395_6_6_assembly.fasta	AI-5395_6_6_1	1364523	1365515	-	fepG	1-993/993	===============	0/0	100.00	94.86	vfdb	NP_752607	(fepG) iron-enterobactin ABC transporter permease [Enterobactin (VF0228)] [Escherichia coli CFT073]	
AI-5395_6_6_assembly.fasta	AI-5395_6_6_1	1365512	1366528	-	fepD	1-1017/1017	===============	0/0	100.00	95.67	vfdb	NP_752608	(fepD) ferrienterobactin ABC transporter permease [Enterobactin (VF0228)] [Escherichia coli CFT073]	
AI-5395_6_6_assembly.fasta	AI-5395_6_6_1	1366627	1367877	+	entS	1-1251/1251	===============	0/0	100.00	95.52	vfdb	NP_752609	(entS) enterobactin exporter iron-regulated [enterobactin (IA019)] [Escherichia coli CFT073]	
AI-5395_6_6_assembly.fasta	AI-5395_6_6_1	1367881	1368837	-	fepB	1-957/957	===============	0/0	100.00	97.28	vfdb	NP_752610	(fepB) ferrienterobactin ABC transporter periplasmic binding protein [Enterobactin (VF0228)] [Escherichia coli CFT073]	
AI-5395_6_6_assembly.fasta	AI-5395_6_6_1	1369014	1370201	+	entC	1-1188/1188	===============	0/0	100.00	97.90	vfdb	NP_752611	(entC) isochorismate synthase 1 [Enterobactin (VF0228)] [Escherichia coli CFT073]	
AI-5395_6_6_assembly.fasta	AI-5395_6_6_1	1370211	1371821	+	entE	1-1611/1611	===============	0/0	100.00	95.84	vfdb	NP_752612	(entE) 23-dihydroxybenzoate-AMP ligase component of enterobactin synthase multienzyme complex [Enterobactin (VF0228)] [Escherichia coli CFT073]	
AI-5395_6_6_assembly.fasta	AI-5395_6_6_1	1371835	1372692	+	entB	1-858/858	===============	0/0	100.00	97.79	vfdb	NP_752613	(entB) isochorismatase [Enterobactin (VF0228)] [Escherichia coli CFT073]	
AI-5395_6_6_assembly.fasta	AI-5395_6_6_1	1372692	1373438	+	entA	1-747/747	===============	0/0	100.00	95.05	vfdb	NP_752614	(entA) 23-dihydro-23-dihydroxybenzoate dehydrogenase [Enterobactin (VF0228)] [Escherichia coli CFT073]	
AI-5395_6_6_assembly.fasta	AI-5395_6_6_1	1766108	1767148	-	ompA	1-1041/1041	===============	0/0	100.00	98.08	vfdb	AAF37887	(ompA) outer membrane protein A [OmpA (VF0236)] [Escherichia coli O18:K1:H7 str. RS218]	
AI-5395_6_6_assembly.fasta	AI-5395_6_6_1	1847055	1847888	-	csgG	1-834/834	===============	0/0	100.00	83.09	vfdb	NP_460110	(csgG) curli production assembly/transport protein CsgG [Agf (VF0103)] [Salmonella enterica subsp. enterica serovar Typhimurium str. LT2]	
AI-5395_6_6_assembly.fasta	AI-5395_6_6_1	1847915	1848331	-	csgF	1-417/417	========/======	3/8	99.04	81.23	vfdb	NP_460111	(csgF) curli production assembly/transport protein CsgF [Agf (VF0103)] [Salmonella enterica subsp. enterica serovar Typhimurium str. LT2]	
AI-5395_6_6_assembly.fasta	AI-5395_6_6_1	1848750	1849400	-	csgD	1-651/651	===============	0/0	100.00	81.11	vfdb	NP_460113	(csgD) DNA-binding transcriptional regulator CsgD [curli fibers/thin aggregative fimbriae (AGF) (AI094)] [Salmonella enterica subsp. enterica serovar Typhimurium str. LT2]	
AI-5395_6_6_assembly.fasta	AI-5395_6_6_1	1850154	1850609	+	csgB	1-456/456	========/======	2/2	99.78	83.81	vfdb	NP_460114	(csgB) minor curlin subunit precursor curli nucleator protein CsgB [Agf (VF0103)] [Salmonella enterica subsp. enterica serovar Typhimurium str. LT2]	
AI-5395_6_6_assembly.fasta	AI-5395_6_6_1	2253649	2254704	-	espR1	198-1253/1260	..=============	0/0	83.81	94.13	vfdb	NP_287686	(espR1) Type III secretion system effector espR1 [LEE encoded T3SS (SS020)] [Escherichia coli O157:H7 str. EDL933]	
AI-5395_6_6_assembly.fasta	AI-5395_6_6_1	2547205	2549103	+	espL1	1-1899/1899	===============	0/0	100.00	94.79	vfdb	NP_288154	(espL1) Type III secretion system effector espL1 [LEE encoded T3SS (SS020)] [Escherichia coli O157:H7 str. EDL933]	
AI-5395_6_6_assembly.fasta	AI-5395_6_6_1	3941257	3941679	-	gspM	1-423/423	===============	0/0	100.00	93.85	vfdb	YP_404609	(gspM) general secretion pathway protein M [T2SS (VF0333)] [Shigella dysenteriae Sd197]	
AI-5395_6_6_assembly.fasta	AI-5395_6_6_1	3941795	3942655	-	gspL	1-861/861	===============	0/0	100.00	97.68	vfdb	YP_404608	(gspL) general secretion pathway protein L [T2SS (VF0333)] [Shigella dysenteriae Sd197]	
AI-5395_6_6_assembly.fasta	AI-5395_6_6_1	3942970	3943947	-	gspK	1-978/978	===============	0/0	100.00	96.01	vfdb	YP_404607	(gspK) general secretion pathway protein K [T2SS (VF0333)] [Shigella dysenteriae Sd197]	
AI-5395_6_6_assembly.fasta	AI-5395_6_6_1	3943944	3944513	-	gspJ	1-570/570	===============	0/0	100.00	97.37	vfdb	YP_404606	(gspJ) general secretion pathway protein J [T2SS (VF0333)] [Shigella dysenteriae Sd197]	
AI-5395_6_6_assembly.fasta	AI-5395_6_6_1	3944546	3944917	-	gspI	1-372/372	===============	0/0	100.00	95.16	vfdb	YP_404605	(gspI) general secretion pathway protein I [T2SS (VF0333)] [Shigella dysenteriae Sd197]	
AI-5395_6_6_assembly.fasta	AI-5395_6_6_1	3944914	3945444	-	gspH	1-531/531	===============	0/0	100.00	96.05	vfdb	YP_404604	(gspH) general secretion pathway protein H [T2SS (VF0333)] [Shigella dysenteriae Sd197]	
AI-5395_6_6_assembly.fasta	AI-5395_6_6_1	3945481	3945936	-	gspG	1-456/456	===============	0/0	100.00	95.61	vfdb	YP_404603	(gspG) general secretion pathway protein G [T2SS (VF0333)] [Shigella dysenteriae Sd197]	
AI-5395_6_6_assembly.fasta	AI-5395_6_6_1	3945977	3947176	-	gspF	1-1200/1200	===============	0/0	100.00	96.25	vfdb	YP_404602	(gspF) general secretion pathway protein F [T2SS (VF0333)] [Shigella dysenteriae Sd197]	
AI-5395_6_6_assembly.fasta	AI-5395_6_6_1	3947176	3948669	-	gspE	1-1494/1494	===============	0/0	100.00	96.39	vfdb	YP_404601	(gspE) general secretion pathway protein E [T2SS (VF0333)] [Shigella dysenteriae Sd197]	
AI-5395_6_6_assembly.fasta	AI-5395_6_6_1	3948669	3950519	-	gspD	1-1836/1836	========/======	1/15	100.00	97.14	vfdb	YP_404600	(gspD) general secretion pathway protein D [T2SS (VF0333)] [Shigella dysenteriae Sd197]	
AI-5395_6_6_assembly.fasta	AI-5395_6_6_1	3950759	3951589	-	gspC	1-831/831	===============	0/0	100.00	95.19	vfdb	YP_404599	(gspC) general secretion pathway protein C [T2SS (VF0333)] [Shigella dysenteriae Sd197]	
AI-5395_70_72_assembly.fasta	AI-5395_70_72_1	201438	201893	-	csgB	1-456/456	========/======	2/2	99.78	83.81	vfdb	NP_460114	(csgB) minor curlin subunit precursor curli nucleator protein CsgB [Agf (VF0103)] [Salmonella enterica subsp. enterica serovar Typhimurium str. LT2]	
AI-5395_70_72_assembly.fasta	AI-5395_70_72_1	202648	203298	+	csgD	1-651/651	===============	0/0	100.00	81.11	vfdb	NP_460113	(csgD) DNA-binding transcriptional regulator CsgD [curli fibers/thin aggregative fimbriae (AGF) (AI094)] [Salmonella enterica subsp. enterica serovar Typhimurium str. LT2]	
AI-5395_70_72_assembly.fasta	AI-5395_70_72_1	203717	204133	+	csgF	1-417/417	========/======	3/8	99.04	81.23	vfdb	NP_460111	(csgF) curli production assembly/transport protein CsgF [Agf (VF0103)] [Salmonella enterica subsp. enterica serovar Typhimurium str. LT2]	
AI-5395_70_72_assembly.fasta	AI-5395_70_72_1	204160	204993	+	csgG	1-834/834	===============	0/0	100.00	83.45	vfdb	NP_460110	(csgG) curli production assembly/transport protein CsgG [Agf (VF0103)] [Salmonella enterica subsp. enterica serovar Typhimurium str. LT2]	
AI-5395_70_72_assembly.fasta	AI-5395_70_72_1	284832	285872	+	ompA	1-1041/1041	===============	0/0	100.00	98.08	vfdb	AAF37887	(ompA) outer membrane protein A [OmpA (VF0236)] [Escherichia coli O18:K1:H7 str. RS218]	
AI-5395_70_72_assembly.fasta	AI-5395_70_72_1	692249	692995	-	entA	1-747/747	===============	0/0	100.00	95.72	vfdb	NP_752614	(entA) 23-dihydro-23-dihydroxybenzoate dehydrogenase [Enterobactin (VF0228)] [Escherichia coli CFT073]	
AI-5395_70_72_assembly.fasta	AI-5395_70_72_1	692995	693852	-	entB	1-858/858	===============	0/0	100.00	98.14	vfdb	NP_752613	(entB) isochorismatase [Enterobactin (VF0228)] [Escherichia coli CFT073]	
AI-5395_70_72_assembly.fasta	AI-5395_70_72_1	693866	695476	-	entE	1-1611/1611	===============	0/0	100.00	95.47	vfdb	NP_752612	(entE) 23-dihydroxybenzoate-AMP ligase component of enterobactin synthase multienzyme complex [Enterobactin (VF0228)] [Escherichia coli CFT073]	
AI-5395_70_72_assembly.fasta	AI-5395_70_72_1	695486	696673	-	entC	1-1188/1188	===============	0/0	100.00	97.90	vfdb	NP_752611	(entC) isochorismate synthase 1 [Enterobactin (VF0228)] [Escherichia coli CFT073]	
AI-5395_70_72_assembly.fasta	AI-5395_70_72_1	697036	697992	+	fepB	1-957/957	===============	0/0	100.00	97.49	vfdb	NP_752610	(fepB) ferrienterobactin ABC transporter periplasmic binding protein [Enterobactin (VF0228)] [Escherichia coli CFT073]	
AI-5395_70_72_assembly.fasta	AI-5395_70_72_1	697996	699246	-	entS	1-1251/1251	===============	0/0	100.00	95.44	vfdb	NP_752609	(entS) enterobactin exporter iron-regulated [enterobactin (IA019)] [Escherichia coli CFT073]	
AI-5395_70_72_assembly.fasta	AI-5395_70_72_1	699345	700361	+	fepD	1-1017/1017	===============	0/0	100.00	96.07	vfdb	NP_752608	(fepD) ferrienterobactin ABC transporter permease [Enterobactin (VF0228)] [Escherichia coli CFT073]	
AI-5395_70_72_assembly.fasta	AI-5395_70_72_1	700358	701350	+	fepG	1-993/993	===============	0/0	100.00	94.06	vfdb	NP_752607	(fepG) iron-enterobactin ABC transporter permease [Enterobactin (VF0228)] [Escherichia coli CFT073]	
AI-5395_70_72_assembly.fasta	AI-5395_70_72_1	701347	702162	+	fepC	1-816/816	===============	0/0	100.00	97.30	vfdb	NP_752606	(fepC) ferrienterobactin ABC transporter ATPase [Enterobactin (VF0228)] [Escherichia coli CFT073]	
AI-5395_70_72_assembly.fasta	AI-5395_70_72_1	704736	708589	-	entF	1-3854/3882	===============	0/0	99.28	95.69	vfdb	NP_752604	(entF) enterobactin synthase multienzyme complex component ATP-dependent [Enterobactin (VF0228)] [Escherichia coli CFT073]	
AI-5395_70_72_assembly.fasta	AI-5395_70_72_1	708807	710009	-	fes	1-1203/1203	===============	0/0	100.00	96.67	vfdb	NP_752602	(fes) enterobactin/ferric enterobactin esterase [enterobactin (IA019)] [Escherichia coli CFT073]	
AI-5395_70_72_assembly.fasta	AI-5395_70_72_1	710252	712492	+	fepA	1-2241/2241	===============	0/0	100.00	96.74	vfdb	NP_752600	(fepA) ferrienterobactin outer membrane transporter [Enterobactin (VF0228)] [Escherichia coli CFT073]	
AI-5395_70_72_assembly.fasta	AI-5395_70_72_1	712517	713287	+	entD	1-771/771	===============	0/0	100.00	95.20	vfdb	NP_752599	(entD) phosphopantetheinyl transferase component of enterobactin synthase multienzyme complex [Enterobactin (VF0228)] [Escherichia coli CFT073]	
AI-5395_70_72_assembly.fasta	AI-5395_70_72_1	1001290	1005538	-	fdeC	1-4246/4251	========/======	1/3	99.88	94.23	vfdb	YP_002390132	(fdeC) adhesin FdeC [FdeC (VF0506)] [Escherichia coli O45:K1:H7 str. S88]	
AI-5395_70_72_assembly.fasta	AI-5395_70_72_1	1240311	1241122	-	espY1	1-753/753	========/======	3/61	99.87	86.96	vfdb	NP_285753	(espY1) Type III secretion system effector EspY1 [LEE encoded T3SS (SS020)] [Escherichia coli O157:H7 str. EDL933]	
AI-5395_70_72_assembly.fasta	AI-5395_70_72_1	1379171	1380082	-	fimH	1-912/912	===============	0/0	100.00	97.37	vfdb	NP_757248	(fimH) FimH protein precursor [Type 1 fimbriae (VF0221)] [Escherichia coli CFT073]	
AI-5395_70_72_assembly.fasta	AI-5395_70_72_1	1380093	1380596	-	fimG	1-504/504	===============	0/0	100.00	97.82	vfdb	NP_757247	(fimG) FimG protein precursor [Type 1 fimbriae (VF0221)] [Escherichia coli CFT073]	
AI-5395_70_72_assembly.fasta	AI-5395_70_72_1	1380609	1381142	-	fimF	1-534/534	===============	0/0	100.00	97.94	vfdb	NP_757245	(fimF) FimF protein precursor [Type 1 fimbriae (VF0221)] [Escherichia coli CFT073]	
AI-5395_70_72_assembly.fasta	AI-5395_70_72_1	1381149	1383785	-	fimD	1-2637/2637	===============	0/0	100.00	98.60	vfdb	NP_757244	(fimD) Outer membrane usher protein fimD precursor [Type 1 fimbriae (VF0221)] [Escherichia coli CFT073]	
AI-5395_70_72_assembly.fasta	AI-5395_70_72_1	1383852	1384577	-	fimC	1-726/726	===============	0/0	100.00	98.90	vfdb	NP_757243	(fimC) Chaperone protein fimC precursor [Type 1 fimbriae (VF0221)] [Escherichia coli CFT073]	
AI-5395_70_72_assembly.fasta	AI-5395_70_72_1	1384614	1385153	-	fimI	1-540/540	===============	0/0	100.00	98.70	vfdb	NP_757242	(fimI) Fimbrin-like protein fimI precursor [Type 1 fimbriae (VF0221)] [Escherichia coli CFT073]	
AI-5395_70_72_assembly.fasta	AI-5395_70_72_1	1385218	1385829	-	fimA	1-606/606	========/======	1/6	100.00	88.56	vfdb	NP_757241	(fimA) Type-1 fimbrial protein A chain precursor [Type 1 fimbriae (VF0221)] [Escherichia coli CFT073]	
AI-5395_70_72_assembly.fasta	AI-5395_70_72_1	1386256	1386850	-	fimE	1-595/597	===============	0/0	99.66	99.33	vfdb	NP_757240	(fimE) Type 1 fimbriae Regulatory protein fimE [Type 1 fimbriae (VF0221)] [Escherichia coli CFT073]	
AI-5395_70_72_assembly.fasta	AI-5395_70_72_1	1387327	1387929	-	fimB	1-603/603	===============	0/0	100.00	98.18	vfdb	NP_757239	(fimB) Type 1 fimbriae Regulatory protein fimB [Type 1 fimbriae (VF0221)] [Escherichia coli CFT073]	
AI-5395_70_72_assembly.fasta	AI-5395_70_72_1	1666279	1667571	+	espX5	1-1293/1293	===============	0/0	100.00	97.14	vfdb	NP_290699	(espX5) Type III secretion system effector EspX5 [LEE encoded T3SS (SS020)] [Escherichia coli O157:H7 str. EDL933]	
AI-5395_70_72_assembly.fasta	AI-5395_70_72_1	1697846	1699426	-	espX4	1-1581/1581	========/======	2/2	99.94	93.30	vfdb	NP_290672	(espX4) Type III secretion system effector EspX4 [LEE encoded T3SS (SS020)] [Escherichia coli O157:H7 str. EDL933]	
AI-5395_70_72_assembly.fasta	AI-5395_70_72_1	1727642	1729828	+	espL4	1-2187/2187	===============	0/0	100.00	97.30	vfdb	NP_290644	(espL4) Type III secretion system effector EspL4 [LEE encoded T3SS (SS020)] [Escherichia coli O157:H7 str. EDL933]	
AI-5395_70_72_assembly.fasta	AI-5395_70_72_1	1965792	1967220	+	aslA	1-1428/1428	========/======	1/1	100.00	93.56	vfdb	AAG10151	(aslA) putative arylsulfatase [AslA (VF0238)] [Escherichia coli O18:K1:H7 str. RS218]	
AI-5395_70_72_assembly.fasta	AI-5395_70_72_1	2842501	2842872	+	gspI	1-372/372	===============	0/0	100.00	95.16	vfdb	YP_404605	(gspI) general secretion pathway protein I [T2SS (VF0333)] [Shigella dysenteriae Sd197]	
AI-5395_70_72_assembly.fasta	AI-5395_70_72_1	2842905	2843474	+	gspJ	1-570/570	===============	0/0	100.00	96.67	vfdb	YP_404606	(gspJ) general secretion pathway protein J [T2SS (VF0333)] [Shigella dysenteriae Sd197]	
AI-5395_70_72_assembly.fasta	AI-5395_70_72_1	2843471	2844448	+	gspK	1-978/978	===============	0/0	100.00	97.03	vfdb	YP_404607	(gspK) general secretion pathway protein K [T2SS (VF0333)] [Shigella dysenteriae Sd197]	
AI-5395_70_72_assembly.fasta	AI-5395_70_72_1	2844763	2845623	+	gspL	1-861/861	===============	0/0	100.00	97.10	vfdb	YP_404608	(gspL) general secretion pathway protein L [T2SS (VF0333)] [Shigella dysenteriae Sd197]	
AI-5395_70_72_assembly.fasta	AI-5395_70_72_1	2845739	2846161	+	gspM	1-423/423	===============	0/0	100.00	98.34	vfdb	YP_404609	(gspM) general secretion pathway protein M [T2SS (VF0333)] [Shigella dysenteriae Sd197]	
AI-5395_70_72_assembly.fasta	AI-5395_70_72_1	3979867	3981002	+	espR4	1-1140/1140	========/======	4/6	99.56	84.49	vfdb	NP_288396	(espR4) Type III secretion system effector espR4 [LEE encoded T3SS (SS020)] [Escherichia coli O157:H7 str. EDL933]	
AI-5395_70_72_assembly.fasta	AI-5395_70_72_1	4186308	4188207	-	espL1	1-1899/1899	========/======	1/1	100.00	97.53	vfdb	NP_288154	(espL1) Type III secretion system effector espL1 [LEE encoded T3SS (SS020)] [Escherichia coli O157:H7 str. EDL933]	
AI-5395_70_72_assembly.fasta	AI-5395_70_72_1	4448836	4449889	+	espR1	198-1253/1260	..======/======	2/2	83.65	93.84	vfdb	NP_287686	(espR1) Type III secretion system effector espR1 [LEE encoded T3SS (SS020)] [Escherichia coli O157:H7 str. EDL933]	
AI-5395_71_73_assembly.fasta	AI-5395_71_73_1	180165	181220	+	espR1	198-1253/1260	..=============	0/0	83.81	94.13	vfdb	NP_287686	(espR1) Type III secretion system effector espR1 [LEE encoded T3SS (SS020)] [Escherichia coli O157:H7 str. EDL933]	
AI-5395_71_73_assembly.fasta	AI-5395_71_73_1	586239	586694	-	csgB	1-456/456	========/======	2/2	99.78	83.81	vfdb	NP_460114	(csgB) minor curlin subunit precursor curli nucleator protein CsgB [Agf (VF0103)] [Salmonella enterica subsp. enterica serovar Typhimurium str. LT2]	
AI-5395_71_73_assembly.fasta	AI-5395_71_73_1	587448	588098	+	csgD	1-651/651	===============	0/0	100.00	81.11	vfdb	NP_460113	(csgD) DNA-binding transcriptional regulator CsgD [curli fibers/thin aggregative fimbriae (AGF) (AI094)] [Salmonella enterica subsp. enterica serovar Typhimurium str. LT2]	
AI-5395_71_73_assembly.fasta	AI-5395_71_73_1	588517	588933	+	csgF	1-417/417	========/======	3/8	99.04	81.23	vfdb	NP_460111	(csgF) curli production assembly/transport protein CsgF [Agf (VF0103)] [Salmonella enterica subsp. enterica serovar Typhimurium str. LT2]	
AI-5395_71_73_assembly.fasta	AI-5395_71_73_1	588960	589793	+	csgG	1-834/834	===============	0/0	100.00	82.97	vfdb	NP_460110	(csgG) curli production assembly/transport protein CsgG [Agf (VF0103)] [Salmonella enterica subsp. enterica serovar Typhimurium str. LT2]	
AI-5395_71_73_assembly.fasta	AI-5395_71_73_1	672301	673353	+	ompA	1-1041/1041	========/======	1/12	100.00	94.30	vfdb	AAF37887	(ompA) outer membrane protein A [OmpA (VF0236)] [Escherichia coli O18:K1:H7 str. RS218]	
AI-5395_71_73_assembly.fasta	AI-5395_71_73_1	1080537	1081283	-	entA	1-747/747	===============	0/0	100.00	95.98	vfdb	NP_752614	(entA) 23-dihydro-23-dihydroxybenzoate dehydrogenase [Enterobactin (VF0228)] [Escherichia coli CFT073]	
AI-5395_71_73_assembly.fasta	AI-5395_71_73_1	1081283	1082140	-	entB	1-858/858	===============	0/0	100.00	97.32	vfdb	NP_752613	(entB) isochorismatase [Enterobactin (VF0228)] [Escherichia coli CFT073]	
AI-5395_71_73_assembly.fasta	AI-5395_71_73_1	1082154	1083764	-	entE	1-1611/1611	===============	0/0	100.00	95.90	vfdb	NP_752612	(entE) 23-dihydroxybenzoate-AMP ligase component of enterobactin synthase multienzyme complex [Enterobactin (VF0228)] [Escherichia coli CFT073]	
AI-5395_71_73_assembly.fasta	AI-5395_71_73_1	1083774	1084961	-	entC	1-1188/1188	===============	0/0	100.00	97.56	vfdb	NP_752611	(entC) isochorismate synthase 1 [Enterobactin (VF0228)] [Escherichia coli CFT073]	
AI-5395_71_73_assembly.fasta	AI-5395_71_73_1	1085324	1086280	+	fepB	1-957/957	===============	0/0	100.00	97.28	vfdb	NP_752610	(fepB) ferrienterobactin ABC transporter periplasmic binding protein [Enterobactin (VF0228)] [Escherichia coli CFT073]	
AI-5395_71_73_assembly.fasta	AI-5395_71_73_1	1086284	1087534	-	entS	1-1251/1251	===============	0/0	100.00	95.52	vfdb	NP_752609	(entS) enterobactin exporter iron-regulated [enterobactin (IA019)] [Escherichia coli CFT073]	
AI-5395_71_73_assembly.fasta	AI-5395_71_73_1	1087633	1088649	+	fepD	1-1017/1017	===============	0/0	100.00	95.67	vfdb	NP_752608	(fepD) ferrienterobactin ABC transporter permease [Enterobactin (VF0228)] [Escherichia coli CFT073]	
AI-5395_71_73_assembly.fasta	AI-5395_71_73_1	1088646	1089638	+	fepG	1-993/993	===============	0/0	100.00	94.56	vfdb	NP_752607	(fepG) iron-enterobactin ABC transporter permease [Enterobactin (VF0228)] [Escherichia coli CFT073]	
AI-5395_71_73_assembly.fasta	AI-5395_71_73_1	1089635	1090450	+	fepC	1-816/816	===============	0/0	100.00	96.94	vfdb	NP_752606	(fepC) ferrienterobactin ABC transporter ATPase [Enterobactin (VF0228)] [Escherichia coli CFT073]	
AI-5395_71_73_assembly.fasta	AI-5395_71_73_1	1091824	1095677	-	entF	1-3854/3882	===============	0/0	99.28	95.59	vfdb	NP_752604	(entF) enterobactin synthase multienzyme complex component ATP-dependent [Enterobactin (VF0228)] [Escherichia coli CFT073]	
AI-5395_71_73_assembly.fasta	AI-5395_71_73_1	1095895	1097097	-	fes	1-1203/1203	===============	0/0	100.00	96.76	vfdb	NP_752602	(fes) enterobactin/ferric enterobactin esterase [enterobactin (IA019)] [Escherichia coli CFT073]	
AI-5395_71_73_assembly.fasta	AI-5395_71_73_1	1097340	1099580	+	fepA	1-2241/2241	===============	0/0	100.00	96.79	vfdb	NP_752600	(fepA) ferrienterobactin outer membrane transporter [Enterobactin (VF0228)] [Escherichia coli CFT073]	
AI-5395_71_73_assembly.fasta	AI-5395_71_73_1	1099605	1100375	+	entD	1-771/771	===============	0/0	100.00	94.03	vfdb	NP_752599	(entD) phosphopantetheinyl transferase component of enterobactin synthase multienzyme complex [Enterobactin (VF0228)] [Escherichia coli CFT073]	
AI-5395_71_73_assembly.fasta	AI-5395_71_73_1	1363433	1367674	-	fdeC	1-4245/4251	========/======	3/5	99.76	92.35	vfdb	YP_002390132	(fdeC) adhesin FdeC [FdeC (VF0506)] [Escherichia coli O45:K1:H7 str. S88]	
AI-5395_71_73_assembly.fasta	AI-5395_71_73_1	1370694	1371283	+	ykgK/ecpR	1-590/591	===============	0/0	99.83	97.63	vfdb	NP_286011	(ykgK/ecpR) regulator protein EcpR [ECP (VF0404)] [Escherichia coli O157:H7 str. EDL933]	
AI-5395_71_73_assembly.fasta	AI-5395_71_73_1	1372136	1372723	+	yagZ/ecpA	1-588/588	===============	0/0	100.00	99.32	vfdb	NP_286010	(yagZ/ecpA) E. coli common pilus structural subunit EcpA [ECP (VF0404)] [Escherichia coli O157:H7 str. EDL933]	
AI-5395_71_73_assembly.fasta	AI-5395_71_73_1	1372781	1373449	+	yagY/ecpB	1-669/669	===============	0/0	100.00	98.66	vfdb	NP_286009	(yagY/ecpB) E. coli common pilus chaperone EcpB [ECP (VF0404)] [Escherichia coli O157:H7 str. EDL933]	
AI-5395_71_73_assembly.fasta	AI-5395_71_73_1	1373475	1376000	+	yagX/ecpC	1-2526/2526	===============	0/0	100.00	98.61	vfdb	NP_286008	(yagX/ecpC) E. coli common pilus usher EcpC [ECP (VF0404)] [Escherichia coli O157:H7 str. EDL933]	
AI-5395_71_73_assembly.fasta	AI-5395_71_73_1	1375990	1377633	+	yagW/ecpD	1-1644/1644	===============	0/0	100.00	98.60	vfdb	NP_286007	(yagW/ecpD) polymerized tip adhesin of ECP fibers [ECP (VF0404)] [Escherichia coli O157:H7 str. EDL933]	
AI-5395_71_73_assembly.fasta	AI-5395_71_73_1	1377557	1378310	+	yagV/ecpE	1-754/756	===============	0/0	99.74	96.68	vfdb	NP_286006	(yagV/ecpE) E. coli common pilus chaperone EcpE [ECP (VF0404)] [Escherichia coli O157:H7 str. EDL933]	
AI-5395_71_73_assembly.fasta	AI-5395_71_73_1	1643071	1644492	+	espX1	1-1422/1422	===============	0/0	100.00	94.37	vfdb	NP_285716	(espX1) Type III secretion system effector EspX1 [LEE encoded T3SS (SS020)] [Escherichia coli O157:H7 str. EDL933]	
AI-5395_71_73_assembly.fasta	AI-5395_71_73_1	1756788	1757699	-	fimH	1-912/912	===============	0/0	100.00	97.59	vfdb	NP_757248	(fimH) FimH protein precursor [Type 1 fimbriae (VF0221)] [Escherichia coli CFT073]	
AI-5395_71_73_assembly.fasta	AI-5395_71_73_1	1757710	1758213	-	fimG	1-504/504	===============	0/0	100.00	98.41	vfdb	NP_757247	(fimG) FimG protein precursor [Type 1 fimbriae (VF0221)] [Escherichia coli CFT073]	
AI-5395_71_73_assembly.fasta	AI-5395_71_73_1	1758226	1758759	-	fimF	1-534/534	===============	0/0	100.00	97.75	vfdb	NP_757245	(fimF) FimF protein precursor [Type 1 fimbriae (VF0221)] [Escherichia coli CFT073]	
AI-5395_71_73_assembly.fasta	AI-5395_71_73_1	1758766	1761402	-	fimD	1-2637/2637	===============	0/0	100.00	98.79	vfdb	NP_757244	(fimD) Outer membrane usher protein fimD precursor [Type 1 fimbriae (VF0221)] [Escherichia coli CFT073]	
AI-5395_71_73_assembly.fasta	AI-5395_71_73_1	1761469	1762194	-	fimC	1-726/726	===============	0/0	100.00	98.62	vfdb	NP_757243	(fimC) Chaperone protein fimC precursor [Type 1 fimbriae (VF0221)] [Escherichia coli CFT073]	
AI-5395_71_73_assembly.fasta	AI-5395_71_73_1	1762231	1762770	-	fimI	1-540/540	===============	0/0	100.00	97.78	vfdb	NP_757242	(fimI) Fimbrin-like protein fimI precursor [Type 1 fimbriae (VF0221)] [Escherichia coli CFT073]	
AI-5395_71_73_assembly.fasta	AI-5395_71_73_1	1762835	1763440	-	fimA	1-606/606	===============	0/0	100.00	89.93	vfdb	NP_757241	(fimA) Type-1 fimbrial protein A chain precursor [Type 1 fimbriae (VF0221)] [Escherichia coli CFT073]	
AI-5395_71_73_assembly.fasta	AI-5395_71_73_1	1763864	1764460	-	fimE	1-597/597	===============	0/0	100.00	99.16	vfdb	NP_757240	(fimE) Type 1 fimbriae Regulatory protein fimE [Type 1 fimbriae (VF0221)] [Escherichia coli CFT073]	
AI-5395_71_73_assembly.fasta	AI-5395_71_73_1	1764938	1765540	-	fimB	1-603/603	===============	0/0	100.00	97.84	vfdb	NP_757239	(fimB) Type 1 fimbriae Regulatory protein fimB [Type 1 fimbriae (VF0221)] [Escherichia coli CFT073]	
AI-5395_71_73_assembly.fasta	AI-5395_71_73_1	2017943	2019241	+	espX5	1-1293/1293	========/======	1/6	100.00	95.15	vfdb	NP_290699	(espX5) Type III secretion system effector EspX5 [LEE encoded T3SS (SS020)] [Escherichia coli O157:H7 str. EDL933]	
AI-5395_71_73_assembly.fasta	AI-5395_71_73_1	2066390	2067970	-	espX4	1-1581/1581	========/======	2/2	99.94	92.98	vfdb	NP_290672	(espX4) Type III secretion system effector EspX4 [LEE encoded T3SS (SS020)] [Escherichia coli O157:H7 str. EDL933]	
AI-5395_71_73_assembly.fasta	AI-5395_71_73_1	3289231	3290061	+	gspC	1-831/831	===============	0/0	100.00	95.07	vfdb	YP_404599	(gspC) general secretion pathway protein C [T2SS (VF0333)] [Shigella dysenteriae Sd197]	
AI-5395_71_73_assembly.fasta	AI-5395_71_73_1	3323194	3323427	-	papI	1-234/234	===============	0/0	100.00	95.30	vfdb	NP_755468	(papI) regulatory protein PapI [P fimbriae (VF0220)] [Escherichia coli CFT073]	
AI-5395_71_73_assembly.fasta	AI-5395_71_73_1	3323831	3324143	+	papB	1-313/315	===============	0/0	99.37	98.08	vfdb		(papB) regulatory protein PapB [P fimbriae (VF0220)] [Escherichia coli CFT073]	
AI-5395_71_73_assembly.fasta	AI-5395_71_73_1	3325014	3325552	+	papH	50-588/588	.==============	0/0	91.67	97.77	vfdb	NP_755466	(papH) P pilus termination subunit PapH [P fimbriae (VF0220)] [Escherichia coli CFT073]	
AI-5395_71_73_assembly.fasta	AI-5395_71_73_1	3325598	3328120	+	papC	1-2523/2523	===============	0/0	100.00	99.21	vfdb	NP_755465	(papC) usher protein PapC [P fimbriae (VF0220)] [Escherichia coli CFT073]	
AI-5395_71_73_assembly.fasta	AI-5395_71_73_1	3328320	3328925	+	papD	1-606/606	===============	0/0	100.00	99.17	vfdb	NP_755464	(papD) chaperone protein PapD [P fimbriae (VF0220)] [Escherichia coli CFT073]	
AI-5395_71_73_assembly.fasta	AI-5395_71_73_1	3328962	3329543	+	papJ	1-582/582	===============	0/0	100.00	98.28	vfdb	NP_755463	(papJ) P pilus assembly protein PapJ [P fimbriae (VF0220)] [Escherichia coli CFT073]	
AI-5395_71_73_assembly.fasta	AI-5395_71_73_1	3329550	3330089	+	papK	1-540/540	===============	0/0	100.00	98.33	vfdb	NP_755461	(papK) P pilus minor subunit PapK [P fimbriae (VF0220)] [Escherichia coli CFT073]	
AI-5395_71_73_assembly.fasta	AI-5395_71_73_1	3330098	3330643	+	papE	1-540/540	========/======	2/6	100.00	83.70	vfdb	NP_755460	(papE) P pilus minor subunit PapE [P fimbriae (VF0220)] [Escherichia coli CFT073]	
AI-5395_71_73_assembly.fasta	AI-5395_71_73_1	3334349	3334900	+	sfaX	1-552/552	===============	0/0	100.00	98.55	vfdb	YP_540132	(sfaX) regulatory protein SfaX [S fimbriae (VF0222)] [Escherichia coli UTI89]	
AI-5395_71_73_assembly.fasta	AI-5395_71_73_1	4449531	4451552	-	fyuA	1-2022/2022	===============	0/0	100.00	99.95	vfdb	NP_405467	(fyuA) pesticin/yersiniabactin receptor protein [Yersiniabactin (VF0136)] [Yersinia pestis CO92]	
AI-5395_71_73_assembly.fasta	AI-5395_71_73_1	4451683	4453260	-	ybtE	1-1578/1578	===============	0/0	100.00	99.87	vfdb	NP_405468	(ybtE) yersiniabactin siderophore biosynthetic protein [Yersiniabactin (VF0136)] [Yersinia pestis CO92]	
AI-5395_71_73_assembly.fasta	AI-5395_71_73_1	4453264	4454067	-	ybtT	1-804/804	===============	0/0	100.00	99.63	vfdb	NP_405469	(ybtT) yersiniabactin biosynthetic protein YbtT [Yersiniabactin (VF0136)] [Yersinia pestis CO92]	
AI-5395_71_73_assembly.fasta	AI-5395_71_73_1	4454064	4455164	-	ybtU	1-1101/1101	===============	0/0	100.00	99.64	vfdb	NP_405470	(ybtU) yersiniabactin biosynthetic protein YbtU [Yersiniabactin (VF0136)] [Yersinia pestis CO92]	
AI-5395_71_73_assembly.fasta	AI-5395_71_73_1	4455161	4464652	-	irp1	1-9492/9492	===============	0/0	100.00	99.70	vfdb	NP_405471	(irp1) yersiniabactin biosynthetic protein Irp1 [Yersiniabactin (VF0136)] [Yersinia pestis CO92]	
AI-5395_71_73_assembly.fasta	AI-5395_71_73_1	4464740	4470847	-	irp2	1-6108/6108	===============	0/0	100.00	99.56	vfdb	NP_405472	(irp2) yersiniabactin biosynthetic protein Irp2 [Yersiniabactin (VF0136)] [Yersinia pestis CO92]	
AI-5395_71_73_assembly.fasta	AI-5395_71_73_1	4471038	4471997	-	ybtA	1-960/960	===============	0/0	100.00	99.48	vfdb	NP_405473	(ybtA) transcriptional regulator YbtA [Yersiniabactin (VF0136)] [Yersinia pestis CO92]	
AI-5395_71_73_assembly.fasta	AI-5395_71_73_1	4472164	4473966	+	ybtP	1-1803/1803	===============	0/0	100.00	99.72	vfdb	NP_405474	(ybtP) lipoprotein inner membrane ABC-transporter [Yersiniabactin (VF0136)] [Yersinia pestis CO92]	
AI-5395_71_73_assembly.fasta	AI-5395_71_73_1	4473953	4475755	+	ybtQ	1-1803/1803	===============	0/0	100.00	99.72	vfdb	NP_405475	(ybtQ) inner membrane ABC-transporter YbtQ [Yersiniabactin (VF0136)] [Yersinia pestis CO92]	
AI-5395_71_73_assembly.fasta	AI-5395_71_73_1	4475748	4477028	+	ybtX	1-1281/1281	===============	0/0	100.00	99.45	vfdb	NP_405476	(ybtX) putative signal transducer [Yersiniabactin (VF0136)] [Yersinia pestis CO92]	
AI-5395_71_73_assembly.fasta	AI-5395_71_73_1	4477056	4478360	+	ybtS	1-1305/1305	===============	0/0	100.00	99.69	vfdb	NP_405477	(ybtS) salicylate synthase Irp9 [Yersiniabactin (VF0136)] [Yersinia pestis CO92]	
AI-5395_71_73_assembly.fasta	AI-5395_71_73_1	4716984	4718882	-	espL1	1-1899/1899	===============	0/0	100.00	94.79	vfdb	NP_288154	(espL1) Type III secretion system effector espL1 [LEE encoded T3SS (SS020)] [Escherichia coli O157:H7 str. EDL933]	
AI-5395_71_73_assembly.fasta	AI-5395_71_73_2	53915	56092	+	iroN	1-2178/2178	===============	0/0	100.00	99.08	vfdb	NP_753164	(iroN) salmochelin receptor IroN [IroN (VF0230)] [Escherichia coli CFT073]	
AI-5395_71_73_assembly.fasta	AI-5395_71_73_2	56137	57093	-	iroE	1-957/957	===============	0/0	100.00	99.48	vfdb	NP_753165	(iroE) esterase [Salmochelin (IA013)] [Escherichia coli CFT073]	
AI-5395_71_73_assembly.fasta	AI-5395_71_73_2	57178	58407	-	iroD	1-1230/1230	===============	0/0	100.00	98.62	vfdb	NP_753166	(iroD) esterase [Salmochelin (IA013)] [Escherichia coli CFT073]	
AI-5395_71_73_assembly.fasta	AI-5395_71_73_2	58511	62248	-	iroC	1-3738/3738	===============	0/0	100.00	99.12	vfdb	NP_753167	(iroC) ATP binding cassette transporter [Salmochelin (IA013)] [Escherichia coli CFT073]	
AI-5395_71_73_assembly.fasta	AI-5395_71_73_2	62311	63473	-	iroB	1-1163/1164	===============	0/0	99.91	98.37	vfdb	NP_753168	(iroB) glucosyltransferase IroB [Salmochelin (IA013)] [Escherichia coli CFT073]	
AI-5395_71_73_assembly.fasta	AI-5395_71_73_2	103299	105086	+	iucA	1-1788/1788	===============	0/0	100.00	94.30	vfdb	NP_755502	(iucA) aerobactin siderophore biosynthesis protein IucD [Aerobactin (VF0229)] [Escherichia coli CFT073]	
AI-5395_71_73_assembly.fasta	AI-5395_71_73_2	105087	106034	+	iucB	1-948/948	===============	0/0	100.00	95.67	vfdb	NP_755501	(iucB) aerobactin siderophore biosynthesis protein IucB [Aerobactin (VF0229)] [Escherichia coli CFT073]	
AI-5395_71_73_assembly.fasta	AI-5395_71_73_2	106034	107776	+	iucC	1-1743/1743	===============	0/0	100.00	96.04	vfdb	NP_755500	(iucC) aerobactin siderophore biosynthesis protein IucC [Aerobactin (VF0229)] [Escherichia coli CFT073]	
AI-5395_71_73_assembly.fasta	AI-5395_71_73_2	107773	109094	+	iucD	1-1323/1338	========/======	1/1	98.80	96.30	vfdb	NP_755499	(iucD) L-lysine 6-monooxygenase IucD [Aerobactin (VF0229)] [Escherichia coli CFT073]	
AI-5395_71_73_assembly.fasta	AI-5395_71_73_2	109032	111333	+	iutA	1-2280/2280	========/======	3/24	99.96	88.41	vfdb	NP_755498	(iutA) ferric aerobactin receptor precusor IutA [Aerobactin (VF0229)] [Escherichia coli CFT073]	
AI-5395_72_74_assembly.fasta	AI-5395_72_74_2	12648	14949	-	iutA	1-2280/2280	========/======	3/24	99.96	88.36	vfdb	NP_755498	(iutA) ferric aerobactin receptor precusor IutA [Aerobactin (VF0229)] [Escherichia coli CFT073]	
AI-5395_72_74_assembly.fasta	AI-5395_72_74_2	14887	16208	-	iucD	1-1323/1338	========/======	1/1	98.80	96.30	vfdb	NP_755499	(iucD) L-lysine 6-monooxygenase IucD [Aerobactin (VF0229)] [Escherichia coli CFT073]	
AI-5395_72_74_assembly.fasta	AI-5395_72_74_3	75312	77099	+	iucA	1-1788/1788	===============	0/0	100.00	94.24	vfdb	NP_755502	(iucA) aerobactin siderophore biosynthesis protein IucD [Aerobactin (VF0229)] [Escherichia coli CFT073]	
AI-5395_72_74_assembly.fasta	AI-5395_72_74_3	77100	78047	+	iucB	1-948/948	===============	0/0	100.00	95.57	vfdb	NP_755501	(iucB) aerobactin siderophore biosynthesis protein IucB [Aerobactin (VF0229)] [Escherichia coli CFT073]	
AI-5395_72_74_assembly.fasta	AI-5395_72_74_4	9328	10081	-	yagV/ecpE	1-754/756	===============	0/0	99.74	97.08	vfdb	NP_286006	(yagV/ecpE) E. coli common pilus chaperone EcpE [ECP (VF0404)] [Escherichia coli O157:H7 str. EDL933]	
AI-5395_72_74_assembly.fasta	AI-5395_72_74_4	10005	11648	-	yagW/ecpD	1-1644/1644	===============	0/0	100.00	99.09	vfdb	NP_286007	(yagW/ecpD) polymerized tip adhesin of ECP fibers [ECP (VF0404)] [Escherichia coli O157:H7 str. EDL933]	
AI-5395_72_74_assembly.fasta	AI-5395_72_74_4	11638	14163	-	yagX/ecpC	1-2526/2526	===============	0/0	100.00	98.77	vfdb	NP_286008	(yagX/ecpC) E. coli common pilus usher EcpC [ECP (VF0404)] [Escherichia coli O157:H7 str. EDL933]	
AI-5395_72_74_assembly.fasta	AI-5395_72_74_4	14189	14857	-	yagY/ecpB	1-669/669	===============	0/0	100.00	98.06	vfdb	NP_286009	(yagY/ecpB) E. coli common pilus chaperone EcpB [ECP (VF0404)] [Escherichia coli O157:H7 str. EDL933]	
AI-5395_72_74_assembly.fasta	AI-5395_72_74_4	14915	15502	-	yagZ/ecpA	1-588/588	===============	0/0	100.00	99.15	vfdb	NP_286010	(yagZ/ecpA) E. coli common pilus structural subunit EcpA [ECP (VF0404)] [Escherichia coli O157:H7 str. EDL933]	
AI-5395_72_74_assembly.fasta	AI-5395_72_74_4	15577	16167	-	ykgK/ecpR	1-591/591	===============	0/0	100.00	96.95	vfdb	NP_286011	(ykgK/ecpR) regulator protein EcpR [ECP (VF0404)] [Escherichia coli O157:H7 str. EDL933]	
AI-5395_72_74_assembly.fasta	AI-5395_72_74_4	19189	23437	+	fdeC	1-4246/4251	========/======	1/3	99.88	94.23	vfdb	YP_002390132	(fdeC) adhesin FdeC [FdeC (VF0506)] [Escherichia coli O45:K1:H7 str. S88]	
AI-5395_72_74_assembly.fasta	AI-5395_72_74_4	308243	309013	-	entD	1-771/771	===============	0/0	100.00	95.20	vfdb	NP_752599	(entD) phosphopantetheinyl transferase component of enterobactin synthase multienzyme complex [Enterobactin (VF0228)] [Escherichia coli CFT073]	
AI-5395_72_74_assembly.fasta	AI-5395_72_74_4	309038	311278	-	fepA	1-2241/2241	===============	0/0	100.00	96.74	vfdb	NP_752600	(fepA) ferrienterobactin outer membrane transporter [Enterobactin (VF0228)] [Escherichia coli CFT073]	
AI-5395_72_74_assembly.fasta	AI-5395_72_74_4	311521	312723	+	fes	1-1203/1203	===============	0/0	100.00	96.67	vfdb	NP_752602	(fes) enterobactin/ferric enterobactin esterase [enterobactin (IA019)] [Escherichia coli CFT073]	
AI-5395_72_74_assembly.fasta	AI-5395_72_74_4	312941	316794	+	entF	1-3854/3882	===============	0/0	99.28	95.69	vfdb	NP_752604	(entF) enterobactin synthase multienzyme complex component ATP-dependent [Enterobactin (VF0228)] [Escherichia coli CFT073]	
AI-5395_72_74_assembly.fasta	AI-5395_72_74_4	318168	318983	-	fepC	1-816/816	===============	0/0	100.00	97.30	vfdb	NP_752606	(fepC) ferrienterobactin ABC transporter ATPase [Enterobactin (VF0228)] [Escherichia coli CFT073]	
AI-5395_72_74_assembly.fasta	AI-5395_72_74_4	318980	319972	-	fepG	1-993/993	===============	0/0	100.00	94.06	vfdb	NP_752607	(fepG) iron-enterobactin ABC transporter permease [Enterobactin (VF0228)] [Escherichia coli CFT073]	
AI-5395_72_74_assembly.fasta	AI-5395_72_74_4	319969	320985	-	fepD	1-1017/1017	===============	0/0	100.00	96.07	vfdb	NP_752608	(fepD) ferrienterobactin ABC transporter permease [Enterobactin (VF0228)] [Escherichia coli CFT073]	
AI-5395_72_74_assembly.fasta	AI-5395_72_74_4	321084	322334	+	entS	1-1251/1251	===============	0/0	100.00	95.44	vfdb	NP_752609	(entS) enterobactin exporter iron-regulated [enterobactin (IA019)] [Escherichia coli CFT073]	
AI-5395_72_74_assembly.fasta	AI-5395_72_74_4	322338	323294	-	fepB	1-957/957	===============	0/0	100.00	97.49	vfdb	NP_752610	(fepB) ferrienterobactin ABC transporter periplasmic binding protein [Enterobactin (VF0228)] [Escherichia coli CFT073]	
AI-5395_72_74_assembly.fasta	AI-5395_72_74_4	323657	324844	+	entC	1-1188/1188	===============	0/0	100.00	97.90	vfdb	NP_752611	(entC) isochorismate synthase 1 [Enterobactin (VF0228)] [Escherichia coli CFT073]	
AI-5395_72_74_assembly.fasta	AI-5395_72_74_4	324854	326464	+	entE	1-1611/1611	===============	0/0	100.00	95.47	vfdb	NP_752612	(entE) 23-dihydroxybenzoate-AMP ligase component of enterobactin synthase multienzyme complex [Enterobactin (VF0228)] [Escherichia coli CFT073]	
AI-5395_72_74_assembly.fasta	AI-5395_72_74_4	326478	327335	+	entB	1-858/858	===============	0/0	100.00	98.14	vfdb	NP_752613	(entB) isochorismatase [Enterobactin (VF0228)] [Escherichia coli CFT073]	
AI-5395_72_74_assembly.fasta	AI-5395_72_74_4	327335	328081	+	entA	1-747/747	===============	0/0	100.00	95.72	vfdb	NP_752614	(entA) 23-dihydro-23-dihydroxybenzoate dehydrogenase [Enterobactin (VF0228)] [Escherichia coli CFT073]	
AI-5395_72_74_assembly.fasta	AI-5395_72_74_4	751648	752688	-	ompA	1-1041/1041	===============	0/0	100.00	97.98	vfdb	AAF37887	(ompA) outer membrane protein A [OmpA (VF0236)] [Escherichia coli O18:K1:H7 str. RS218]	
AI-5395_72_74_assembly.fasta	AI-5395_72_74_4	833305	834138	-	csgG	1-834/834	===============	0/0	100.00	83.45	vfdb	NP_460110	(csgG) curli production assembly/transport protein CsgG [Agf (VF0103)] [Salmonella enterica subsp. enterica serovar Typhimurium str. LT2]	
AI-5395_72_74_assembly.fasta	AI-5395_72_74_4	834165	834581	-	csgF	1-417/417	========/======	3/8	99.04	81.23	vfdb	NP_460111	(csgF) curli production assembly/transport protein CsgF [Agf (VF0103)] [Salmonella enterica subsp. enterica serovar Typhimurium str. LT2]	
AI-5395_72_74_assembly.fasta	AI-5395_72_74_4	835000	835650	-	csgD	1-651/651	===============	0/0	100.00	81.11	vfdb	NP_460113	(csgD) DNA-binding transcriptional regulator CsgD [curli fibers/thin aggregative fimbriae (AGF) (AI094)] [Salmonella enterica subsp. enterica serovar Typhimurium str. LT2]	
AI-5395_72_74_assembly.fasta	AI-5395_72_74_4	836405	836860	+	csgB	1-456/456	========/======	2/2	99.78	83.81	vfdb	NP_460114	(csgB) minor curlin subunit precursor curli nucleator protein CsgB [Agf (VF0103)] [Salmonella enterica subsp. enterica serovar Typhimurium str. LT2]	
AI-5395_72_74_assembly.fasta	AI-5395_72_74_4	1542032	1543931	+	espL1	1-1899/1899	========/======	1/1	100.00	97.58	vfdb	NP_288154	(espL1) Type III secretion system effector espL1 [LEE encoded T3SS (SS020)] [Escherichia coli O157:H7 str. EDL933]	
AI-5395_72_74_assembly.fasta	AI-5395_72_74_4	1760966	1762101	-	espR4	1-1140/1140	========/======	4/6	99.56	84.40	vfdb	NP_288396	(espR4) Type III secretion system effector espR4 [LEE encoded T3SS (SS020)] [Escherichia coli O157:H7 str. EDL933]	
AI-5395_72_74_assembly.fasta	AI-5395_72_74_4	3800500	3801928	-	aslA	1-1428/1428	========/======	1/1	100.00	93.56	vfdb	AAG10151	(aslA) putative arylsulfatase [AslA (VF0238)] [Escherichia coli O18:K1:H7 str. RS218]	
AI-5395_72_74_assembly.fasta	AI-5395_72_74_4	4066603	4068789	-	espL4	1-2187/2187	===============	0/0	100.00	97.35	vfdb	NP_290644	(espL4) Type III secretion system effector EspL4 [LEE encoded T3SS (SS020)] [Escherichia coli O157:H7 str. EDL933]	
AI-5395_72_74_assembly.fasta	AI-5395_72_74_4	4097816	4099271	+	espX4	126-1581/1581	.=======/======	2/2	92.03	93.75	vfdb	NP_290672	(espX4) Type III secretion system effector EspX4 [LEE encoded T3SS (SS020)] [Escherichia coli O157:H7 str. EDL933]	
AI-5395_72_74_assembly.fasta	AI-5395_72_74_4	4140671	4141963	-	espX5	1-1293/1293	===============	0/0	100.00	97.06	vfdb	NP_290699	(espX5) Type III secretion system effector EspX5 [LEE encoded T3SS (SS020)] [Escherichia coli O157:H7 str. EDL933]	
AI-5395_72_74_assembly.fasta	AI-5395_72_74_4	4413714	4414316	+	fimB	1-603/603	===============	0/0	100.00	98.18	vfdb	NP_757239	(fimB) Type 1 fimbriae Regulatory protein fimB [Type 1 fimbriae (VF0221)] [Escherichia coli CFT073]	
AI-5395_72_74_assembly.fasta	AI-5395_72_74_4	4414793	4415387	+	fimE	1-595/597	===============	0/0	99.66	99.33	vfdb	NP_757240	(fimE) Type 1 fimbriae Regulatory protein fimE [Type 1 fimbriae (VF0221)] [Escherichia coli CFT073]	
AI-5395_72_74_assembly.fasta	AI-5395_72_74_4	4415814	4416425	+	fimA	1-606/606	========/======	1/6	100.00	88.56	vfdb	NP_757241	(fimA) Type-1 fimbrial protein A chain precursor [Type 1 fimbriae (VF0221)] [Escherichia coli CFT073]	
AI-5395_72_74_assembly.fasta	AI-5395_72_74_4	4416490	4417029	+	fimI	1-540/540	===============	0/0	100.00	98.70	vfdb	NP_757242	(fimI) Fimbrin-like protein fimI precursor [Type 1 fimbriae (VF0221)] [Escherichia coli CFT073]	
AI-5395_72_74_assembly.fasta	AI-5395_72_74_4	4417066	4417791	+	fimC	1-726/726	===============	0/0	100.00	98.90	vfdb	NP_757243	(fimC) Chaperone protein fimC precursor [Type 1 fimbriae (VF0221)] [Escherichia coli CFT073]	
AI-5395_72_74_assembly.fasta	AI-5395_72_74_4	4417858	4420494	+	fimD	1-2637/2637	===============	0/0	100.00	98.60	vfdb	NP_757244	(fimD) Outer membrane usher protein fimD precursor [Type 1 fimbriae (VF0221)] [Escherichia coli CFT073]	
AI-5395_72_74_assembly.fasta	AI-5395_72_74_4	4420501	4421034	+	fimF	1-534/534	===============	0/0	100.00	97.94	vfdb	NP_757245	(fimF) FimF protein precursor [Type 1 fimbriae (VF0221)] [Escherichia coli CFT073]	
AI-5395_72_74_assembly.fasta	AI-5395_72_74_4	4421047	4421550	+	fimG	1-504/504	===============	0/0	100.00	97.82	vfdb	NP_757247	(fimG) FimG protein precursor [Type 1 fimbriae (VF0221)] [Escherichia coli CFT073]	
AI-5395_72_74_assembly.fasta	AI-5395_72_74_4	4421561	4422472	+	fimH	1-912/912	===============	0/0	100.00	97.37	vfdb	NP_757248	(fimH) FimH protein precursor [Type 1 fimbriae (VF0221)] [Escherichia coli CFT073]	
AI-5395_72_74_assembly.fasta	AI-5395_72_74_4	4520964	4522385	-	espX1	1-1422/1422	===============	0/0	100.00	93.25	vfdb	NP_285716	(espX1) Type III secretion system effector EspX1 [LEE encoded T3SS (SS020)] [Escherichia coli O157:H7 str. EDL933]	
AI-5395_72_74_assembly.fasta	AI-5395_72_74_4	4560531	4561342	+	espY1	1-753/753	========/======	3/61	99.87	86.96	vfdb	NP_285753	(espY1) Type III secretion system effector EspY1 [LEE encoded T3SS (SS020)] [Escherichia coli O157:H7 str. EDL933]	
AI-5395_7_7_assembly.fasta	AI-5395_7_7_1	230451	232031	+	espX4	1-1581/1581	========/======	2/2	99.94	93.11	vfdb	NP_290672	(espX4) Type III secretion system effector EspX4 [LEE encoded T3SS (SS020)] [Escherichia coli O157:H7 str. EDL933]	
AI-5395_7_7_assembly.fasta	AI-5395_7_7_1	261562	262854	-	espX5	1-1293/1293	===============	0/0	100.00	95.67	vfdb	NP_290699	(espX5) Type III secretion system effector EspX5 [LEE encoded T3SS (SS020)] [Escherichia coli O157:H7 str. EDL933]	
AI-5395_7_7_assembly.fasta	AI-5395_7_7_1	568937	569539	+	fimB	1-603/603	===============	0/0	100.00	97.84	vfdb	NP_757239	(fimB) Type 1 fimbriae Regulatory protein fimB [Type 1 fimbriae (VF0221)] [Escherichia coli CFT073]	
AI-5395_7_7_assembly.fasta	AI-5395_7_7_1	570017	570613	+	fimE	1-597/597	===============	0/0	100.00	99.16	vfdb	NP_757240	(fimE) Type 1 fimbriae Regulatory protein fimE [Type 1 fimbriae (VF0221)] [Escherichia coli CFT073]	
AI-5395_7_7_assembly.fasta	AI-5395_7_7_1	571037	571641	+	fimA	1-606/606	========/======	1/1	99.83	91.09	vfdb	NP_757241	(fimA) Type-1 fimbrial protein A chain precursor [Type 1 fimbriae (VF0221)] [Escherichia coli CFT073]	
AI-5395_7_7_assembly.fasta	AI-5395_7_7_1	571706	572245	+	fimI	1-540/540	===============	0/0	100.00	98.70	vfdb	NP_757242	(fimI) Fimbrin-like protein fimI precursor [Type 1 fimbriae (VF0221)] [Escherichia coli CFT073]	
AI-5395_7_7_assembly.fasta	AI-5395_7_7_1	572282	573007	+	fimC	1-726/726	===============	0/0	100.00	98.62	vfdb	NP_757243	(fimC) Chaperone protein fimC precursor [Type 1 fimbriae (VF0221)] [Escherichia coli CFT073]	
AI-5395_7_7_assembly.fasta	AI-5395_7_7_1	573074	575710	+	fimD	1-2637/2637	===============	0/0	100.00	98.79	vfdb	NP_757244	(fimD) Outer membrane usher protein fimD precursor [Type 1 fimbriae (VF0221)] [Escherichia coli CFT073]	
AI-5395_7_7_assembly.fasta	AI-5395_7_7_1	575717	576250	+	fimF	1-534/534	===============	0/0	100.00	98.13	vfdb	NP_757245	(fimF) FimF protein precursor [Type 1 fimbriae (VF0221)] [Escherichia coli CFT073]	
AI-5395_7_7_assembly.fasta	AI-5395_7_7_1	576263	576766	+	fimG	1-504/504	===============	0/0	100.00	97.82	vfdb	NP_757247	(fimG) FimG protein precursor [Type 1 fimbriae (VF0221)] [Escherichia coli CFT073]	
AI-5395_7_7_assembly.fasta	AI-5395_7_7_1	576777	577688	+	fimH	1-912/912	===============	0/0	100.00	97.37	vfdb	NP_757248	(fimH) FimH protein precursor [Type 1 fimbriae (VF0221)] [Escherichia coli CFT073]	
AI-5395_7_7_assembly.fasta	AI-5395_7_7_1	687442	688863	-	espX1	1-1422/1422	===============	0/0	100.00	95.22	vfdb	NP_285716	(espX1) Type III secretion system effector EspX1 [LEE encoded T3SS (SS020)] [Escherichia coli O157:H7 str. EDL933]	
AI-5395_7_7_assembly.fasta	AI-5395_7_7_1	2152823	2154721	-	espL1	1-1899/1899	===============	0/0	100.00	94.94	vfdb	NP_288154	(espL1) Type III secretion system effector espL1 [LEE encoded T3SS (SS020)] [Escherichia coli O157:H7 str. EDL933]	
AI-5395_7_7_assembly.fasta	AI-5395_7_7_1	2477943	2478998	+	espR1	198-1253/1260	..=============	0/0	83.81	94.03	vfdb	NP_287686	(espR1) Type III secretion system effector espR1 [LEE encoded T3SS (SS020)] [Escherichia coli O157:H7 str. EDL933]	
AI-5395_7_7_assembly.fasta	AI-5395_7_7_1	2894101	2894556	-	csgB	1-456/456	========/======	2/2	99.78	83.81	vfdb	NP_460114	(csgB) minor curlin subunit precursor curli nucleator protein CsgB [Agf (VF0103)] [Salmonella enterica subsp. enterica serovar Typhimurium str. LT2]	
AI-5395_7_7_assembly.fasta	AI-5395_7_7_1	2895310	2895960	+	csgD	1-651/651	===============	0/0	100.00	81.11	vfdb	NP_460113	(csgD) DNA-binding transcriptional regulator CsgD [curli fibers/thin aggregative fimbriae (AGF) (AI094)] [Salmonella enterica subsp. enterica serovar Typhimurium str. LT2]	
AI-5395_7_7_assembly.fasta	AI-5395_7_7_1	2896379	2896795	+	csgF	1-417/417	========/======	3/8	99.04	81.23	vfdb	NP_460111	(csgF) curli production assembly/transport protein CsgF [Agf (VF0103)] [Salmonella enterica subsp. enterica serovar Typhimurium str. LT2]	
AI-5395_7_7_assembly.fasta	AI-5395_7_7_1	2896822	2897655	+	csgG	1-834/834	===============	0/0	100.00	83.09	vfdb	NP_460110	(csgG) curli production assembly/transport protein CsgG [Agf (VF0103)] [Salmonella enterica subsp. enterica serovar Typhimurium str. LT2]	
AI-5395_7_7_assembly.fasta	AI-5395_7_7_1	2977205	2978245	+	ompA	1-1041/1041	===============	0/0	100.00	98.08	vfdb	AAF37887	(ompA) outer membrane protein A [OmpA (VF0236)] [Escherichia coli O18:K1:H7 str. RS218]	
AI-5395_7_7_assembly.fasta	AI-5395_7_7_1	3369863	3370609	-	entA	1-747/747	===============	0/0	100.00	95.05	vfdb	NP_752614	(entA) 23-dihydro-23-dihydroxybenzoate dehydrogenase [Enterobactin (VF0228)] [Escherichia coli CFT073]	
AI-5395_7_7_assembly.fasta	AI-5395_7_7_1	3370609	3371466	-	entB	1-858/858	===============	0/0	100.00	97.79	vfdb	NP_752613	(entB) isochorismatase [Enterobactin (VF0228)] [Escherichia coli CFT073]	
AI-5395_7_7_assembly.fasta	AI-5395_7_7_1	3371480	3373090	-	entE	1-1611/1611	===============	0/0	100.00	95.90	vfdb	NP_752612	(entE) 23-dihydroxybenzoate-AMP ligase component of enterobactin synthase multienzyme complex [Enterobactin (VF0228)] [Escherichia coli CFT073]	
AI-5395_7_7_assembly.fasta	AI-5395_7_7_1	3373100	3374287	-	entC	1-1188/1188	===============	0/0	100.00	97.90	vfdb	NP_752611	(entC) isochorismate synthase 1 [Enterobactin (VF0228)] [Escherichia coli CFT073]	
AI-5395_7_7_assembly.fasta	AI-5395_7_7_1	3374464	3375420	+	fepB	1-957/957	===============	0/0	100.00	97.39	vfdb	NP_752610	(fepB) ferrienterobactin ABC transporter periplasmic binding protein [Enterobactin (VF0228)] [Escherichia coli CFT073]	
AI-5395_7_7_assembly.fasta	AI-5395_7_7_1	3375424	3376674	-	entS	1-1251/1251	===============	0/0	100.00	95.60	vfdb	NP_752609	(entS) enterobactin exporter iron-regulated [enterobactin (IA019)] [Escherichia coli CFT073]	
AI-5395_7_7_assembly.fasta	AI-5395_7_7_1	3376773	3377789	+	fepD	1-1017/1017	===============	0/0	100.00	95.67	vfdb	NP_752608	(fepD) ferrienterobactin ABC transporter permease [Enterobactin (VF0228)] [Escherichia coli CFT073]	
AI-5395_7_7_assembly.fasta	AI-5395_7_7_1	3377786	3378778	+	fepG	1-993/993	===============	0/0	100.00	94.46	vfdb	NP_752607	(fepG) iron-enterobactin ABC transporter permease [Enterobactin (VF0228)] [Escherichia coli CFT073]	
AI-5395_7_7_assembly.fasta	AI-5395_7_7_1	3378775	3379590	+	fepC	1-816/816	===============	0/0	100.00	97.06	vfdb	NP_752606	(fepC) ferrienterobactin ABC transporter ATPase [Enterobactin (VF0228)] [Escherichia coli CFT073]	
AI-5395_7_7_assembly.fasta	AI-5395_7_7_1	3380964	3384817	-	entF	1-3854/3882	===============	0/0	99.28	95.51	vfdb	NP_752604	(entF) enterobactin synthase multienzyme complex component ATP-dependent [Enterobactin (VF0228)] [Escherichia coli CFT073]	
AI-5395_7_7_assembly.fasta	AI-5395_7_7_1	3385035	3386237	-	fes	1-1203/1203	===============	0/0	100.00	96.76	vfdb	NP_752602	(fes) enterobactin/ferric enterobactin esterase [enterobactin (IA019)] [Escherichia coli CFT073]	
AI-5395_7_7_assembly.fasta	AI-5395_7_7_1	3386480	3388720	+	fepA	1-2241/2241	===============	0/0	100.00	97.06	vfdb	NP_752600	(fepA) ferrienterobactin outer membrane transporter [Enterobactin (VF0228)] [Escherichia coli CFT073]	
AI-5395_7_7_assembly.fasta	AI-5395_7_7_1	3388745	3389515	+	entD	1-771/771	===============	0/0	100.00	94.03	vfdb	NP_752599	(entD) phosphopantetheinyl transferase component of enterobactin synthase multienzyme complex [Enterobactin (VF0228)] [Escherichia coli CFT073]	
AI-5395_7_7_assembly.fasta	AI-5395_7_7_1	3680712	3684937	-	fdeC	1-4229/4251	========/======	1/3	99.41	91.65	vfdb	YP_002390132	(fdeC) adhesin FdeC [FdeC (VF0506)] [Escherichia coli O45:K1:H7 str. S88]	
AI-5395_7_7_assembly.fasta	AI-5395_7_7_1	3689822	3690409	+	yagZ/ecpA	1-588/588	===============	0/0	100.00	99.32	vfdb	NP_286010	(yagZ/ecpA) E. coli common pilus structural subunit EcpA [ECP (VF0404)] [Escherichia coli O157:H7 str. EDL933]	
AI-5395_7_7_assembly.fasta	AI-5395_7_7_1	3690467	3691135	+	yagY/ecpB	1-669/669	===============	0/0	100.00	98.50	vfdb	NP_286009	(yagY/ecpB) E. coli common pilus chaperone EcpB [ECP (VF0404)] [Escherichia coli O157:H7 str. EDL933]	
AI-5395_7_7_assembly.fasta	AI-5395_7_7_1	3691161	3693686	+	yagX/ecpC	1-2526/2526	===============	0/0	100.00	98.73	vfdb	NP_286008	(yagX/ecpC) E. coli common pilus usher EcpC [ECP (VF0404)] [Escherichia coli O157:H7 str. EDL933]	
AI-5395_7_7_assembly.fasta	AI-5395_7_7_1	3693676	3695319	+	yagW/ecpD	1-1644/1644	===============	0/0	100.00	99.03	vfdb	NP_286007	(yagW/ecpD) polymerized tip adhesin of ECP fibers [ECP (VF0404)] [Escherichia coli O157:H7 str. EDL933]	
AI-5395_7_7_assembly.fasta	AI-5395_7_7_1	3695243	3695996	+	yagV/ecpE	1-754/756	===============	0/0	99.74	96.68	vfdb	NP_286006	(yagV/ecpE) E. coli common pilus chaperone EcpE [ECP (VF0404)] [Escherichia coli O157:H7 str. EDL933]	
AI-5395_7_7_assembly.fasta	AI-5395_7_7_1	3936773	3939074	-	iutA	1-2280/2280	========/======	3/24	99.96	87.97	vfdb	NP_755498	(iutA) ferric aerobactin receptor precusor IutA [Aerobactin (VF0229)] [Escherichia coli CFT073]	
AI-5395_7_7_assembly.fasta	AI-5395_7_7_1	3939012	3940333	-	iucD	1-1323/1338	========/======	1/1	98.80	95.99	vfdb	NP_709457	(iucD) aerobactin synthesis protein IucC lysine 6-monooxygenase [Aerobactin (VF0123)] [Shigella flexneri 2a str. 301]	
AI-5395_7_7_assembly.fasta	AI-5395_7_7_1	3940330	3942072	-	iucC	1-1743/1743	===============	0/0	100.00	95.81	vfdb	NP_755500	(iucC) aerobactin siderophore biosynthesis protein IucC [Aerobactin (VF0229)] [Escherichia coli CFT073]	
AI-5395_7_7_assembly.fasta	AI-5395_7_7_1	3942072	3943019	-	iucB	1-948/948	===============	0/0	100.00	95.57	vfdb	NP_755501	(iucB) aerobactin siderophore biosynthesis protein IucB [Aerobactin (VF0229)] [Escherichia coli CFT073]	
AI-5395_7_7_assembly.fasta	AI-5395_7_7_1	3943020	3944807	-	iucA	1-1788/1788	===============	0/0	100.00	94.02	vfdb	NP_755502	(iucA) aerobactin siderophore biosynthesis protein IucD [Aerobactin (VF0229)] [Escherichia coli CFT073]	
AI-5395_7_7_assembly.fasta	AI-5395_7_7_1	3972145	3972567	-	gspM	1-423/423	===============	0/0	100.00	97.16	vfdb	YP_404609	(gspM) general secretion pathway protein M [T2SS (VF0333)] [Shigella dysenteriae Sd197]	
AI-5395_7_7_assembly.fasta	AI-5395_7_7_1	3972683	3973543	-	gspL	1-861/861	===============	0/0	100.00	97.33	vfdb	YP_404608	(gspL) general secretion pathway protein L [T2SS (VF0333)] [Shigella dysenteriae Sd197]	
AI-5395_7_7_assembly.fasta	AI-5395_7_7_1	3973858	3974835	-	gspK	1-978/978	===============	0/0	100.00	97.55	vfdb	YP_404607	(gspK) general secretion pathway protein K [T2SS (VF0333)] [Shigella dysenteriae Sd197]	
AI-5395_7_7_assembly.fasta	AI-5395_7_7_1	3974832	3975401	-	gspJ	1-570/570	===============	0/0	100.00	97.19	vfdb	YP_404606	(gspJ) general secretion pathway protein J [T2SS (VF0333)] [Shigella dysenteriae Sd197]	
AI-5395_7_7_assembly.fasta	AI-5395_7_7_1	3975434	3975805	-	gspI	1-372/372	===============	0/0	100.00	94.09	vfdb	YP_404605	(gspI) general secretion pathway protein I [T2SS (VF0333)] [Shigella dysenteriae Sd197]	
AI-5395_7_7_assembly.fasta	AI-5395_7_7_1	3975802	3976332	-	gspH	1-531/531	===============	0/0	100.00	96.05	vfdb	YP_404604	(gspH) general secretion pathway protein H [T2SS (VF0333)] [Shigella dysenteriae Sd197]	
AI-5395_7_7_assembly.fasta	AI-5395_7_7_1	3976369	3976824	-	gspG	1-456/456	===============	0/0	100.00	95.61	vfdb	YP_404603	(gspG) general secretion pathway protein G [T2SS (VF0333)] [Shigella dysenteriae Sd197]	
AI-5395_7_7_assembly.fasta	AI-5395_7_7_1	3976865	3978064	-	gspF	1-1200/1200	===============	0/0	100.00	96.25	vfdb	YP_404602	(gspF) general secretion pathway protein F [T2SS (VF0333)] [Shigella dysenteriae Sd197]	
AI-5395_7_7_assembly.fasta	AI-5395_7_7_1	3978064	3979557	-	gspE	1-1494/1494	===============	0/0	100.00	96.25	vfdb	YP_404601	(gspE) general secretion pathway protein E [T2SS (VF0333)] [Shigella dysenteriae Sd197]	
AI-5395_7_7_assembly.fasta	AI-5395_7_7_1	3979557	3981407	-	gspD	1-1836/1836	========/======	1/15	100.00	97.25	vfdb	YP_404600	(gspD) general secretion pathway protein D [T2SS (VF0333)] [Shigella dysenteriae Sd197]	
AI-5395_7_7_assembly.fasta	AI-5395_7_7_1	3981647	3982477	-	gspC	1-831/831	===============	0/0	100.00	94.95	vfdb	YP_404599	(gspC) general secretion pathway protein C [T2SS (VF0333)] [Shigella dysenteriae Sd197]	
AI-5395_8_8_assembly.fasta	AI-5395_8_8_1	47373	49550	+	iroN	1-2178/2178	===============	0/0	100.00	99.13	vfdb	NP_753164	(iroN) salmochelin receptor IroN [IroN (VF0230)] [Escherichia coli CFT073]	
AI-5395_8_8_assembly.fasta	AI-5395_8_8_1	49595	50551	-	iroE	1-957/957	===============	0/0	100.00	99.48	vfdb	NP_753165	(iroE) esterase [Salmochelin (IA013)] [Escherichia coli CFT073]	
AI-5395_8_8_assembly.fasta	AI-5395_8_8_1	50636	51865	-	iroD	1-1230/1230	===============	0/0	100.00	98.54	vfdb	NP_753166	(iroD) esterase [Salmochelin (IA013)] [Escherichia coli CFT073]	
AI-5395_8_8_assembly.fasta	AI-5395_8_8_1	51969	55706	-	iroC	1-3738/3738	===============	0/0	100.00	99.14	vfdb	NP_753167	(iroC) ATP binding cassette transporter [Salmochelin (IA013)] [Escherichia coli CFT073]	
AI-5395_8_8_assembly.fasta	AI-5395_8_8_1	55769	56931	-	iroB	1-1163/1164	===============	0/0	99.91	98.37	vfdb	NP_753168	(iroB) glucosyltransferase IroB [Salmochelin (IA013)] [Escherichia coli CFT073]	
AI-5395_8_8_assembly.fasta	AI-5395_8_8_1	95315	97102	+	iucA	1-1788/1788	===============	0/0	100.00	94.30	vfdb	NP_755502	(iucA) aerobactin siderophore biosynthesis protein IucD [Aerobactin (VF0229)] [Escherichia coli CFT073]	
AI-5395_8_8_assembly.fasta	AI-5395_8_8_1	97103	98050	+	iucB	1-948/948	===============	0/0	100.00	95.67	vfdb	NP_755501	(iucB) aerobactin siderophore biosynthesis protein IucB [Aerobactin (VF0229)] [Escherichia coli CFT073]	
AI-5395_8_8_assembly.fasta	AI-5395_8_8_1	98050	99792	+	iucC	1-1743/1743	===============	0/0	100.00	96.04	vfdb	NP_755500	(iucC) aerobactin siderophore biosynthesis protein IucC [Aerobactin (VF0229)] [Escherichia coli CFT073]	
AI-5395_8_8_assembly.fasta	AI-5395_8_8_1	99789	101110	+	iucD	1-1323/1338	========/======	1/1	98.80	96.30	vfdb	NP_755499	(iucD) L-lysine 6-monooxygenase IucD [Aerobactin (VF0229)] [Escherichia coli CFT073]	
AI-5395_8_8_assembly.fasta	AI-5395_8_8_1	101048	103349	+	iutA	1-2280/2280	========/======	3/24	99.96	88.41	vfdb	NP_755498	(iutA) ferric aerobactin receptor precusor IutA [Aerobactin (VF0229)] [Escherichia coli CFT073]	
AI-5395_8_8_assembly.fasta	AI-5395_8_8_2	71351	72184	-	csgG	1-834/834	===============	0/0	100.00	82.97	vfdb	NP_460110	(csgG) curli production assembly/transport protein CsgG [Agf (VF0103)] [Salmonella enterica subsp. enterica serovar Typhimurium str. LT2]	
AI-5395_8_8_assembly.fasta	AI-5395_8_8_2	72211	72627	-	csgF	1-417/417	========/======	3/8	99.04	81.23	vfdb	NP_460111	(csgF) curli production assembly/transport protein CsgF [Agf (VF0103)] [Salmonella enterica subsp. enterica serovar Typhimurium str. LT2]	
AI-5395_8_8_assembly.fasta	AI-5395_8_8_2	73046	73696	-	csgD	1-651/651	===============	0/0	100.00	81.11	vfdb	NP_460113	(csgD) DNA-binding transcriptional regulator CsgD [curli fibers/thin aggregative fimbriae (AGF) (AI094)] [Salmonella enterica subsp. enterica serovar Typhimurium str. LT2]	
AI-5395_8_8_assembly.fasta	AI-5395_8_8_2	74450	74905	+	csgB	1-456/456	========/======	2/2	99.78	83.81	vfdb	NP_460114	(csgB) minor curlin subunit precursor curli nucleator protein CsgB [Agf (VF0103)] [Salmonella enterica subsp. enterica serovar Typhimurium str. LT2]	
AI-5395_8_8_assembly.fasta	AI-5395_8_8_2	507575	508631	-	espR1	198-1253/1260	..======/======	1/1	83.81	94.13	vfdb	NP_287686	(espR1) Type III secretion system effector espR1 [LEE encoded T3SS (SS020)] [Escherichia coli O157:H7 str. EDL933]	
AI-5395_8_8_assembly.fasta	AI-5395_8_8_2	761632	763530	+	espL1	1-1899/1899	===============	0/0	100.00	94.94	vfdb	NP_288154	(espL1) Type III secretion system effector espL1 [LEE encoded T3SS (SS020)] [Escherichia coli O157:H7 str. EDL933]	
AI-5395_8_8_assembly.fasta	AI-5395_8_8_2	3346691	3348271	+	espX4	1-1581/1581	========/======	2/2	99.94	92.98	vfdb	NP_290672	(espX4) Type III secretion system effector EspX4 [LEE encoded T3SS (SS020)] [Escherichia coli O157:H7 str. EDL933]	
AI-5395_8_8_assembly.fasta	AI-5395_8_8_2	3377828	3379120	-	espX5	1-1293/1293	===============	0/0	100.00	95.59	vfdb	NP_290699	(espX5) Type III secretion system effector EspX5 [LEE encoded T3SS (SS020)] [Escherichia coli O157:H7 str. EDL933]	
AI-5395_8_8_assembly.fasta	AI-5395_8_8_2	3599458	3600060	+	fimB	1-603/603	===============	0/0	100.00	97.84	vfdb	NP_757239	(fimB) Type 1 fimbriae Regulatory protein fimB [Type 1 fimbriae (VF0221)] [Escherichia coli CFT073]	
AI-5395_8_8_assembly.fasta	AI-5395_8_8_2	3600538	3601134	+	fimE	1-597/597	===============	0/0	100.00	98.66	vfdb	NP_757240	(fimE) Type 1 fimbriae Regulatory protein fimE [Type 1 fimbriae (VF0221)] [Escherichia coli CFT073]	
AI-5395_8_8_assembly.fasta	AI-5395_8_8_2	3601558	3602163	+	fimA	1-606/606	===============	0/0	100.00	90.92	vfdb	NP_757241	(fimA) Type-1 fimbrial protein A chain precursor [Type 1 fimbriae (VF0221)] [Escherichia coli CFT073]	
AI-5395_8_8_assembly.fasta	AI-5395_8_8_2	3602228	3602767	+	fimI	1-540/540	===============	0/0	100.00	98.70	vfdb	NP_757242	(fimI) Fimbrin-like protein fimI precursor [Type 1 fimbriae (VF0221)] [Escherichia coli CFT073]	
AI-5395_8_8_assembly.fasta	AI-5395_8_8_2	3602804	3603529	+	fimC	1-726/726	===============	0/0	100.00	98.21	vfdb	NP_757243	(fimC) Chaperone protein fimC precursor [Type 1 fimbriae (VF0221)] [Escherichia coli CFT073]	
AI-5395_8_8_assembly.fasta	AI-5395_8_8_2	3603596	3606232	+	fimD	1-2637/2637	===============	0/0	100.00	98.71	vfdb	NP_757244	(fimD) Outer membrane usher protein fimD precursor [Type 1 fimbriae (VF0221)] [Escherichia coli CFT073]	
AI-5395_8_8_assembly.fasta	AI-5395_8_8_2	3606239	3606772	+	fimF	1-534/534	===============	0/0	100.00	96.63	vfdb	NP_757245	(fimF) FimF protein precursor [Type 1 fimbriae (VF0221)] [Escherichia coli CFT073]	
AI-5395_8_8_assembly.fasta	AI-5395_8_8_2	3606785	3607288	+	fimG	1-504/504	===============	0/0	100.00	97.82	vfdb	NP_757247	(fimG) FimG protein precursor [Type 1 fimbriae (VF0221)] [Escherichia coli CFT073]	
AI-5395_8_8_assembly.fasta	AI-5395_8_8_2	3607299	3608210	+	fimH	1-912/912	===============	0/0	100.00	97.48	vfdb	NP_757248	(fimH) FimH protein precursor [Type 1 fimbriae (VF0221)] [Escherichia coli CFT073]	
AI-5395_8_8_assembly.fasta	AI-5395_8_8_2	3773318	3774739	-	espX1	1-1422/1422	===============	0/0	100.00	94.73	vfdb	NP_285716	(espX1) Type III secretion system effector EspX1 [LEE encoded T3SS (SS020)] [Escherichia coli O157:H7 str. EDL933]	
AI-5395_8_8_assembly.fasta	AI-5395_8_8_2	4075051	4079276	+	fdeC	1-4229/4251	========/======	1/3	99.41	92.46	vfdb	YP_002390132	(fdeC) adhesin FdeC [FdeC (VF0506)] [Escherichia coli O45:K1:H7 str. S88]	
AI-5395_8_8_assembly.fasta	AI-5395_8_8_2	4380228	4380998	-	entD	1-771/771	===============	0/0	100.00	94.03	vfdb	NP_752599	(entD) phosphopantetheinyl transferase component of enterobactin synthase multienzyme complex [Enterobactin (VF0228)] [Escherichia coli CFT073]	
AI-5395_8_8_assembly.fasta	AI-5395_8_8_2	4381023	4383263	-	fepA	1-2241/2241	===============	0/0	100.00	96.74	vfdb	NP_752600	(fepA) ferrienterobactin outer membrane transporter [Enterobactin (VF0228)] [Escherichia coli CFT073]	
AI-5395_8_8_assembly.fasta	AI-5395_8_8_2	4383506	4384708	+	fes	1-1203/1203	===============	0/0	100.00	96.92	vfdb	NP_752602	(fes) enterobactin/ferric enterobactin esterase [enterobactin (IA019)] [Escherichia coli CFT073]	
AI-5395_8_8_assembly.fasta	AI-5395_8_8_2	4384926	4388755	+	entF	1-3830/3882	===============	0/0	98.66	95.56	vfdb	NP_752604	(entF) enterobactin synthase multienzyme complex component ATP-dependent [Enterobactin (VF0228)] [Escherichia coli CFT073]	
AI-5395_8_8_assembly.fasta	AI-5395_8_8_2	4390153	4390968	-	fepC	1-816/816	===============	0/0	100.00	96.94	vfdb	NP_752606	(fepC) ferrienterobactin ABC transporter ATPase [Enterobactin (VF0228)] [Escherichia coli CFT073]	
AI-5395_8_8_assembly.fasta	AI-5395_8_8_2	4390965	4391957	-	fepG	1-993/993	===============	0/0	100.00	94.66	vfdb	NP_752607	(fepG) iron-enterobactin ABC transporter permease [Enterobactin (VF0228)] [Escherichia coli CFT073]	
AI-5395_8_8_assembly.fasta	AI-5395_8_8_2	4391954	4392970	-	fepD	1-1017/1017	===============	0/0	100.00	96.36	vfdb	NP_752608	(fepD) ferrienterobactin ABC transporter permease [Enterobactin (VF0228)] [Escherichia coli CFT073]	
AI-5395_8_8_assembly.fasta	AI-5395_8_8_2	4393069	4394319	+	entS	1-1251/1251	===============	0/0	100.00	95.68	vfdb	NP_752609	(entS) enterobactin exporter iron-regulated [enterobactin (IA019)] [Escherichia coli CFT073]	
AI-5395_8_8_assembly.fasta	AI-5395_8_8_2	4394323	4395279	-	fepB	1-957/957	===============	0/0	100.00	97.39	vfdb	NP_752610	(fepB) ferrienterobactin ABC transporter periplasmic binding protein [Enterobactin (VF0228)] [Escherichia coli CFT073]	
AI-5395_8_8_assembly.fasta	AI-5395_8_8_2	4396655	4397842	+	entC	1-1188/1188	===============	0/0	100.00	97.90	vfdb	NP_752611	(entC) isochorismate synthase 1 [Enterobactin (VF0228)] [Escherichia coli CFT073]	
AI-5395_8_8_assembly.fasta	AI-5395_8_8_2	4397852	4399462	+	entE	1-1611/1611	===============	0/0	100.00	95.84	vfdb	NP_752612	(entE) 23-dihydroxybenzoate-AMP ligase component of enterobactin synthase multienzyme complex [Enterobactin (VF0228)] [Escherichia coli CFT073]	
AI-5395_8_8_assembly.fasta	AI-5395_8_8_2	4399476	4400333	+	entB	1-858/858	===============	0/0	100.00	97.20	vfdb	NP_752613	(entB) isochorismatase [Enterobactin (VF0228)] [Escherichia coli CFT073]	
AI-5395_8_8_assembly.fasta	AI-5395_8_8_2	4400333	4401079	+	entA	1-747/747	===============	0/0	100.00	95.85	vfdb	NP_752614	(entA) 23-dihydro-23-dihydroxybenzoate dehydrogenase [Enterobactin (VF0228)] [Escherichia coli CFT073]	
AI-5395_8_8_assembly.fasta	AI-5395_8_8_2	4793830	4794870	-	ompA	1-1041/1041	===============	0/0	100.00	98.08	vfdb	AAF37887	(ompA) outer membrane protein A [OmpA (VF0236)] [Escherichia coli O18:K1:H7 str. RS218]	
AI-5395_9_9_assembly.fasta	AI-5395_9_9_1	70688	71742	+	espR1	198-1253/1260	..======/======	1/1	83.73	94.03	vfdb	NP_287686	(espR1) Type III secretion system effector espR1 [LEE encoded T3SS (SS020)] [Escherichia coli O157:H7 str. EDL933]	
AI-5395_9_9_assembly.fasta	AI-5395_9_9_1	486594	487049	-	csgB	1-456/456	========/======	2/2	99.78	83.59	vfdb	NP_460114	(csgB) minor curlin subunit precursor curli nucleator protein CsgB [Agf (VF0103)] [Salmonella enterica subsp. enterica serovar Typhimurium str. LT2]	
AI-5395_9_9_assembly.fasta	AI-5395_9_9_1	487804	488454	+	csgD	1-651/651	===============	0/0	100.00	81.26	vfdb	NP_460113	(csgD) DNA-binding transcriptional regulator CsgD [curli fibers/thin aggregative fimbriae (AGF) (AI094)] [Salmonella enterica subsp. enterica serovar Typhimurium str. LT2]	
AI-5395_9_9_assembly.fasta	AI-5395_9_9_1	488873	489289	+	csgF	1-417/417	========/======	3/8	99.04	81.23	vfdb	NP_460111	(csgF) curli production assembly/transport protein CsgF [Agf (VF0103)] [Salmonella enterica subsp. enterica serovar Typhimurium str. LT2]	
AI-5395_9_9_assembly.fasta	AI-5395_9_9_1	489316	490149	+	csgG	1-834/834	===============	0/0	100.00	83.45	vfdb	NP_460110	(csgG) curli production assembly/transport protein CsgG [Agf (VF0103)] [Salmonella enterica subsp. enterica serovar Typhimurium str. LT2]	
AI-5395_9_9_assembly.fasta	AI-5395_9_9_1	560567	561619	+	ompA	1-1041/1041	========/======	1/12	100.00	94.21	vfdb	AAF37887	(ompA) outer membrane protein A [OmpA (VF0236)] [Escherichia coli O18:K1:H7 str. RS218]	
AI-5395_9_9_assembly.fasta	AI-5395_9_9_1	993472	994218	-	entA	1-747/747	===============	0/0	100.00	95.58	vfdb	NP_752614	(entA) 23-dihydro-23-dihydroxybenzoate dehydrogenase [Enterobactin (VF0228)] [Escherichia coli CFT073]	
AI-5395_9_9_assembly.fasta	AI-5395_9_9_1	994218	995075	-	entB	1-858/858	===============	0/0	100.00	98.14	vfdb	NP_752613	(entB) isochorismatase [Enterobactin (VF0228)] [Escherichia coli CFT073]	
AI-5395_9_9_assembly.fasta	AI-5395_9_9_1	995089	996699	-	entE	1-1611/1611	===============	0/0	100.00	95.47	vfdb	NP_752612	(entE) 23-dihydroxybenzoate-AMP ligase component of enterobactin synthase multienzyme complex [Enterobactin (VF0228)] [Escherichia coli CFT073]	
AI-5395_9_9_assembly.fasta	AI-5395_9_9_1	996709	997896	-	entC	1-1188/1188	===============	0/0	100.00	97.90	vfdb	NP_752611	(entC) isochorismate synthase 1 [Enterobactin (VF0228)] [Escherichia coli CFT073]	
AI-5395_9_9_assembly.fasta	AI-5395_9_9_1	998259	999215	+	fepB	1-957/957	===============	0/0	100.00	97.49	vfdb	NP_752610	(fepB) ferrienterobactin ABC transporter periplasmic binding protein [Enterobactin (VF0228)] [Escherichia coli CFT073]	
AI-5395_9_9_assembly.fasta	AI-5395_9_9_1	999219	1000469	-	entS	1-1251/1251	===============	0/0	100.00	95.28	vfdb	NP_752609	(entS) enterobactin exporter iron-regulated [enterobactin (IA019)] [Escherichia coli CFT073]	
AI-5395_9_9_assembly.fasta	AI-5395_9_9_1	1000568	1001584	+	fepD	1-1017/1017	===============	0/0	100.00	96.26	vfdb	NP_752608	(fepD) ferrienterobactin ABC transporter permease [Enterobactin (VF0228)] [Escherichia coli CFT073]	
AI-5395_9_9_assembly.fasta	AI-5395_9_9_1	1001581	1002573	+	fepG	1-993/993	===============	0/0	100.00	94.86	vfdb	NP_752607	(fepG) iron-enterobactin ABC transporter permease [Enterobactin (VF0228)] [Escherichia coli CFT073]	
AI-5395_9_9_assembly.fasta	AI-5395_9_9_1	1002570	1003385	+	fepC	1-816/816	===============	0/0	100.00	97.06	vfdb	NP_752606	(fepC) ferrienterobactin ABC transporter ATPase [Enterobactin (VF0228)] [Escherichia coli CFT073]	
AI-5395_9_9_assembly.fasta	AI-5395_9_9_1	1004758	1008611	-	entF	1-3854/3882	===============	0/0	99.28	95.90	vfdb	NP_752604	(entF) enterobactin synthase multienzyme complex component ATP-dependent [Enterobactin (VF0228)] [Escherichia coli CFT073]	
AI-5395_9_9_assembly.fasta	AI-5395_9_9_1	1008829	1010031	-	fes	1-1203/1203	===============	0/0	100.00	96.59	vfdb	NP_752602	(fes) enterobactin/ferric enterobactin esterase [enterobactin (IA019)] [Escherichia coli CFT073]	
AI-5395_9_9_assembly.fasta	AI-5395_9_9_1	1010274	1012514	+	fepA	1-2241/2241	===============	0/0	100.00	96.79	vfdb	NP_752600	(fepA) ferrienterobactin outer membrane transporter [Enterobactin (VF0228)] [Escherichia coli CFT073]	
AI-5395_9_9_assembly.fasta	AI-5395_9_9_1	1012539	1013309	+	entD	1-771/771	===============	0/0	100.00	95.20	vfdb	NP_752599	(entD) phosphopantetheinyl transferase component of enterobactin synthase multienzyme complex [Enterobactin (VF0228)] [Escherichia coli CFT073]	
AI-5395_9_9_assembly.fasta	AI-5395_9_9_1	1285106	1289354	-	fdeC	1-4246/4251	========/======	1/3	99.88	94.19	vfdb	YP_002390132	(fdeC) adhesin FdeC [FdeC (VF0506)] [Escherichia coli O45:K1:H7 str. S88]	
AI-5395_9_9_assembly.fasta	AI-5395_9_9_1	1292374	1292964	+	ykgK/ecpR	1-591/591	===============	0/0	100.00	96.95	vfdb	NP_286011	(ykgK/ecpR) regulator protein EcpR [ECP (VF0404)] [Escherichia coli O157:H7 str. EDL933]	
AI-5395_9_9_assembly.fasta	AI-5395_9_9_1	1293039	1293626	+	yagZ/ecpA	1-588/588	===============	0/0	100.00	99.15	vfdb	NP_286010	(yagZ/ecpA) E. coli common pilus structural subunit EcpA [ECP (VF0404)] [Escherichia coli O157:H7 str. EDL933]	
AI-5395_9_9_assembly.fasta	AI-5395_9_9_1	1293684	1294352	+	yagY/ecpB	1-669/669	===============	0/0	100.00	98.06	vfdb	NP_286009	(yagY/ecpB) E. coli common pilus chaperone EcpB [ECP (VF0404)] [Escherichia coli O157:H7 str. EDL933]	
AI-5395_9_9_assembly.fasta	AI-5395_9_9_1	1294378	1296903	+	yagX/ecpC	1-2526/2526	===============	0/0	100.00	98.77	vfdb	NP_286008	(yagX/ecpC) E. coli common pilus usher EcpC [ECP (VF0404)] [Escherichia coli O157:H7 str. EDL933]	
AI-5395_9_9_assembly.fasta	AI-5395_9_9_1	1296893	1298536	+	yagW/ecpD	1-1644/1644	===============	0/0	100.00	98.97	vfdb	NP_286007	(yagW/ecpD) polymerized tip adhesin of ECP fibers [ECP (VF0404)] [Escherichia coli O157:H7 str. EDL933]	
AI-5395_9_9_assembly.fasta	AI-5395_9_9_1	1298460	1299213	+	yagV/ecpE	1-754/756	===============	0/0	99.74	97.22	vfdb	NP_286006	(yagV/ecpE) E. coli common pilus chaperone EcpE [ECP (VF0404)] [Escherichia coli O157:H7 str. EDL933]	
AI-5395_9_9_assembly.fasta	AI-5395_9_9_1	1585784	1587205	+	espX1	1-1422/1422	========/======	2/2	99.93	95.22	vfdb	NP_285716	(espX1) Type III secretion system effector EspX1 [LEE encoded T3SS (SS020)] [Escherichia coli O157:H7 str. EDL933]	
AI-5395_9_9_assembly.fasta	AI-5395_9_9_1	1699803	1700714	-	fimH	1-912/912	===============	0/0	100.00	97.37	vfdb	NP_757248	(fimH) FimH protein precursor [Type 1 fimbriae (VF0221)] [Escherichia coli CFT073]	
AI-5395_9_9_assembly.fasta	AI-5395_9_9_1	1700725	1701228	-	fimG	1-504/504	===============	0/0	100.00	98.41	vfdb	NP_757247	(fimG) FimG protein precursor [Type 1 fimbriae (VF0221)] [Escherichia coli CFT073]	
AI-5395_9_9_assembly.fasta	AI-5395_9_9_1	1701241	1701774	-	fimF	1-534/534	===============	0/0	100.00	97.19	vfdb	NP_757245	(fimF) FimF protein precursor [Type 1 fimbriae (VF0221)] [Escherichia coli CFT073]	
AI-5395_9_9_assembly.fasta	AI-5395_9_9_1	1701781	1704417	-	fimD	1-2637/2637	===============	0/0	100.00	98.26	vfdb	NP_757244	(fimD) Outer membrane usher protein fimD precursor [Type 1 fimbriae (VF0221)] [Escherichia coli CFT073]	
AI-5395_9_9_assembly.fasta	AI-5395_9_9_1	1704484	1705209	-	fimC	1-726/726	===============	0/0	100.00	98.35	vfdb	NP_757243	(fimC) Chaperone protein fimC precursor [Type 1 fimbriae (VF0221)] [Escherichia coli CFT073]	
AI-5395_9_9_assembly.fasta	AI-5395_9_9_1	1705246	1705785	-	fimI	1-540/540	===============	0/0	100.00	98.89	vfdb	NP_757242	(fimI) Fimbrin-like protein fimI precursor [Type 1 fimbriae (VF0221)] [Escherichia coli CFT073]	
AI-5395_9_9_assembly.fasta	AI-5395_9_9_1	1705850	1706455	-	fimA	1-606/606	===============	0/0	100.00	90.76	vfdb	NP_757241	(fimA) Type-1 fimbrial protein A chain precursor [Type 1 fimbriae (VF0221)] [Escherichia coli CFT073]	
AI-5395_9_9_assembly.fasta	AI-5395_9_9_1	1706879	1707475	-	fimE	1-597/597	===============	0/0	100.00	99.00	vfdb	NP_757240	(fimE) Type 1 fimbriae Regulatory protein fimE [Type 1 fimbriae (VF0221)] [Escherichia coli CFT073]	
AI-5395_9_9_assembly.fasta	AI-5395_9_9_1	1707953	1708555	-	fimB	1-603/603	===============	0/0	100.00	97.84	vfdb	NP_757239	(fimB) Type 1 fimbriae Regulatory protein fimB [Type 1 fimbriae (VF0221)] [Escherichia coli CFT073]	
AI-5395_9_9_assembly.fasta	AI-5395_9_9_1	1953930	1955222	+	espX5	1-1293/1293	===============	0/0	100.00	97.14	vfdb	NP_290699	(espX5) Type III secretion system effector EspX5 [LEE encoded T3SS (SS020)] [Escherichia coli O157:H7 str. EDL933]	
AI-5395_9_9_assembly.fasta	AI-5395_9_9_1	1984726	1986306	-	espX4	1-1581/1581	========/======	2/2	99.94	94.12	vfdb	NP_290672	(espX4) Type III secretion system effector EspX4 [LEE encoded T3SS (SS020)] [Escherichia coli O157:H7 str. EDL933]	
AI-5395_9_9_assembly.fasta	AI-5395_9_9_1	2264266	2265694	+	aslA	1-1428/1428	========/======	1/1	100.00	93.56	vfdb	AAG10151	(aslA) putative arylsulfatase [AslA (VF0238)] [Escherichia coli O18:K1:H7 str. RS218]	
AI-5395_9_9_assembly.fasta	AI-5395_9_9_1	3119584	3120414	+	gspC	1-831/831	===============	0/0	100.00	96.63	vfdb	YP_404599	(gspC) general secretion pathway protein C [T2SS (VF0333)] [Shigella dysenteriae Sd197]	
AI-5395_9_9_assembly.fasta	AI-5395_9_9_1	3120654	3122504	+	gspD	1-1836/1836	========/======	1/15	100.00	97.08	vfdb	YP_404600	(gspD) general secretion pathway protein D [T2SS (VF0333)] [Shigella dysenteriae Sd197]	
AI-5395_9_9_assembly.fasta	AI-5395_9_9_1	3122504	3123997	+	gspE	1-1494/1494	===============	0/0	100.00	97.32	vfdb	YP_404601	(gspE) general secretion pathway protein E [T2SS (VF0333)] [Shigella dysenteriae Sd197]	
AI-5395_9_9_assembly.fasta	AI-5395_9_9_1	3123997	3125196	+	gspF	1-1200/1200	===============	0/0	100.00	97.25	vfdb	YP_404602	(gspF) general secretion pathway protein F [T2SS (VF0333)] [Shigella dysenteriae Sd197]	
AI-5395_9_9_assembly.fasta	AI-5395_9_9_1	3125237	3125692	+	gspG	1-456/456	===============	0/0	100.00	98.03	vfdb	YP_404603	(gspG) general secretion pathway protein G [T2SS (VF0333)] [Shigella dysenteriae Sd197]	
AI-5395_9_9_assembly.fasta	AI-5395_9_9_1	3125729	3126259	+	gspH	1-531/531	===============	0/0	100.00	97.36	vfdb	YP_404604	(gspH) general secretion pathway protein H [T2SS (VF0333)] [Shigella dysenteriae Sd197]	
AI-5395_9_9_assembly.fasta	AI-5395_9_9_1	3126256	3126627	+	gspI	1-372/372	===============	0/0	100.00	95.16	vfdb	YP_404605	(gspI) general secretion pathway protein I [T2SS (VF0333)] [Shigella dysenteriae Sd197]	
AI-5395_9_9_assembly.fasta	AI-5395_9_9_1	3126660	3127229	+	gspJ	1-570/570	===============	0/0	100.00	96.67	vfdb	YP_404606	(gspJ) general secretion pathway protein J [T2SS (VF0333)] [Shigella dysenteriae Sd197]	
AI-5395_9_9_assembly.fasta	AI-5395_9_9_1	3127226	3128203	+	gspK	1-978/978	===============	0/0	100.00	96.73	vfdb	YP_404607	(gspK) general secretion pathway protein K [T2SS (VF0333)] [Shigella dysenteriae Sd197]	
AI-5395_9_9_assembly.fasta	AI-5395_9_9_1	3128518	3129378	+	gspL	1-861/861	===============	0/0	100.00	97.44	vfdb	YP_404608	(gspL) general secretion pathway protein L [T2SS (VF0333)] [Shigella dysenteriae Sd197]	
AI-5395_9_9_assembly.fasta	AI-5395_9_9_1	3129494	3129916	+	gspM	1-423/423	===============	0/0	100.00	96.45	vfdb	YP_404609	(gspM) general secretion pathway protein M [T2SS (VF0333)] [Shigella dysenteriae Sd197]	
AI-5395_9_9_assembly.fasta	AI-5395_9_9_1	3142683	3142799	+	astA	1-117/117	===============	0/0	100.00	95.73	vfdb	BAA94855	(astA) heat-stable enterotoxin 1 [EAST1 (VF0216)] [Escherichia coli O44:H18 042]	
AI-5395_9_9_assembly.fasta	AI-5395_9_9_1	4559693	4561591	-	espL1	1-1899/1899	===============	0/0	100.00	97.21	vfdb	NP_288154	(espL1) Type III secretion system effector espL1 [LEE encoded T3SS (SS020)] [Escherichia coli O157:H7 str. EDL933]	
