#FILE	NUM_FOUND	APECO1_3695	APECO1_3696	APECO1_3702	APECO1_3711	APECO1_3715	CAA68592	E2348C_3931	E2348C_3971	EC042_4530	EC042_4545	EC042_4548	EC042_4549	EC55989_3315	EC55989_3316	EC55989_3318	EC55989_3335	EC55989_3339	EC55989_3340	EC958_3095	EC958_4611	EC958_4614	EC958_5138	ECABU_c31070	ECNA114_2856	ECNA114_2858	ECNA114_2872	ECO103_3357	ECO103_3359	ECO103_3360	ECO103_3361	ECO103_3362	ECO103_3363	ECO103_3368	ECO103_3369	ECO103_3373	ECO103_3374	ECO111_0230	ECO111_3768	ECP_0235	ECP_2802	ECP_2804	ECP_2805	ECP_2806	ECP_2814	ECP_2815	ECS88_0243	ECS88_3547	ECUMN_0225	ECs3712	ECs3728	ECs4566	EcE24377A_0237	EcE24377A_3124	EcE24377A_3125	EcE24377A_3126	EcE24377A_3127	EcE24377A_3129	EcE24377A_3130	EcE24377A_3135	EcSMS35_B0007	G2583_0236	G2583_4434	LF82_427	LF82_428	LF82_430	LF82_432	LF82_438	NRG857_13800	NRG857_13850	O3M_04335	O3M_04345	O3M_20335	SPG000099	UM146_02430	UMNK88_238	UTI89_C0255	UTI89_C3191	UTI89_C3194	UTI89_C3202	Z0263	Z0265	Z1307	Z2200	Z2201	Z2203	Z2204	Z2206	aaiT	aaiW	aatA	aec11	aec14	aec15	aec16	aec17	aec18	aec19	aec22	aec23	aec24	aec25	aec26	aec28	aec29	aec30	aec31	aec32	aec7	aec8	afaB	afaC	afaD	afaF-III	agn43	artj	aslA	astA	avian-hlye	b2854	b2972	c3385	c3386	c3391	c3393	c3396	c3400	c3401	c3402	c3610	cadA	cah	ccdb	cdiA	cdiB	cdt-IIIB	cdtA	cdtC	ce1a	cesAB	cesD	cesD2	cesF	cesT	cfaA	cfaB	cfaC	cfaD	cheA	cheB	cheR	cheW	cheY	cheZ	chuA	chuS	chuT	chuU	chuV	chuW	chuX	chuY	cib	clpF	clpH	clpL	clpV	cma	csgA	csgB	csgC	csgD	csgE	csgF	csgG	cvac	draA	draP	eaeH	eaeX	ecpA	ecpB	ecpC	ecpD	ecpE	ecpR	ehaA	ehaB	eivA	eivC	eivE	eivF	eivG	eivI	eivJ	entA	entB	entC	entD	entE	entF	entS	epaO	epaP	epaQ	epaR	epaS	eprH	eprI	eprJ	eprK	escC	escD	escE	escF	escI	escJ	escN	escO	escR	escS	escT	escU	escV	espA	espB	espD	espF	espG	espH	espJ	espL1	espL3	espL4	espR1	espR2	espR3	espR4	espV	espX1	espX2	espX3	espX4	espX5	espY1	espY2	espY3	espY4	espY5	etpC	etpD	etpE	etpF	etpG	etpH	etpI	etpJ	etpK	etpL	etpM	etpN	etpO	etrA	faeC	faeD	faeE	fanC	fanD	fanE	fanF	fanG	fanH	fepA	fepB	fepC	fepD	fepE	fepG	fes	fimA	fimB	fimC	fimD	fimE	fimF	fimG	fimH	fimI	flgA	flgB	flgC	flgD	flgE	flgF	flgG	flgH	flgI	flgJ	flgK	flgL	flgN	flhA	flhB	flhC	flhD	flhE	fliA	fliC	fliD	fliE	fliF	fliG	fliH	fliI	fliJ	fliK	fliL	fliM	fliN	fliO	fliP	fliQ	fliR	fliS	fliT	fliY	fliZ	flk	focX	fyuA	gadX	glrR	grlA	gspC	gspD	gspE	gspF	gspG	gspH	gspI	gspJ	gspK	gspL	gspM	gspo	hbp	hcp	hlyE	hma	hofB	hofC	hofq	ibeA	ibeB	ibeC	int	ipad	ireA	iroB	iroC	iroD	iroE	iroN	irp1	irp2	iss2	iucA	iucB	iucC	iucD	iutA	kpsD	kpsM	kpsT	ler	lpfao113	malx	map	matA	matF	mchf	mcja	mclc	motA	motB	mpc	mtfa	nada	nadb	neuC	neua	nleB2	nleF	nleH2	ompA	ompt	orf4	orgA	orgB	pECS88_0104	paa	papA	papB	papC	papD	papE	papF	papG	papH	papI	papJ	papK	papX	pic	pixA	pixB	pixC	pixD	pixF	pixG	pixH	pixJ	pkgA	ppdD	ppda	ppdb	ppdc	sat	senB	sepD	sepQ	sepZ	sfpC	sfpH	sitA	sitB	sitC	sitD	speL	stcE	stgA	stgB	stgC	stgD	tar/cheM	tccP2	tia	tir	traJ	trat	upaC	upaG/ehaG	upaH	usp	vat	vgrG	virk	wzy_o104	wzy_o7	ybtA	ybtE	ybtP	ybtQ	ybtS	ybtT	ybtU	ybtX	ycbF	ycbQ	ycbR	ycbS	ycbT	ycbU	ycbV	ycfz	ygdb	ygeG	ygeH	yggr	yghg	yjaa
AI-5393*_Abricate_ecoli_vf.tsv	0	.	.	.	.	.	.	.	.	.	.	.	.	.	.	.	.	.	.	.	.	.	.	.	.	.	.	.	.	.	.	.	.	.	.	.	.	.	.	.	.	.	.	.	.	.	.	.	.	.	.	.	.	.	.	.	.	.	.	.	.	.	.	.	.	.	.	.	.	.	.	.	.	.	.	.	.	.	.	.	.	.	.	.	.	.	.	.	.	.	.	.	.	.	.	.	.	.	.	.	.	.	.	.	.	.	.	.	.	.	.	.	.	.	.	.	.	.	.	.	.	.	.	.	.	.	.	.	.	.	.	.	.	.	.	.	.	.	.	.	.	.	.	.	.	.	.	.	.	.	.	.	.	.	.	.	.	.	.	.	.	.	.	.	.	.	.	.	.	.	.	.	.	.	.	.	.	.	.	.	.	.	.	.	.	.	.	.	.	.	.	.	.	.	.	.	.	.	.	.	.	.	.	.	.	.	.	.	.	.	.	.	.	.	.	.	.	.	.	.	.	.	.	.	.	.	.	.	.	.	.	.	.	.	.	.	.	.	.	.	.	.	.	.	.	.	.	.	.	.	.	.	.	.	.	.	.	.	.	.	.	.	.	.	.	.	.	.	.	.	.	.	.	.	.	.	.	.	.	.	.	.	.	.	.	.	.	.	.	.	.	.	.	.	.	.	.	.	.	.	.	.	.	.	.	.	.	.	.	.	.	.	.	.	.	.	.	.	.	.	.	.	.	.	.	.	.	.	.	.	.	.	.	.	.	.	.	.	.	.	.	.	.	.	.	.	.	.	.	.	.	.	.	.	.	.	.	.	.	.	.	.	.	.	.	.	.	.	.	.	.	.	.	.	.	.	.	.	.	.	.	.	.	.	.	.	.	.	.	.	.	.	.	.	.	.	.	.	.	.	.	.	.	.	.	.	.	.	.	.	.	.	.	.	.	.	.	.	.	.	.	.	.	.	.	.	.	.	.	.	.	.	.	.	.	.	.	.	.	.	.	.	.	.	.	.	.	.	.	.	.	.	.	.	.	.	.	.	.	.	.	.	.	.	.	.	.	.	.	.	.	.	.	.	.	.	.	.	.	.	.
AI-5395_10_10_assembly_Abricate_ecoli_vf.tsv	168	.	.	.	.	.	.	.	.	.	.	.	.	.	.	.	.	.	.	.	.	.	.	.	.	.	.	.	.	.	.	.	.	.	.	.	.	.	.	.	.	.	.	.	.	.	.	100.00	.	100.00	.	.	.	.	.	.	.	.	.	.	.	.	.	.	.	.	.	.	.	.	.	.	.	.	.	.	.	.	.	.	100.00	100.00	100.00	.	.	.	.	100.00	.	.	.	.	.	.	.	100.00	.	.	.	.	.	.	.	.	.	.	.	.	.	.	.	.	.	.	.	100.00	100.00	.	.	100.00	.	.	.	.	.	.	.	.	.	.	100.00	.	80.05	.	.	.	.	.	.	.	.	.	.	.	.	.	.	.	100.00	100.00	100.00	100.00	100.00	100.00	.	.	.	.	.	.	.	.	.	.	.	.	.	.	99.35	100.00	100.00	100.00	100.00	100.00	100.00	100.00	.	.	100.00	.	100.00	100.00	100.00	100.00	100.00	100.00	.	.	.	.	.	.	.	.	.	100.00	100.00	100.00	100.00	100.00	99.28	100.00	100.00	100.00	100.00	99.15	99.82	100.00	100.00	100.00	100.00	.	.	.	.	.	.	.	.	.	.	.	.	.	.	.	.	.	.	.	.	100.00	99.95	100.00	.	.	.	99.56	.	100.00	.	.	92.03	100.00	99.87	.	.	.	.	.	.	.	.	.	.	.	.	.	.	.	.	.	100.00	.	.	.	.	.	.	.	.	.	100.00	100.00	100.00	100.00	100.00	100.00	100.00	100.00	100.00	100.00	100.00	100.00	100.00;100.00	100.00;100.00	100.00	99.25	100.00	100.00	100.00	100.00	100.00	100.00	100.00	100.00	100.00	100.00	100.00	100.00	100.00	99.90	100.00	100.00	100.00	100.00	100.00	.	100.00	100.00	100.00	100.00	100.00	100.00	100.00	100.00	100.00	100.00	100.00	100.00	100.00	100.00	100.00	100.00	98.63	100.00	100.00	100.00	.	.	100.00	.	.	.	.	.	.	.	.	.	.	.	.	.	100.00	100.00	100.00	100.00	.	100.00	100.00	100.00	.	99.93	100.00	100.00	.	.	100.00	100.00	100.00	100.00	100.00	.	.	99.68;100.00	100.00	100.00	100.00	100.00	100.00	.	.	.	.	.	.	.	.	.	100.00	.	.	100.00	100.00	.	85.25	100.00	100.00	.	.	.	.	.	.	.	.	100.00	100.00	.	.	.	.	.	.	.	.	.	.	.	.	.	.	.	.	.	.	.	.	.	.	.	.	100.00	100.00	100.00	100.00	.	.	.	.	.	.	.	100.00	100.00	100.00	100.00	.	.	.	.	.	.	100.00	.	.	.	99.83	100.00;100.00	.	.	.	.	.	94.40	.	.	.	.	.	.	.	.	.	.	.	100.00	100.00	100.00	100.00	100.00	100.00	100.00	99.87	100.00	93.70	100.00	100.00	.	100.00
AI-5395_11_11_assembly_Abricate_ecoli_vf.tsv	148	.	.	.	.	.	.	.	.	.	.	.	.	.	.	.	.	.	.	.	.	.	.	.	.	.	.	.	.	.	.	.	.	.	.	.	.	.	.	.	.	.	.	.	.	.	.	100.00	.	100.00	.	.	.	.	.	.	.	.	.	.	.	.	.	.	.	.	.	.	.	.	.	.	.	.	.	.	.	.	.	.	.	.	100.00	.	.	.	.	100.00	.	.	.	.	.	.	.	.	.	.	.	.	.	.	.	.	.	.	100.00	100.00	.	.	.	.	.	.	.	100.00	100.00	.	.	99.79	.	.	.	.	.	.	.	.	.	.	100.00	.	.	.	.	.	.	.	.	.	.	.	.	.	.	.	.	.	100.00	100.00	100.00	100.00	100.00	100.00	.	.	.	.	.	.	.	.	.	.	.	.	.	.	99.35	100.00	100.00	100.00	100.00	100.00	100.00	.	.	.	100.00	.	100.00	100.00	100.00	100.00	.	100.00	.	99.97	.	.	.	.	.	.	.	100.00	100.00	100.00	100.00	100.00	99.28	100.00	100.00	100.00	100.00	99.15	99.82	100.00	100.00	100.00	100.00	.	.	.	.	.	.	.	.	.	.	.	.	.	.	.	.	.	.	.	.	100.00	100.00	100.00	99.92	.	.	.	.	99.93	.	.	99.94	100.00	.	.	.	.	.	.	.	.	.	.	.	.	.	.	.	.	.	.	100.00	.	.	.	.	.	.	.	.	.	100.00	100.00	100.00	100.00	100.00	100.00	100.00	100.00	100.00	100.00	100.00	100.00	100.00;100.00	100.00;100.00	100.00	99.70	100.00	100.00	100.00	100.00	100.00	100.00	100.00	100.00	100.00	100.00	100.00	100.00	100.00	99.90	100.00	100.00	100.00	100.00	100.00	.	100.00	100.00	100.00	100.00	100.00	100.00	100.00	100.00	100.00	100.00	100.00	100.00	100.00	100.00	100.00	100.00	100.00	100.00	100.00	100.00	.	.	100.00	.	.	.	.	.	.	.	.	.	.	.	100.00	100.00	100.00	.	.	98.86	.	100.00	100.00	100.00	.	99.93	100.00	.	.	.	.	.	.	.	.	.	.	99.68	.	.	.	.	.	.	.	.	.	.	.	.	.	100.00	.	.	.	100.00	100.00	.	.	100.00	100.00	.	.	.	.	.	.	100.00	.	100.00	100.00	.	.	.	.	.	.	.	.	.	.	.	.	.	.	.	.	.	.	.	.	.	.	.	.	100.00	100.00	100.00	100.00	.	.	.	.	.	.	.	.	.	.	.	.	.	100.00	100.00	100.00	.	100.00	.	.	.	.	.	.	.	.	.	.	.	.	.	.	.	.	.	.	.	.	.	.	100.00	100.00	100.00	100.00	100.00	100.00	100.00	99.87	100.00	98.98	99.93	100.00	.	.
AI-5395_12_12_assembly_Abricate_ecoli_vf.tsv	206	.	.	.	.	.	.	.	.	.	.	.	.	.	.	.	.	.	.	.	.	.	.	.	.	.	.	.	.	.	.	.	.	.	.	.	.	.	.	.	.	.	.	.	.	.	.	100.00	.	100.00	.	.	100.00	.	.	.	.	.	.	.	.	.	.	.	.	.	.	.	.	.	.	.	.	.	.	.	.	.	.	.	100.00	100.00	100.00	100.00	100.00	.	100.00	100.00	.	.	100.00	.	.	100.00	.	100.00	.	100.00	100.00	100.00	100.00	100.00	100.00	100.00	100.00	100.00	100.00	100.00	.	.	.	.	.	.	100.00	100.00	.	100.00	.	100.00	100.00	.	.	.	.	.	.	.	.	.	100.00	100.00	.	.	.	.	.	.	.	.	.	.	.	.	100.00	100.00	100.00	100.00	100.00	100.00	100.00	100.00	100.00	100.00	.	.	.	.	.	.	.	.	100.00	.	.	.	100.00	100.00	99.35	100.00	100.00	100.00	100.00	100.00	100.00	.	.	.	100.00	.	100.00	100.00	100.00	100.00	.	100.00	100.00	99.97	.	.	.	.	.	.	.	100.00	100.00	100.00	100.00	100.00	98.66	100.00	99.90	100.00	100.00	99.15	99.91	100.00	100.00	99.70	100.00	.	.	.	.	.	.	.	.	.	.	.	.	.	.	.	.	.	.	.	.	100.00	100.00	99.94	100.00	.	.	.	.	100.00	.	.	99.94	100.00	.	.	.	.	.	.	.	.	.	.	.	.	.	.	.	.	.	.	100.00	.	.	.	.	.	.	.	.	.	100.00	100.00	100.00	100.00	100.00	100.00	100.00	100.00	100.00	100.00	100.00;100.00	100.00	100.00	100.00;100.00	100.00	100.00;100.00	100.00	100.00	100.00	100.00	100.00	100.00	100.00	100.00	100.00	100.00	100.00	100.00	100.00	99.90	100.00	100.00	100.00	100.00	100.00	.	100.00	100.00	100.00	100.00	100.00	100.00	100.00	100.00	100.00	100.00	100.00	100.00	100.00	100.00	100.00	100.00	98.63	100.00	100.00	99.90	.	.	100.00	.	.	100.00	100.00	100.00	100.00	100.00	100.00	100.00	100.00	100.00	100.00	100.00	.	.	100.00	100.00	.	100.00	100.00	100.00	.	100.00	100.00	.	.	100.00	100.00	100.00	100.00	100.00	100.00	.	.	99.68;100.00	100.00	100.00	100.00	100.00	100.00	.	.	.	.	.	.	.	.	100.00	.	.	.	100.00	100.00	.	.	100.00	100.00	.	.	.	.	.	.	84.28	.	100.00	99.77	.	.	.	.	.	.	.	.	.	.	.	.	.	.	.	.	.	.	.	.	.	.	.	.	100.00	100.00	100.00	100.00	.	.	.	.	.	.	.	100.00	100.00	100.00	100.00	.	.	100.00	100.00	100.00	100.00	100.00	.	.	.	.	100.00	.	100.00	.	.	.	100.00	.	.	.	.	.	.	.	.	.	.	.	100.00	100.00	100.00	100.00	100.00	100.00	100.00	99.87	100.00	98.98	100.00	100.00	100.00	.
AI-5395_13_13_assembly_Abricate_ecoli_vf.tsv	190	100.00	100.00	.	.	100.00	.	.	.	.	.	.	.	.	.	.	.	.	.	.	.	.	.	100.00	.	100.00	.	.	.	.	.	.	.	.	.	.	.	.	.	.	100.00	.	.	.	100.00	100.00	.	100.00	.	.	.	.	.	.	.	.	.	.	90.79	.	.	.	.	.	.	.	99.58	.	.	.	.	.	.	.	.	.	.	.	100.00	.	.	.	.	100.00	100.00	.	.	100.00	.	.	100.00	.	.	.	.	.	.	.	.	.	.	.	.	.	.	.	.	.	99.81	.	.	.	.	.	.	100.00	100.00	.	100.00	.	100.00	100.00	100.00	.	.	.	99.93	.	.	.	100.00	.	80.05	.	.	.	.	.	.	.	.	.	.	.	.	.	.	.	100.00	100.00	100.00	100.00	100.00	100.00	100.00	100.00	100.00	100.00	100.00	100.00	100.00	100.00	.	.	.	.	.	.	100.00	100.00	100.00	100.00	100.00	100.00	100.00	.	.	.	99.93	.	100.00	100.00	100.00	100.00	100.00	100.00	100.00	100.00	.	.	.	.	.	.	.	100.00	100.00	100.00	100.00	100.00	99.28	100.00	.	.	.	.	.	.	.	.	.	.	.	.	.	.	.	.	.	.	.	.	.	.	.	.	.	.	.	.	.	100.00	.	.	.	.	.	.	.	.	.	.	.	.	.	.	.	.	.	.	.	.	.	.	.	.	.	.	.	.	.	.	.	.	.	.	.	.	.	.	.	.	99.96	100.00	100.00	100.00	100.00	100.00	100.00	100.00	100.00	100.00	100.00;100.00	100.00	100.00;100.00	100.00;100.00	100.00	100.00	100.00	100.00	100.00	100.00	100.00	100.00	100.00	100.00	100.00	100.00	100.00	100.00	100.00	100.00	100.00	100.00	100.00	98.98	100.00	.	.	100.00	100.00	100.00	100.00	100.00	100.00	100.00	100.00	100.00	100.00	100.00	100.00	100.00	100.00	100.00	100.00	100.00	100.00	100.00	.	100.00	100.00	.	.	100.00	100.00	100.00	100.00	100.00	100.00	100.00	99.67	100.00	100.00	100.00	100.00	100.00	.	.	.	100.00	100.00	100.00	.	100.00	100.00	100.00;100.00	.	100.00	100.00	100.00	100.00	100.00	100.00	100.00	99.98	100.00	100.00	100.00	100.00	100.00	100.00	.	.	.	.	.	100.00	.	.	.	.	.	.	100.00	100.00	.	.	100.00	100.00	.	.	.	.	.	100.00	100.00	.	.	.	.	.	.	100.00	.	.	.	.	.	.	97.06	.	.	.	.	.	.	.	.	.	.	.	.	.	100.00	100.00	100.00	100.00	.	.	.	.	.	.	.	100.00	100.00	100.00	100.00	.	.	100.00	100.00	100.00	.	100.00	.	100.00	.	99.83;99.83	100.00;100.00	.	.	.	.	100.00	.	.	.	.	100.00	100.00	100.00	100.00	100.00	100.00	100.00	100.00	.	.	.	.	.	.	.	100.00	100.00	.	.	100.00	100.00	.
AI-5395_14_14_assembly_Abricate_ecoli_vf.tsv	208	.	100.00	.	.	.	.	.	.	.	.	.	.	.	.	.	.	.	.	94.03	.	.	.	100.00	100.00	.	.	.	.	100.00	.	.	.	.	.	.	.	.	.	.	.	100.00	100.00	99.89	99.97	100.00	100.00	100.00	.	.	.	.	.	.	.	.	.	.	.	.	.	.	.	.	.	.	.	.	.	.	.	.	.	.	.	.	100.00	100.00	.	.	.	.	.	100.00	100.00	100.00	.	100.00	.	.	.	100.00	100.00	85.22;90.77;100.00	100.00	100.00	100.00	100.00	100.00	100.00	100.00	100.00	100.00	100.00	95.89	98.58	100.00	100.00	100.00	100.00	.	.	.	.	100.00	100.00	100.00	.	.	.	100.00	100.00	.	.	.	.	99.93	.	100.00	100.00	100.00	.	80.05;80.05	.	.	.	.	.	.	.	.	.	.	.	.	.	.	.	100.00	100.00	100.00	100.00	100.00	100.00	100.00	100.00	100.00	100.00	100.00	100.00	100.00	100.00	.	.	.	.	100.00	.	100.00	100.00	100.00	100.00	100.00	100.00	100.00	.	.	.	100.00	.	100.00	100.00	100.00	100.00	100.00	100.00	.	100.00	.	.	.	.	.	.	.	100.00	100.00	100.00	85.86	100.00	99.28	100.00	.	.	.	.	.	.	.	.	.	.	.	.	.	.	.	.	.	.	.	.	.	.	.	.	.	.	.	.	.	.	.	.	.	.	.	.	.	.	.	.	.	.	.	.	.	.	.	.	.	.	.	.	.	.	.	.	.	.	.	.	.	.	.	.	.	.	.	.	.	.	100.00	100.00	100.00	100.00	100.00	100.00	100.00	100.00	100.00	100.00	100.00	100.00	100.00;100.00	100.00;100.00	100.00	100.00	100.00	100.00	100.00	100.00	100.00	100.00	100.00	100.00	100.00	100.00	100.00	100.00	100.00	100.00	100.00	100.00	100.00	98.98	100.00	.	.	100.00	100.00	100.00	100.00	100.00	100.00	100.00	100.00	100.00	100.00	100.00	100.00	100.00	100.00	100.00	100.00	100.00	100.00	100.00	.	100.00	100.00	.	.	100.00	100.00	100.00	100.00	100.00	100.00	100.00	99.67	100.00	100.00	99.81	100.00	.	.	.	.	100.00	100.00	100.00	.	100.00	100.00	.	.	.	.	.	.	.	.	100.00	99.95	.	100.00	100.00	100.00	100.00	100.00	100.00	100.00	100.00	.	.	100.00	.	.	.	.	.	.	100.00	100.00	.	.	100.00	100.00	100.00	99.76	.	.	.	100.00	100.00	.	.	.	100.00	.	99.83	99.68	.	.	.	.	.	.	87.91	.	.	100.00	.	.	.	.	.	.	.	.	.	.	100.00	100.00	100.00	100.00	100.00	100.00	.	.	.	.	.	100.00	100.00	100.00	100.00	.	.	.	.	.	.	100.00	.	.	.	.	.	.	.	82.84	100.00	100.00	.	.	.	.	100.00	100.00	100.00	100.00	100.00	100.00	100.00	100.00	.	.	.	.	.	.	.	100.00	100.00	.	.	100.00	100.00	100.00
AI-5395_15_15_assembly_Abricate_ecoli_vf.tsv	213	.	.	.	.	.	.	.	.	.	.	.	.	.	.	.	.	.	.	.	.	.	.	.	.	.	.	.	.	.	.	.	.	.	.	.	.	.	.	.	.	.	.	.	.	.	.	100.00	.	100.00	.	.	100.00	.	.	.	.	.	.	.	.	.	.	.	.	.	.	.	.	.	.	.	.	.	.	.	.	.	.	.	100.00	100.00	100.00	100.00	100.00	100.00	100.00	100.00	.	.	.	.	.	100.00	.	100.00	100.00	100.00	100.00	100.00	100.00	100.00	100.00	100.00	100.00	100.00	100.00	100.00	.	.	.	.	.	.	.	100.00	.	.	.	100.00	100.00	.	.	.	.	.	.	.	.	.	100.00	100.00	.	.	.	.	.	.	.	.	.	.	.	.	100.00	100.00	100.00	100.00	100.00	100.00	100.00	100.00	100.00	100.00	.	.	.	.	.	.	.	.	100.00	.	.	.	99.15	.	99.35	100.00	100.00	100.00	100.00	100.00	100.00	.	.	.	100.00	.	100.00	100.00	100.00	100.00	.	100.00	100.00	99.90	.	.	.	.	.	.	.	100.00	100.00	100.00	100.00	100.00	98.66	100.00	100.00	100.00	100.00	99.15	99.91	100.00	100.00	99.70	100.00	.	.	.	.	.	.	.	.	.	.	.	.	.	.	.	.	.	.	.	.	98.42	100.00	100.00	100.00	.	.	99.47	.	99.93	.	.	99.94	100.00	.	.	.	.	.	.	.	.	.	.	.	.	.	.	.	.	.	.	100.00	.	.	.	.	.	.	.	.	.	100.00	100.00	100.00	100.00	100.00	100.00	100.00	100.00	100.00	100.00	100.00	100.00	100.00	100.00;100.00	100.00	100.00;100.00	100.00	100.00	100.00	100.00	100.00	100.00	100.00	100.00	100.00	100.00	100.00	100.00	100.00	99.90	100.00	100.00	100.00	100.00	100.00	.	.	100.00	100.00	100.00	100.00	100.00	100.00	100.00	100.00	100.00	100.00	100.00	100.00	100.00	100.00	97.81	100.00	100.00	100.00	99.90	.	.	100.00	.	.	100.00	100.00	100.00	100.00	100.00	100.00	100.00	100.00	100.00	100.00	100.00	.	.	100.00	99.91	.	100.00	100.00	100.00	.	100.00	100.00	100.00	.	100.00	.	.	.	.	.	.	.	100.00	100.00	100.00	100.00	100.00	100.00	.	.	.	.	.	.	.	.	100.00	.	.	.	100.00	100.00	.	.	100.00	100.00	.	.	.	.	.	.	100.00	.	100.00	100.00	.	.	.	100.00;100.00	.	.	.	100.00	100.00	.	97.06;97.06	.	.	.	.	100.00	100.00	99.77	100.00	99.84	100.00	100.00	100.00	.	100.00	100.00	100.00	100.00	.	.	.	.	.	.	.	100.00	100.00	100.00	100.00	.	.	100.00	100.00	100.00	100.00	100.00	.	99.87;100.00	.	.	100.00	.	.	.	.	.	100.00	.	100.00	.	.	.	.	.	.	.	.	.	100.00	100.00	100.00	100.00	100.00	100.00	100.00	99.87	100.00	98.98	100.00	100.00	100.00	.
AI-5395_16_16_assembly_Abricate_ecoli_vf.tsv	186	.	.	.	.	.	.	.	.	.	.	.	.	.	.	.	.	.	.	.	.	.	.	.	.	.	.	.	.	.	.	.	.	.	.	.	.	.	.	.	.	.	.	.	.	.	.	100.00	.	100.00	.	.	.	.	.	.	.	.	.	.	.	.	.	.	.	.	.	.	.	.	.	.	.	.	.	100.00	.	.	.	.	100.00	100.00	100.00	100.00	100.00	.	.	100.00	.	.	.	.	.	100.00	.	100.00	100.00	100.00	100.00	100.00	100.00	100.00	100.00	100.00	100.00	100.00	100.00	100.00	.	.	.	.	.	.	100.00	100.00	.	.	.	100.00	100.00	.	.	.	.	.	.	.	.	.	100.00	.	.	.	.	.	.	.	.	.	.	.	.	.	100.00	100.00	100.00	100.00	100.00	100.00	100.00	100.00	100.00	100.00	.	.	.	.	.	.	.	.	.	.	.	.	100.00	.	99.35	100.00	100.00	100.00	100.00	100.00	100.00	.	.	.	100.00	.	100.00	100.00	100.00	100.00	.	100.00	.	99.90	.	.	.	.	.	.	.	100.00	100.00	100.00	100.00	100.00	99.28	100.00	100.00	100.00	100.00	99.15	99.91	100.00	100.00	99.70	100.00	.	.	.	.	.	.	.	.	.	.	.	.	.	.	.	.	.	.	.	.	98.42	100.00	99.94	100.00	.	.	.	.	100.00	.	.	99.94	100.00	.	.	.	.	.	.	.	.	.	.	.	.	.	.	.	.	.	.	100.00	.	.	.	.	.	.	.	.	.	100.00	100.00	100.00	100.00	100.00	100.00	100.00	100.00	100.00	100.00	100.00;100.00	100.00	100.00;100.00	100.00;100.00	100.00	100.00	100.00	100.00	100.00	100.00	100.00	100.00	100.00	100.00	100.00	100.00	100.00	100.00	100.00	99.90	100.00	100.00	100.00	100.00	100.00	100.00	100.00	100.00	100.00	100.00	100.00	100.00	100.00	100.00	100.00	100.00	100.00	100.00	100.00	100.00	100.00	100.00	98.63	100.00	100.00	99.90	.	.	100.00	.	.	100.00	100.00	100.00	100.00	100.00	100.00	100.00	100.00	100.00	100.00	100.00	.	.	100.00	100.00	.	100.00	100.00	100.00	.	100.00	100.00	.	.	.	.	.	.	.	.	.	.	.	.	.	.	.	.	.	.	.	.	.	.	.	.	100.00	.	.	.	100.00	100.00	.	.	100.00	100.00	.	.	.	.	.	.	.	.	100.00	100.00	.	.	.	.	.	.	.	.	.	.	.	.	.	.	.	.	.	.	.	.	.	.	.	.	100.00	100.00	100.00	100.00	.	.	.	.	.	.	.	.	.	.	.	.	.	100.00	100.00	100.00	100.00	100.00	.	.	.	99.83	100.00	.	100.00	.	.	.	100.00	.	.	99.91	.	.	.	.	.	.	.	.	100.00	100.00	100.00	100.00	100.00	100.00	100.00	99.87	100.00	98.98	100.00	100.00	100.00	.
AI-5395_17_17_assembly_Abricate_ecoli_vf.tsv	187	.	.	.	.	.	.	.	.	.	.	.	.	.	.	.	.	.	.	.	.	.	.	.	.	.	.	.	.	.	.	.	.	.	.	.	.	.	.	.	.	.	.	.	.	.	.	100.00	.	100.00	.	.	.	.	.	.	.	.	.	.	.	.	.	.	.	.	.	.	.	.	.	.	.	.	.	100.00	.	.	.	.	100.00	100.00	100.00	100.00	100.00	.	.	100.00	.	.	100.00	.	.	100.00	.	100.00	100.00	100.00	100.00	100.00	100.00	100.00	100.00	100.00	100.00	100.00	100.00	100.00	.	.	.	.	.	.	.	100.00	.	.	.	100.00	100.00	.	.	.	.	.	.	.	.	.	100.00	.	.	.	.	.	.	.	.	.	.	.	.	.	100.00	100.00	100.00	100.00	100.00	100.00	100.00	100.00	100.00	100.00	.	.	.	.	.	.	.	.	.	.	.	.	100.00	.	99.35	100.00	100.00	100.00	100.00	100.00	100.00	.	.	.	100.00	.	100.00	100.00	100.00	100.00	.	100.00	100.00	100.00	.	.	.	.	.	.	.	100.00	100.00	100.00	100.00	100.00	99.28	100.00	100.00	100.00	99.62	99.15	99.91	100.00	100.00	99.70	100.00	.	.	.	.	.	.	.	.	.	.	.	.	.	.	.	.	.	.	.	.	98.42	100.00	99.94	100.00	.	.	.	.	99.93	.	.	99.94	100.00	.	.	.	.	.	.	.	.	.	.	.	.	.	.	.	.	.	.	100.00	.	.	.	.	.	.	.	.	.	100.00	100.00	100.00	100.00	100.00	100.00	100.00	100.00	100.00	100.00	100.00;100.00	100.00	100.00;100.00	100.00;100.00	100.00	100.00;100.00	100.00	100.00	100.00	100.00	100.00	100.00	100.00	100.00	100.00	100.00	100.00	100.00	100.00	99.90	100.00	100.00	100.00	100.00	100.00	100.00	100.00	100.00	100.00	100.00	100.00	100.00	100.00	100.00	100.00	100.00	100.00	100.00	100.00	100.00	100.00	100.00	98.63	100.00	100.00	99.90	.	.	100.00	.	.	100.00	100.00	100.00	100.00	100.00	100.00	100.00	100.00	100.00	100.00	100.00	.	.	100.00	100.00	.	100.00	100.00	100.00	.	100.00	100.00	.	.	.	.	.	.	.	.	.	.	97.41	.	.	.	.	.	.	.	.	.	.	.	.	.	100.00	.	.	.	100.00	100.00	.	.	100.00	100.00	.	.	.	.	.	.	100.00	.	99.83	100.00	.	100.00	.	.	.	.	.	.	.	.	.	.	.	.	.	.	.	.	.	.	.	.	.	.	100.00	100.00	100.00	100.00	.	.	.	.	.	.	.	.	.	.	.	.	.	100.00	100.00	100.00	100.00	100.00	.	.	.	.	.	.	100.00	.	.	.	100.00	.	.	.	.	.	.	.	.	.	.	.	100.00	100.00	100.00	100.00	100.00	100.00	100.00	99.87	100.00	98.98	100.00	100.00	100.00	.
AI-5395_18_18_assembly_Abricate_ecoli_vf.tsv	208	.	100.00	.	.	.	.	.	.	.	.	.	.	.	.	.	.	.	.	94.03	.	.	.	100.00	100.00	.	.	.	.	100.00	.	.	.	.	.	.	.	.	.	.	.	100.00	100.00	99.89	99.97	100.00	100.00	100.00	.	.	.	.	.	.	.	.	.	.	.	.	.	.	.	.	.	.	.	.	.	.	.	.	.	.	.	.	100.00	100.00	.	.	.	.	.	100.00	100.00	100.00	.	100.00	.	.	.	100.00	100.00	90.77;85.22;100.00	100.00	100.00	100.00	100.00	100.00	100.00	100.00	100.00	100.00	100.00	95.89	98.58	100.00	100.00	100.00	100.00	.	.	.	.	100.00	100.00	100.00	.	.	.	100.00	100.00	.	.	.	.	99.93	.	100.00	100.00	100.00	.	80.05;80.05	.	.	.	.	.	.	.	.	.	.	.	.	.	.	.	100.00	100.00	100.00	100.00	100.00	100.00	100.00	100.00	100.00	100.00	100.00	100.00	100.00	100.00	.	.	.	.	100.00	.	100.00	100.00	100.00	100.00	100.00	100.00	100.00	.	.	.	100.00	.	100.00	100.00	100.00	100.00	100.00	100.00	.	100.00	.	.	.	.	.	.	.	100.00	100.00	100.00	85.86	100.00	99.28	100.00	.	.	.	.	.	.	.	.	.	.	.	.	.	.	.	.	.	.	.	.	.	.	.	.	.	.	.	.	.	.	.	.	.	.	.	.	.	.	.	.	.	.	.	.	.	.	.	.	.	.	.	.	.	.	.	.	.	.	.	.	.	.	.	.	.	.	.	.	.	.	100.00	100.00	100.00	100.00	100.00	100.00	100.00	100.00	100.00	100.00	100.00	100.00	100.00;100.00	100.00;100.00	100.00	100.00	100.00	100.00	100.00	100.00	100.00	100.00	100.00	100.00	100.00	100.00	100.00	100.00	100.00	100.00	100.00	100.00	100.00	98.98	100.00	.	.	100.00	100.00	100.00	100.00	100.00	100.00	100.00	100.00	100.00	100.00	100.00	100.00	100.00	100.00	100.00	100.00	100.00	100.00	100.00	.	100.00	100.00	.	.	100.00	100.00	100.00	100.00	100.00	100.00	100.00	99.67	100.00	100.00	99.81	100.00	.	.	.	.	100.00	100.00	100.00	.	100.00	100.00	.	.	.	.	.	.	.	.	100.00	99.95	.	100.00	100.00	100.00	100.00	100.00	100.00	100.00	100.00	.	.	100.00	.	.	.	.	.	.	100.00	100.00	.	.	100.00	100.00	100.00	99.76	.	.	.	100.00	100.00	.	.	.	100.00	.	99.83	99.68	.	.	.	.	.	.	87.91	.	.	100.00	.	.	.	.	.	.	.	.	.	.	100.00	100.00	100.00	100.00	100.00	100.00	.	.	.	.	.	100.00	100.00	100.00	100.00	.	.	.	.	.	.	100.00	.	.	.	.	.	.	.	82.84	100.00	100.00	.	.	.	.	100.00	100.00	100.00	100.00	100.00	100.00	100.00	100.00	.	.	.	.	.	.	.	100.00	100.00	.	.	100.00	100.00	100.00
AI-5395_19_19_assembly_Abricate_ecoli_vf.tsv	187	.	.	.	.	.	.	.	.	.	.	.	.	.	.	.	.	.	.	.	.	.	.	.	.	.	.	.	.	.	.	.	.	.	.	.	.	.	.	.	.	.	.	.	.	.	.	100.00	.	100.00	.	.	100.00	.	.	.	.	.	.	.	.	.	.	.	.	.	.	.	.	.	.	.	.	.	.	.	.	.	.	.	100.00	100.00	100.00	100.00	100.00	.	.	100.00	.	.	.	.	.	100.00	.	100.00	100.00	100.00	100.00	100.00	100.00	100.00	100.00	100.00	100.00	100.00	100.00	100.00	.	.	.	.	.	.	100.00	100.00	.	.	.	100.00	100.00	.	.	.	.	.	.	.	.	.	100.00	.	80.05	.	.	.	.	.	.	.	.	.	.	.	100.00	100.00	100.00	100.00	100.00	100.00	100.00	100.00	100.00	100.00	.	.	.	.	.	.	.	.	100.00	.	.	.	99.37	.	99.35	100.00	100.00	100.00	100.00	100.00	100.00	.	.	.	100.00	.	100.00	100.00	100.00	100.00	.	100.00	100.00	99.97	.	.	.	.	.	.	.	100.00	100.00	100.00	100.00	100.00	99.28	100.00	100.00	100.00	100.00	99.15	99.82	99.46	100.00	99.70	100.00	.	.	.	.	.	.	.	.	.	.	.	.	.	.	.	.	.	.	.	.	98.42	100.00	99.94	100.00	.	.	.	.	100.00	.	.	99.94	100.00	.	.	.	.	.	.	.	.	.	.	.	.	.	.	.	.	.	.	100.00	.	.	.	.	.	.	.	.	.	100.00	100.00	100.00	100.00	100.00	100.00	100.00	100.00	100.00	100.00	100.00;100.00	100.00	100.00;100.00	100.00;100.00	100.00	100.00;100.00	100.00	100.00	100.00	100.00	100.00	100.00	100.00	100.00	100.00	100.00	100.00	100.00	100.00	99.90	100.00	100.00	100.00	100.00	100.00	.	.	100.00	100.00	100.00	100.00	100.00	100.00	100.00	100.00	100.00	100.00	100.00	100.00	100.00	100.00	94.65	100.00	100.00	100.00	99.90	.	.	100.00	.	.	100.00	100.00	100.00	100.00	100.00	100.00	100.00	100.00	100.00	100.00	100.00	.	.	100.00	99.91	.	100.00	100.00	100.00	.	100.00	100.00	.	.	.	.	.	.	.	.	.	.	99.68	.	.	.	.	.	.	.	.	.	.	99.68	.	.	100.00	.	.	.	100.00	100.00	.	.	100.00	100.00	.	.	.	.	.	.	.	.	99.83	100.00	.	.	.	.	.	.	.	.	.	.	.	.	.	.	.	.	.	.	.	.	.	.	.	.	100.00	100.00	100.00	100.00	.	.	.	.	.	.	.	.	.	.	.	.	.	100.00	100.00	100.00	100.00	100.00	.	.	.	.	100.00	.	100.00	.	.	.	100.00	.	.	.	.	.	.	.	.	.	.	.	100.00	100.00	100.00	100.00	100.00	100.00	100.00	99.87	100.00	98.98	100.00	100.00	100.00	.
AI-5395_1_1_assembly_Abricate_ecoli_vf.tsv	216	.	.	.	.	.	.	.	.	.	.	.	.	.	.	.	.	.	.	.	.	.	.	.	.	.	.	.	.	.	.	.	.	.	.	.	.	.	.	.	.	.	.	.	.	.	.	100.00	.	100.00	.	.	100.00	.	.	.	.	.	.	.	.	.	.	.	.	.	.	.	.	.	.	.	.	.	.	.	.	.	.	.	100.00	100.00	100.00	100.00	100.00	100.00	100.00	100.00	.	.	.	.	.	100.00	.	100.00	100.00	100.00	100.00	100.00	100.00	100.00	100.00	100.00	100.00	100.00	100.00	100.00	.	.	.	.	.	.	100.00	100.00	.	.	.	100.00	100.00	.	.	.	.	.	.	.	.	.	100.00	100.00;100.00	80.05	.	.	.	.	.	.	.	.	.	.	.	100.00	100.00	100.00	100.00	100.00	100.00	100.00	100.00	100.00	100.00	.	.	.	.	.	.	.	.	100.00	.	.	.	99.79	.	99.35	100.00	100.00	100.00	100.00	100.00	100.00	100.00	.	.	100.00	.	100.00	100.00	100.00	100.00	.	100.00	100.00	99.90	.	.	.	.	.	.	.	100.00	100.00	100.00	100.00	100.00	90.57	100.00	100.00	100.00	100.00	99.15	99.91	100.00	100.00	99.70	100.00	.	.	.	.	.	.	.	.	.	.	.	.	.	.	.	.	.	.	.	.	98.42	100.00	100.00	100.00	.	.	.	.	99.93	.	.	99.94	100.00	.	.	.	.	.	.	.	.	.	.	.	.	.	.	.	.	.	.	100.00	.	.	.	.	.	.	.	.	.	100.00	100.00	100.00	100.00	100.00	100.00	100.00	100.00	100.00	100.00	100.00	100.00	100.00	100.00;100.00	100.00	100.00;100.00	100.00	100.00	100.00	100.00	100.00	100.00	100.00	100.00	100.00	100.00	100.00	100.00	100.00	99.90	100.00	100.00	100.00	100.00	100.00	.	100.00	100.00	100.00	100.00	100.00	100.00	100.00	100.00	100.00	100.00	100.00	100.00	100.00	100.00	100.00	100.00	100.00	100.00	100.00	99.90	.	.	100.00	.	.	100.00	100.00	100.00	100.00	100.00	100.00	100.00	100.00	100.00	100.00	100.00	.	100.00	100.00	99.91	.	100.00	100.00	100.00	.	100.00	100.00	.	.	.	100.00	100.00	100.00	100.00	100.00	.	.	100.00	100.00	100.00	100.00	100.00	100.00	.	.	.	.	.	.	.	.	100.00	100.00	.	.	100.00	100.00	.	.	100.00	100.00	.	.	.	.	.	.	100.00	.	100.00	100.00	.	.	.	.	.	.	.	.	.	.	.	.	.	.	.	100.00	100.00	99.77	100.00	99.84	100.00	100.00	100.00	.	100.00	100.00	100.00	100.00	.	.	.	.	.	.	.	100.00	100.00	100.00	100.00	.	.	100.00	100.00	100.00	100.00	100.00	.	.	.	99.83	100.00;100.00	.	.	.	.	.	100.00	.	.	.	.	.	.	.	.	.	.	.	100.00	100.00	100.00	100.00	100.00	100.00	100.00	99.87	100.00	98.98	100.00	100.00	100.00	.
AI-5395_20_20_assembly_Abricate_ecoli_vf.tsv	208	.	100.00	.	.	.	.	.	.	.	.	.	.	.	.	.	.	.	.	94.03	.	.	.	100.00	100.00	.	.	.	.	100.00	.	.	.	.	.	.	.	.	.	.	.	100.00	100.00	99.89	99.97	100.00	100.00	100.00	.	.	.	.	.	.	.	.	.	.	.	.	.	.	.	.	.	.	.	.	.	.	.	.	.	.	.	.	100.00	100.00	.	.	.	.	.	100.00	100.00	100.00	.	100.00	.	.	.	100.00	100.00	100.00;85.22;90.77	100.00	100.00	100.00	100.00	100.00	100.00	100.00	100.00	100.00	100.00	95.89	98.58	100.00	100.00	100.00	100.00	.	.	.	.	100.00	100.00	100.00	.	.	.	100.00	100.00	.	.	.	.	99.93	.	100.00	100.00	100.00	.	80.05;80.05	.	.	.	.	.	.	.	.	.	.	.	.	.	.	.	100.00	100.00	100.00	100.00	100.00	100.00	100.00	100.00	100.00	100.00	100.00	100.00	100.00	100.00	.	.	.	.	100.00	.	100.00	100.00	100.00	100.00	100.00	100.00	100.00	.	.	.	100.00	.	100.00	100.00	100.00	100.00	100.00	100.00	.	100.00	.	.	.	.	.	.	.	100.00	100.00	100.00	85.86	100.00	99.28	100.00	.	.	.	.	.	.	.	.	.	.	.	.	.	.	.	.	.	.	.	.	.	.	.	.	.	.	.	.	.	.	.	.	.	.	.	.	.	.	.	.	.	.	.	.	.	.	.	.	.	.	.	.	.	.	.	.	.	.	.	.	.	.	.	.	.	.	.	.	.	.	100.00	100.00	100.00	100.00	100.00	100.00	100.00	100.00	100.00	100.00	100.00	100.00	100.00;100.00	100.00;100.00	100.00	100.00	100.00	100.00	100.00	100.00	100.00	100.00	100.00	100.00	100.00	100.00	100.00	100.00	100.00	100.00	100.00	100.00	100.00	98.98	100.00	.	.	100.00	100.00	100.00	100.00	100.00	100.00	100.00	100.00	100.00	100.00	100.00	100.00	100.00	100.00	100.00	100.00	100.00	100.00	100.00	.	100.00	100.00	.	.	100.00	100.00	100.00	100.00	100.00	100.00	100.00	99.67	100.00	100.00	99.81	100.00	.	.	.	.	100.00	100.00	100.00	.	100.00	100.00	.	.	.	.	.	.	.	.	100.00	99.95	.	100.00	100.00	100.00	100.00	100.00	100.00	100.00	100.00	.	.	100.00	.	.	.	.	.	.	100.00	100.00	.	.	100.00	100.00	100.00	99.76	.	.	.	100.00	100.00	.	.	.	100.00	.	99.83	99.68	.	.	.	.	.	.	87.91	.	.	100.00	.	.	.	.	.	.	.	.	.	.	100.00	100.00	100.00	100.00	100.00	100.00	.	.	.	.	.	100.00	100.00	100.00	100.00	.	.	.	.	.	.	100.00	.	.	.	.	.	.	.	82.84	100.00	100.00	.	.	.	.	100.00	100.00	100.00	100.00	100.00	100.00	100.00	100.00	.	.	.	.	.	.	.	100.00	100.00	.	.	100.00	100.00	100.00
AI-5395_21_21_assembly_Abricate_ecoli_vf.tsv	208	.	.	.	.	.	.	.	.	.	.	.	.	.	.	.	.	.	.	.	.	.	.	.	.	.	.	.	.	.	.	.	.	.	.	.	.	.	.	.	.	.	.	.	.	.	.	100.00	.	100.00	100.00	.	100.00	.	.	.	.	.	.	.	.	.	.	.	.	.	.	.	.	.	.	.	.	.	.	.	.	.	.	.	100.00	100.00	100.00	100.00	100.00	100.00	.	87.43	.	.	.	.	.	.	.	98.00	100.00	100.00	100.00	100.00	100.00	100.00	100.00	100.00	100.00	100.00	99.86	100.00	.	.	.	.	.	.	.	100.00	100.00	.	.	100.00	100.00	.	.	.	.	.	.	.	.	.	100.00	.	.	.	99.94	.	.	.	.	.	.	.	.	.	.	.	.	.	100.00	100.00	100.00	100.00	100.00	100.00	100.00	100.00	100.00	100.00	100.00	100.00	100.00	100.00	.	.	.	.	100.00	.	99.35	99.79	100.00	100.00	100.00	100.00	100.00	.	.	.	100.00	.	99.68	100.00	100.00	100.00	.	100.00	.	100.00	100.00	100.00	100.00	100.00	100.00	100.00	100.00	100.00	100.00	100.00	100.00	100.00	99.28	100.00	100.00	100.00	100.00	98.72	100.00	99.73	100.00	100.00	100.00	.	.	.	.	.	.	.	.	.	.	.	.	.	.	.	.	.	.	.	.	100.00	100.00	100.00	99.44	100.00	100.00	97.28	.	100.00	.	100.00	100.00	100.00	99.47	100.00	100.00	100.00	.	.	.	.	.	.	.	.	.	.	.	.	.	.	100.00	.	.	.	.	.	.	.	.	.	100.00	100.00	100.00	100.00	100.00	100.00	100.00	100.00	100.00	100.00	100.00	100.00	100.00;100.00	100.00;100.00	100.00	99.25	100.00	100.00	100.00	100.00	100.00	100.00	100.00	100.00	100.00	100.00	100.00	100.00	100.00	100.00	100.00	100.00	100.00	98.98	100.00	.	100.00	100.00	100.00	100.00	100.00	100.00	100.00	100.00	100.00	100.00	100.00	100.00	100.00	100.00	100.00	100.00	100.00	100.00	100.00	100.00	.	.	100.00	.	.	100.00	100.00	100.00	100.00	100.00	100.00	100.00	99.67	100.00	100.00	99.81	.	.	100.00	100.00	.	100.00	100.00	100.00	.	99.86	100.00	.	100.00	.	.	.	.	.	.	.	.	.	.	.	.	.	.	100.00	100.00	.	.	.	.	.	.	100.00	.	.	.	100.00	100.00	.	.	100.00	100.00	.	.	.	.	.	.	.	.	100.00	100.00	.	.	.	.	.	.	.	.	.	.	.	.	.	.	.	.	.	.	.	.	.	.	.	100.00	100.00	100.00	100.00	100.00	.	.	.	.	.	.	.	100.00;100.00	100.00;100.00	100.00;100.00	100.00;100.00	.	.	.	.	.	.	100.00	.	99.74;100.00	.	.	100.00	.	.	.	.	.	100.00	.	.	.	.	.	.	.	.	.	.	.	100.00	100.00	100.00	99.81	100.00	100.00	100.00	99.62	100.00	98.98	100.00	100.00	100.00	.
AI-5395_22_22_assembly_Abricate_ecoli_vf.tsv	165	.	.	.	.	.	.	.	.	.	.	.	.	.	.	.	.	.	.	.	.	.	100.00	.	.	.	.	.	.	.	.	.	.	.	.	.	.	.	.	.	.	.	.	.	.	.	.	100.00	.	100.00	.	.	.	.	.	.	.	.	.	.	.	.	.	.	.	.	.	.	.	.	.	.	.	.	.	.	.	.	.	.	.	.	100.00	100.00	.	.	.	.	.	.	100.00	.	.	.	.	.	.	.	.	.	.	.	.	.	.	.	.	100.00	.	.	.	.	.	.	.	100.00	.	.	.	100.00	.	.	.	.	.	.	.	.	.	.	100.00	.	80.05	.	.	.	.	.	.	.	.	.	.	.	100.00	100.00	100.00	100.00	100.00	100.00	100.00	100.00	100.00	100.00	.	.	.	.	.	.	.	.	.	.	.	.	.	.	99.35	100.00	100.00	100.00	100.00	100.00	100.00	100.00	.	.	100.00	.	.	.	.	.	.	.	95.16	.	.	.	.	.	.	.	.	100.00	100.00	100.00	100.00	100.00	98.66	100.00	100.00	100.00	99.62	99.15	99.91	100.00	100.00	99.70	100.00	.	.	.	.	.	.	.	.	.	.	.	.	.	.	.	.	.	.	.	.	100.00	100.00	100.00	100.00	.	.	.	.	100.00	.	.	99.94	100.00	.	.	.	.	.	.	.	.	.	.	.	.	.	.	.	.	.	.	100.00	.	.	.	.	.	.	.	.	.	100.00	100.00	100.00	100.00	100.00	100.00	100.00	100.00	100.00	100.00	100.00	100.00	100.00	100.00	100.00	100.00;100.00	100.00	100.00	100.00	100.00	100.00	100.00	100.00	100.00	100.00	100.00	100.00	100.00	100.00	99.90	100.00	100.00	81.11	100.00	100.00	.	100.00	100.00	100.00	100.00	100.00	100.00	100.00	100.00	100.00	100.00	100.00	100.00	100.00	100.00	100.00	100.00	100.00	100.00	100.00	99.90	.	.	100.00	.	.	.	.	.	.	.	.	.	.	.	.	.	.	100.00	.	100.00	.	100.00	100.00	100.00	.	100.00	100.00	99.21	.	.	100.00	100.00	100.00	100.00	100.00	.	.	100.00	100.00	100.00	100.00	100.00	100.00	.	.	.	.	.	.	.	.	.	100.00	.	.	100.00	100.00	.	.	100.00	100.00	.	.	.	.	.	.	.	.	100.00	100.00	.	.	.	.	.	.	.	.	.	.	.	.	.	.	.	.	.	.	.	.	.	.	.	.	100.00	100.00	100.00	100.00	.	.	.	.	.	.	.	100.00	100.00	100.00	100.00	.	.	100.00	100.00	100.00	100.00	100.00	.	.	.	99.83	100.00	.	100.00	.	.	.	.	.	.	.	.	.	.	.	.	.	.	.	100.00	99.45	100.00	100.00	100.00	100.00	100.00	99.87	100.00	98.98	100.00	100.00	.	.
AI-5395_23_23_assembly_Abricate_ecoli_vf.tsv	191	.	.	.	.	.	.	.	.	.	.	.	.	.	.	.	.	.	.	.	.	.	.	.	.	.	.	.	.	.	.	.	.	.	.	.	.	.	.	.	.	.	.	.	.	.	.	100.00	.	100.00	.	.	.	.	.	.	.	.	.	.	.	.	.	.	.	.	.	.	.	.	.	.	.	.	.	100.00	.	.	.	.	100.00	100.00	100.00	100.00	100.00	.	100.00	100.00	.	.	.	.	.	99.95	.	100.00	100.00	100.00	100.00	100.00	100.00	100.00	100.00	100.00	100.00	100.00	100.00	100.00	.	.	.	.	.	.	100.00	100.00	.	.	.	100.00	100.00	.	.	.	.	.	.	.	.	.	100.00	.	.	.	.	.	.	.	.	.	.	.	.	.	100.00	100.00	100.00	100.00	100.00	100.00	100.00	100.00	100.00	100.00	.	.	.	.	.	.	.	.	100.00	.	.	.	100.00	.	99.35	100.00	100.00	100.00	100.00	100.00	100.00	.	.	.	100.00	.	100.00	100.00	100.00	100.00	.	100.00	100.00	100.00	.	.	.	.	.	.	.	100.00	100.00	100.00	100.00	100.00	99.28	100.00	100.00	100.00	100.00	99.15	99.91	100.00	100.00	99.70	100.00	.	.	.	.	.	.	.	.	.	.	.	.	.	.	.	.	.	.	.	.	100.00	100.00	100.00	100.00	.	.	.	.	100.00	.	.	99.94	100.00	.	.	.	.	.	.	.	.	.	.	.	.	.	.	.	.	.	.	100.00	.	.	.	.	.	.	.	.	.	100.00	100.00	100.00	100.00	100.00	100.00	100.00	100.00	100.00	100.00	100.00;100.00	100.00	100.00	100.00;100.00	100.00	100.00	100.00	100.00	100.00	100.00	100.00	100.00	100.00	100.00	100.00	100.00	100.00	100.00	100.00	99.90	100.00	100.00	100.00	100.00	100.00	.	100.00	100.00	100.00	100.00	100.00	100.00	100.00	100.00	100.00	100.00	100.00	100.00	100.00	100.00	100.00	100.00	98.63	100.00	100.00	99.90	.	.	100.00	.	.	100.00	100.00	100.00	100.00	100.00	100.00	100.00	99.67	100.00	100.00	100.00	.	.	100.00	100.00	.	100.00	100.00	100.00	.	100.00	100.00	.	.	.	.	.	.	.	.	.	.	99.68	.	.	.	.	.	.	.	.	.	100.00	.	.	.	100.00	.	.	.	100.00	100.00	.	.	100.00	100.00	.	.	.	.	.	.	.	.	100.00	100.00	.	.	.	.	.	.	.	.	.	.	.	.	.	.	99.51	.	.	.	.	.	.	.	.	.	100.00	100.00	100.00	100.00	.	.	.	.	.	.	.	100.00	100.00	100.00	100.00	.	.	.	100.00	100.00	100.00	100.00	.	.	.	.	.	.	100.00	.	.	.	100.00	.	.	.	.	.	.	.	.	.	.	.	100.00	100.00	100.00	100.00	100.00	100.00	100.00	99.87	100.00	98.98	100.00	100.00	100.00	.
AI-5395_24_24_assembly_Abricate_ecoli_vf.tsv	184	.	.	.	.	.	.	.	.	.	.	.	.	.	.	.	.	.	.	.	.	.	.	.	.	.	.	.	.	.	.	.	.	.	.	.	.	.	.	.	.	.	.	.	.	.	.	100.00	.	100.00	.	.	.	.	.	.	.	.	.	.	.	.	.	.	.	.	.	.	.	.	.	.	.	.	.	100.00	.	.	.	.	100.00	100.00	100.00	100.00	100.00	.	.	100.00	.	.	.	.	.	100.00	.	100.00	100.00	100.00	100.00	100.00	100.00	100.00	100.00	100.00	100.00	100.00	100.00	100.00	.	.	.	.	.	.	100.00;100.00	100.00	.	.	.	100.00	.	.	.	.	.	.	.	.	.	.	100.00	.	.	.	.	.	.	.	97.20	.	.	.	.	.	.	.	.	.	100.00	100.00	100.00	100.00	100.00	100.00	.	.	.	.	.	.	.	.	.	.	.	.	100.00	.	99.35	100.00	100.00	100.00	100.00	100.00	100.00	.	.	.	100.00	.	100.00	100.00	100.00	100.00	.	100.00	100.00	99.97	.	.	.	.	.	.	.	100.00	100.00	100.00	100.00	100.00	99.28	100.00	100.00	99.55	100.00	99.15	99.91	100.00	100.00	99.70	100.00	.	.	.	.	.	.	.	.	.	.	.	.	.	.	.	.	.	.	.	.	98.42	100.00	99.94	100.00	.	.	.	.	100.00	.	.	99.94	100.00	.	.	.	.	.	.	.	.	.	.	.	.	.	.	.	.	.	.	100.00	.	.	.	.	.	.	.	.	.	100.00	100.00	100.00	100.00	100.00	100.00	100.00	100.00	100.00	100.00	100.00;100.00	100.00	100.00;100.00	100.00;100.00	100.00	100.00	100.00	100.00	100.00	100.00	100.00	100.00	100.00	100.00	100.00	100.00	100.00	100.00	100.00	99.90	100.00	100.00	100.00	100.00	100.00	.	100.00	100.00	100.00	100.00	100.00	100.00	100.00	100.00	100.00	100.00	100.00	100.00	100.00	100.00	100.00	100.00	100.00	100.00	100.00	99.90	.	.	100.00	.	.	.	.	.	.	.	.	.	.	.	.	.	.	.	100.00	99.91	.	100.00	100.00	100.00	.	100.00	100.00	100.00	.	.	100.00	100.00	100.00	100.00	100.00	.	.	100.00	100.00	100.00	100.00	100.00	100.00	.	.	.	.	.	.	.	.	100.00	.	.	.	100.00	100.00	.	.	100.00	100.00	.	.	.	.	.	.	.	.	100.00	100.00	.	.	.	.	.	.	.	.	.	.	.	.	.	.	.	.	.	.	.	.	.	.	.	.	100.00	100.00	100.00	100.00	.	.	.	.	.	.	.	100.00	100.00	100.00	100.00	.	.	100.00	100.00	100.00	100.00	100.00	.	.	.	.	100.00	.	100.00	.	.	.	100.00	.	.	.	.	.	.	.	.	.	.	.	100.00	100.00	100.00	100.00	100.00	100.00	100.00	99.87	100.00	98.98	100.00	100.00	.	.
AI-5395_25_25_assembly_Abricate_ecoli_vf.tsv	231	.	.	.	.	.	.	.	.	.	.	100.00	90.52	95.61	.	.	.	.	.	.	.	.	.	.	.	.	.	.	.	.	.	.	.	.	.	.	.	.	.	.	.	.	.	.	.	.	.	100.00	.	100.00	100.00	.	100.00	.	.	.	.	.	.	.	.	.	.	.	.	.	.	.	.	.	.	.	.	.	.	.	.	.	.	.	100.00	100.00	100.00	100.00	100.00	.	.	100.00	.	.	.	.	.	98.83;99.95	.	98.00	100.00	100.00	100.00	100.00	100.00	100.00	100.00	100.00	100.00	100.00	99.86	100.00	.	.	.	.	.	.	.	100.00	100.00	.	.	100.00	100.00	.	.	.	.	.	.	.	.	.	100.00	100.00;100.00	80.05	.	99.94	.	.	.	.	.	.	.	.	.	.	.	.	.	100.00	100.00	100.00	100.00	100.00	100.00	100.00	100.00	100.00	100.00	100.00	100.00	100.00	100.00	100.00	.	.	.	100.00	.	100.00	100.00	100.00	100.00	100.00	100.00	100.00	100.00	.	.	100.00	81.14	100.00	100.00	100.00	100.00	.	.	.	100.00	100.00	100.00	100.00	100.00	100.00	100.00	100.00	100.00	100.00	100.00	100.00	100.00	99.28	100.00	100.00	100.00	100.00	98.72	100.00	99.73	100.00	100.00	100.00	.	.	.	.	.	.	.	.	.	.	.	.	.	.	.	.	.	.	.	.	100.00	100.00	100.00	99.29	100.00	.	.	.	100.00	99.95	99.58	100.00	100.00	97.56	100.00	100.00	100.00	99.12	.	.	.	.	.	.	.	.	.	.	.	.	.	100.00	.	.	.	.	.	.	.	.	.	100.00	100.00	100.00	100.00	100.00	100.00	100.00	100.00	100.00	100.00	100.00;100.00	100.00	100.00;100.00	100.00;100.00	100.00	99.25	100.00	100.00	100.00	100.00	100.00	100.00	100.00	100.00	100.00	100.00	100.00	100.00	100.00	100.00	100.00	100.00	100.00	98.98	100.00	.	100.00	100.00	100.00	100.00	100.00	100.00	100.00	100.00	100.00	100.00	100.00	100.00	100.00	100.00	100.00	100.00	100.00	100.00	100.00	100.00	.	.	100.00	.	.	100.00	100.00	100.00	100.00	100.00	100.00	100.00	99.67	100.00	100.00	99.63	100.00	100.00	100.00	100.00	.	100.00	100.00	100.00	.	99.86	100.00	100.00	100.00	.	100.00	100.00	100.00	100.00	100.00	.	.	99.68;100.00	100.00	100.00	100.00	100.00	100.00	100.00	.	.	.	.	.	.	100.00	100.00	100.00	100.00	.	100.00	100.00	.	.	100.00	100.00	.	.	.	.	.	.	100.00	.	100.00	100.00	.	.	.	.	.	.	.	.	.	.	.	.	.	.	.	.	.	.	.	.	.	.	.	100.00	100.00	100.00	100.00	100.00	.	.	.	.	.	.	.	100.00	100.00	100.00	100.00	.	.	.	.	.	.	100.00	.	99.74;100.00	.	.	100.00	.	.	.	.	.	.	.	.	.	.	.	.	.	.	.	.	.	100.00	100.00	100.00	100.00	100.00	100.00	100.00	99.62	100.00	98.98	100.00	100.00	100.00	.
AI-5395_26_26_assembly_Abricate_ecoli_vf.tsv	194	.	.	.	.	.	.	.	.	.	.	.	.	.	.	.	.	.	.	.	.	.	.	.	.	.	.	.	.	.	.	.	.	.	.	.	.	.	.	.	.	.	.	.	.	.	.	100.00	.	.	.	.	.	.	.	.	.	.	.	.	.	.	.	.	.	.	.	.	.	.	.	.	.	.	.	.	.	.	.	.	.	.	100.00	100.00	100.00	100.00	.	100.00	.	.	.	.	.	.	.	.	.	.	.	.	.	.	.	.	.	.	.	.	.	.	.	.	.	.	99.94	100.00	100.00	100.00	.	.	100.00	.	.	.	.	.	.	.	.	.	100.00	100.00;100.00	.	94.42	100.00	.	.	.	.	.	.	.	.	.	100.00	100.00	99.96	98.89	100.00	100.00	100.00	100.00	100.00	100.00	100.00	100.00	100.00	100.00	100.00	100.00	100.00	100.00	.	.	.	.	.	100.00	99.35	100.00	100.00	100.00	100.00	100.00	100.00	.	.	.	100.00	.	100.00	100.00	100.00	100.00	100.00	100.00	.	.	.	.	.	.	.	.	.	100.00	99.77	100.00	82.23	100.00	99.28	100.00	.	.	.	.	.	.	.	.	.	.	.	.	.	.	.	.	.	.	.	.	.	.	.	.	.	.	.	.	.	100.00	100.00	.	99.29	100.00	.	.	.	.	.	100.00	100.00	.	.	100.00	.	99.79	.	.	.	.	.	.	.	.	.	.	.	.	.	.	.	.	.	.	100.00	100.00	100.00	100.00	100.00	100.00	100.00	100.00	100.00	100.00	100.00	100.00	100.00	100.00	100.00	100.00	100.00	100.00	100.00;100.00	100.00;100.00	100.00	99.25	100.00	100.00	100.00	100.00	100.00	100.00	100.00	100.00	100.00	100.00	100.00	100.00	100.00	100.00	100.00	100.00	100.00	98.98	100.00	.	.	100.00	100.00	100.00	100.00	100.00	100.00	100.00	100.00	100.00	100.00	100.00	100.00	100.00	100.00	100.00	98.63	100.00	100.00	100.00	.	.	100.00	.	.	100.00	100.00	100.00	100.00	100.00	100.00	100.00	99.67	100.00	100.00	99.81	.	.	.	100.00	.	100.00	100.00	100.00	.	100.00	100.00	.	100.00	.	.	.	.	.	.	.	.	99.68	100.00	100.00	100.00	100.00	100.00	100.00	100.00	.	.	.	100.00	.	.	.	.	.	.	100.00	100.00	.	.	100.00	100.00	.	.	.	.	.	.	100.00	.	.	.	.	.	100.00	100.00	100.00	100.00	100.00	100.00	100.00	100.00	87.91	100.00	100.00	100.00	.	.	.	.	.	.	.	.	.	.	100.00	100.00	100.00	100.00	.	.	.	.	.	.	.	100.00	100.00	100.00	100.00	.	.	100.00	100.00	100.00	.	100.00	.	100.00	.	.	100.00	98.80	.	.	.	.	.	.	.	.	.	.	.	.	.	.	.	.	100.00	100.00	100.00	100.00	96.84	100.00	100.00	100.00	100.00	.	.	100.00	100.00	.
AI-5395_27_27_assembly_Abricate_ecoli_vf.tsv	214	.	.	.	.	.	.	.	.	98.46;91.38	93.98;95.83	100.00	100.00	97.66;95.69	100.00	100.00	100.00;100.00;100.00	100.00;100.00;100.00	100.00;100.00;100.00	.	.	.	.	.	.	.	.	.	.	.	.	.	.	.	.	.	.	.	.	.	.	.	.	.	.	.	.	100.00	100.00	100.00	100.00	.	.	.	.	.	.	.	.	.	.	.	.	.	.	.	.	.	.	.	100.00	100.00	.	.	.	.	.	.	.	.	.	.	.	100.00	100.00	100.00	.	100.00	.	.	.	.	.	85.22	100.00	100.00	100.00	100.00	100.00	100.00	100.00	100.00	100.00	100.00	100.00	100.00	100.00	100.00	100.00	100.00	.	.	.	.	.	100.00	100.00	.	.	100.00	100.00	.	.	.	.	.	.	.	.	.	100.00	99.90;100.00	.	.	.	.	.	.	.	.	.	.	.	.	.	.	.	.	100.00	100.00	100.00	100.00	100.00	100.00	100.00	100.00	100.00	100.00	100.00	100.00	100.00	100.00	.	.	.	.	100.00	.	99.35	100.00	100.00	100.00	100.00	100.00	100.00	.	.	.	100.00	.	99.68	100.00	100.00	100.00	.	100.00	100.00	100.00	100.00	100.00	100.00	100.00	100.00	100.00	100.00	100.00	100.00	100.00	100.00	100.00	99.25	100.00	100.00	100.00	100.00	99.15	100.00	99.73	100.00	100.00	100.00	.	.	.	.	.	.	.	.	.	.	.	.	.	.	.	.	.	.	.	.	100.00	100.00	100.00	99.44	100.00	.	99.47	.	100.00	.	100.00	100.00	100.00	99.87	96.49	100.00	100.00	.	.	.	.	.	.	.	.	.	.	.	.	.	.	100.00	.	.	.	.	.	.	.	.	.	100.00	100.00	100.00	100.00	100.00	100.00	100.00	100.00	100.00	100.00	100.00	100.00	100.00;100.00	100.00;100.00	100.00	100.00	100.00	100.00	100.00	100.00	100.00	100.00	100.00	100.00	100.00	100.00	100.00	100.00	100.00	100.00	100.00	100.00	100.00	98.98	100.00	.	100.00	100.00	100.00	100.00	100.00	100.00	100.00	100.00	100.00	100.00	100.00	100.00	100.00	100.00	100.00	100.00	100.00	100.00	100.00	100.00	.	.	100.00	.	.	100.00	100.00	100.00	100.00	100.00	100.00	100.00	99.67	100.00	100.00	97.58	.	.	.	100.00	.	100.00	100.00	100.00	.	99.86	100.00	.	100.00	.	.	.	.	.	.	.	.	.	.	.	.	.	.	100.00	100.00	.	.	.	.	.	.	100.00	.	.	.	100.00	100.00	.	.	100.00	100.00	.	.	.	.	.	100.00	.	.	100.00	100.00	.	.	.	.	.	.	.	.	.	.	.	.	.	.	.	.	.	.	100.00;100.00;100.00;100.00	.	.	.	.	100.00	100.00	100.00	100.00	100.00	.	.	.	.	.	99.80;99.80;99.80;99.80	100.00;86.39;86.39;86.21	.	.	.	.	.	.	100.00	100.00	100.00	.	100.00	.	100.00	.	.	.	.	.	.	.	.	.	.	.	.	.	.	.	.	.	.	.	.	.	.	.	.	.	.	.	99.62	100.00	100.00	100.00	100.00	100.00	.
AI-5395_28_28_assembly_Abricate_ecoli_vf.tsv	206	.	.	.	.	.	.	100.00	100.00	.	.	.	.	.	.	.	.	.	.	.	.	.	.	.	.	.	.	.	.	.	.	.	.	.	.	.	.	.	100.00	.	.	.	.	.	.	.	.	100.00	.	100.00	.	100.00	.	.	.	.	.	.	.	.	.	.	100.00	.	.	.	.	.	.	.	.	.	.	100.00	.	.	.	.	.	.	.	.	100.00	.	.	.	.	100.00	.	.	.	.	.	100.00	.	.	.	.	.	.	.	.	.	.	.	.	.	.	.	.	.	.	.	.	.	100.00	.	.	.	100.00	100.00	.	.	.	.	.	.	.	.	.	100.00	.	.	.	.	.	.	.	.	100.00	100.00	100.00	100.00	100.00	.	.	.	.	100.00	100.00	100.00	100.00	100.00	100.00	.	.	.	.	.	.	.	.	.	.	.	.	.	.	99.35	100.00	100.00	100.00	100.00	100.00	100.00	.	.	.	.	.	.	.	.	.	.	.	.	100.00	.	.	.	.	.	.	.	100.00	100.00	100.00	100.00	100.00	99.28	100.00	100.00	100.00	100.00	99.15	99.82	100.00	100.00	100.00	100.00	100.00	100.00	100.00	100.00	100.00	100.00	100.00	100.00	100.00	100.00	100.00	100.00	100.00	100.00	100.00	100.00	82.20	100.00	100.00	100.00	100.00	.	99.94	99.92	.	100.00	.	100.00	99.86	.	.	99.94	100.00	.	.	.	.	.	100.00	100.00	99.80	.	100.00	99.28	100.00	100.00	100.00	100.00	97.86	100.00	97.01	100.00	.	.	.	.	.	.	.	.	.	100.00	100.00	100.00	100.00	100.00	100.00	100.00	100.00	100.00	100.00	100.00	100.00	99.06;100.00	100.00;100.00	100.00	99.25	100.00	100.00	100.00	100.00	100.00	100.00	100.00	100.00	100.00	100.00	100.00	100.00	100.00	99.90	100.00	100.00	100.00	100.00	100.00	.	.	100.00	100.00	100.00	100.00	100.00	100.00	100.00	100.00	100.00	100.00	100.00	100.00	100.00	100.00	94.65	100.00	100.00	100.00	100.00	.	.	100.00	100.00	100.00	100.00	100.00	100.00	100.00	100.00	100.00	100.00	99.67	100.00	100.00	100.00	100.00	.	.	98.86	.	100.00	100.00	100.00	.	99.93	100.00;100.00	.	.	.	.	.	.	.	.	.	.	99.68	.	.	.	.	.	.	.	.	100.00	.	.	100.00	.	.	.	.	.	100.00	100.00	100.00	.	100.00	100.00	.	.	100.00	100.00	99.89	.	.	100.00	100.00	100.00	.	.	.	.	.	.	.	.	.	.	.	.	.	.	.	.	.	.	.	.	.	.	.	.	100.00	100.00	100.00	100.00	.	.	100.00	100.00	100.00	.	.	.	.	.	.	99.91	99.85	.	.	.	.	100.00	97.65	.	98.92	.	100.00	.	.	.	.	.	.	100.00	.	.	.	.	.	.	.	.	.	.	100.00	100.00	.	100.00	100.00	100.00	100.00	100.00	100.00	98.98	100.00	100.00	100.00	.
AI-5395_29_29_assembly_Abricate_ecoli_vf.tsv	225	.	.	.	.	.	.	.	.	.	.	100.00	90.52	95.61	.	.	.	.	.	.	.	.	.	.	.	.	.	.	.	.	.	.	.	.	.	.	.	.	.	.	.	.	.	.	.	.	.	100.00	.	100.00	100.00	.	100.00	.	.	.	.	.	.	.	.	.	.	.	.	.	.	.	.	.	.	.	.	.	.	.	.	.	.	.	100.00	100.00	100.00	100.00	100.00	100.00	.	100.00	.	.	.	.	.	.	.	98.00	100.00	100.00	100.00	100.00	100.00	100.00	100.00	100.00	100.00	100.00	99.86	100.00	.	.	100.00	100.00	100.00	100.00	99.94	100.00	100.00	.	.	100.00	100.00	.	.	.	.	.	.	.	.	.	100.00	100.00;100.00	80.05	.	.	.	.	.	.	.	.	.	.	.	.	.	.	.	100.00	100.00	100.00	100.00	100.00	100.00	100.00	100.00	100.00	100.00	100.00	100.00	100.00	100.00	.	.	.	.	100.00	.	99.35	99.79	100.00	100.00	100.00	100.00	100.00	.	100.00	100.00	100.00	.	99.68	100.00	100.00	100.00	.	100.00	.	100.00	100.00	100.00	100.00	100.00	100.00	100.00	100.00	100.00	100.00	100.00	100.00	100.00	99.28	100.00	100.00	100.00	100.00	98.72	100.00	99.73	100.00	100.00	100.00	.	.	.	.	.	.	.	.	.	.	.	.	.	.	.	.	.	.	.	.	100.00	100.00	100.00	99.44	100.00	.	97.19	.	100.00	.	100.00	100.00	100.00	99.47	100.00	100.00	100.00	.	.	.	.	.	.	.	.	.	.	.	.	.	.	100.00	.	.	.	.	.	.	.	.	.	100.00	100.00	100.00	100.00	100.00	100.00	100.00	.	.	.	.	.	100.00	100.00	.	.	100.00	100.00	100.00	100.00	100.00	100.00	100.00	100.00	100.00	100.00	100.00	100.00	100.00	100.00	100.00	100.00	100.00	98.98	100.00	.	100.00	100.00	100.00	100.00	100.00	100.00	100.00	100.00	100.00	100.00	100.00	100.00	100.00	100.00	100.00	100.00	100.00	100.00	100.00	100.00	.	100.00	100.00	.	.	100.00	100.00	100.00	100.00	100.00	100.00	100.00	99.67	100.00	100.00	99.81	.	.	100.00	100.00	99.95	100.00	100.00	100.00	.	99.86	100.00	.	100.00	.	.	.	.	.	.	100.00	100.00	.	100.00	100.00	100.00	100.00	100.00	100.00	100.00	.	.	.	.	.	.	100.00	.	.	.	100.00	100.00	.	.	100.00	100.00	.	.	.	.	.	.	.	.	100.00	100.00	.	.	.	.	.	.	.	.	.	.	.	.	.	100.00	.	.	.	.	.	.	.	.	.	100.00	100.00	.	100.00	100.00	.	.	.	.	.	.	.	.	.	.	.	.	.	.	.	.	.	100.00	.	.	.	99.83	100.00	.	.	.	.	.	100.00	100.00	.	.	100.00	100.00	100.00	100.00	100.00	100.00	100.00	100.00	100.00	100.00	100.00	99.81	100.00	100.00	100.00	99.62	100.00	98.98	100.00	100.00	100.00	.
AI-5395_2_2_assembly_Abricate_ecoli_vf.tsv	175	.	.	.	.	.	.	.	.	.	.	.	.	.	.	.	.	.	.	.	.	.	.	.	.	.	.	.	.	.	.	.	.	.	.	.	.	.	.	.	.	.	.	.	.	.	.	100.00	.	100.00	.	.	.	.	.	.	.	.	.	.	.	.	.	.	.	.	.	.	.	.	.	.	100.00	.	.	.	.	.	.	.	100.00	100.00	100.00	.	.	.	.	100.00	.	.	.	.	.	100.00	.	100.00	100.00	100.00	100.00	100.00	100.00	100.00	100.00	100.00	100.00	100.00	100.00	100.00	.	.	.	.	.	.	.	100.00	100.00	100.00	.	100.00	100.00	.	.	.	.	.	.	.	.	.	.	.	80.05	.	.	.	.	.	.	.	.	.	.	.	.	.	.	.	100.00	100.00	100.00	100.00	100.00	100.00	.	.	.	.	.	.	.	.	95.27	.	.	.	100.00	.	99.35	100.00	100.00	100.00	100.00	100.00	100.00	100.00	.	.	100.00	.	100.00	100.00	100.00	100.00	100.00	.	.	.	.	.	.	.	.	.	.	100.00	100.00	100.00	100.00	100.00	99.28	100.00	100.00	100.00	100.00	.	.	.	.	.	100.00	.	.	.	.	.	.	.	.	.	.	.	.	.	.	.	.	.	.	.	.	100.00	99.95	100.00	99.85	.	.	.	.	100.00	.	.	99.94	100.00	99.87	.	.	.	.	.	.	.	.	.	.	.	.	.	.	.	.	.	.	.	.	.	.	.	.	.	.	.	100.00	100.00	100.00	100.00	100.00	100.00	100.00	100.00	100.00	100.00	100.00	100.00	100.00;100.00	100.00;100.00	100.00	99.25	100.00	100.00	100.00	100.00	100.00	100.00	100.00	100.00	100.00	100.00	100.00	100.00	100.00	99.90	100.00	100.00	100.00	100.00	100.00	.	100.00	.	.	.	.	.	.	.	.	.	.	.	.	.	.	100.00	97.54	100.00	100.00	100.00	.	.	100.00	.	.	100.00	100.00	100.00	100.00	100.00	99.82	100.00	100.00	100.00	100.00	100.00	100.00	100.00	.	100.00	.	100.00	100.00	100.00	.	99.93	100.00	100.00	.	.	100.00	100.00	100.00	100.00	100.00	.	.	100.00	100.00	100.00	100.00	100.00	100.00	.	.	.	.	.	.	.	.	.	98.82	.	.	100.00	100.00	.	.	100.00	100.00	.	.	.	.	.	.	.	.	100.00	100.00	.	.	.	.	.	.	.	.	.	.	.	.	.	.	.	.	.	.	.	.	.	.	.	.	100.00	100.00	100.00	100.00	.	.	.	.	.	.	.	100.00	100.00	100.00	100.00	.	.	.	.	.	.	100.00	.	100.00	.	99.83	100.00;100.00	.	.	.	.	.	100.00	.	.	.	.	.	.	.	.	.	.	.	100.00	100.00	100.00	100.00	100.00	100.00	100.00	99.87	100.00	98.98	100.00	100.00	100.00	100.00
AI-5395_30_30_assembly_Abricate_ecoli_vf.tsv	211	.	.	.	.	.	.	.	.	.	.	.	.	.	.	.	.	.	.	99.45	.	.	.	.	.	.	.	100.00	.	.	100.00	100.00	.	100.00	100.00	100.00	100.00	.	.	.	.	.	.	.	.	.	.	100.00	.	100.00	.	.	.	100.00	100.00	100.00	.	100.00	99.52	100.00	.	.	.	.	.	.	.	.	.	.	.	.	100.00	.	.	.	.	.	.	.	100.00	100.00	100.00	100.00	100.00	.	100.00	100.00	.	.	.	.	.	100.00	.	100.00	100.00	100.00	100.00	100.00	100.00	100.00	100.00	100.00	100.00	100.00	100.00	100.00	.	.	.	.	.	.	.	100.00	.	.	.	100.00	100.00	.	.	.	.	.	99.93	.	.	.	100.00	.	80.05	.	.	.	.	.	.	.	.	.	.	.	100.00	100.00	100.00	100.00	100.00	100.00	100.00	100.00	100.00	100.00	.	.	.	.	.	.	.	.	.	100.00	99.63	99.87	100.00	.	99.35	100.00	100.00	100.00	100.00	100.00	100.00	.	.	.	100.00	.	100.00	100.00	100.00	100.00	.	100.00	100.00	100.00	.	.	.	.	.	.	.	100.00	100.00	100.00	100.00	100.00	99.28	100.00	100.00	100.00	100.00	99.15	99.82	99.86	100.00	99.70	100.00	.	.	.	.	.	.	.	.	.	.	.	.	.	.	.	.	.	.	.	.	100.00	100.00	100.00	100.00	.	.	.	.	100.00	.	.	99.94	100.00	.	.	.	.	.	.	.	.	.	.	.	.	.	.	.	.	.	.	100.00	100.00	99.79	99.77	.	.	.	.	.	.	100.00	100.00	100.00	100.00	100.00	100.00	100.00	100.00	100.00	100.00	100.00;100.00	100.00	100.00	100.00;100.00	100.00	100.00;100.00	100.00	100.00	100.00	100.00	100.00	100.00	100.00	100.00	100.00	100.00	100.00	100.00	100.00	99.90	100.00	100.00	100.00	100.00	100.00	.	.	100.00	100.00	100.00	100.00	100.00	100.00	100.00	100.00	100.00	100.00	100.00	100.00	100.00	100.00	94.65	100.00	100.00	100.00	100.00	.	.	100.00	.	.	100.00	100.00	100.00	100.00	100.00	100.00	100.00	100.00	100.00	100.00	100.00	.	.	100.00	99.91	.	100.00	100.00	100.00	.	100.00	100.00	.	.	.	.	.	.	.	.	.	.	97.41	.	.	.	.	.	.	.	.	.	.	.	.	.	100.00	.	.	.	100.00	100.00	.	.	100.00	100.00	.	.	.	.	.	.	100.00	.	99.66	100.00	.	.	.	.	.	.	.	.	.	.	.	.	.	.	.	.	.	.	.	.	.	.	.	.	100.00	100.00	100.00	100.00	.	.	.	.	.	.	.	100.00	100.00	100.00	100.00	.	.	100.00	100.00	100.00	100.00	100.00	.	.	.	.	99.04	.	100.00	.	.	.	100.00	.	.	.	.	.	.	.	.	.	.	.	100.00	100.00	100.00	100.00	100.00	100.00	100.00	99.87	100.00	98.98	100.00	100.00	100.00	.
AI-5395_31_31_assembly_Abricate_ecoli_vf.tsv	188	.	.	.	.	.	.	.	.	.	.	.	.	.	.	.	.	.	.	.	.	.	.	.	.	.	.	.	.	.	.	.	.	.	.	.	.	.	.	.	.	.	.	.	.	.	.	100.00	.	100.00	100.00	.	.	.	.	.	.	.	.	.	.	.	.	.	.	.	.	.	.	.	.	.	.	.	.	.	.	.	.	.	.	.	100.00	100.00	100.00	.	100.00	100.00	100.00	.	.	.	.	.	.	.	.	.	.	.	.	.	.	.	.	.	100.00	100.00	.	.	.	.	.	.	.	100.00	100.00	.	.	100.00	100.00	.	.	.	.	.	.	.	.	.	100.00	100.00	.	.	.	.	.	.	.	.	.	.	.	.	.	.	.	.	100.00	100.00	100.00	100.00	100.00	100.00	100.00	100.00	100.00	100.00	100.00	100.00	100.00	100.00	100.00	.	.	.	.	.	99.35	100.00	100.00	100.00	100.00	100.00	100.00	.	.	.	100.00	81.14	100.00	100.00	100.00	100.00	100.00	100.00	.	100.00	100.00	100.00	100.00	100.00	100.00	100.00	100.00	100.00	100.00	100.00	100.00	100.00	99.28	100.00	100.00	100.00	100.00	99.15	100.00	100.00	100.00	100.00	100.00	.	.	.	.	.	.	.	.	.	.	.	.	.	.	.	.	.	.	.	.	100.00	100.00	100.00	99.44	100.00	.	98.51	.	100.00	100.00	100.00	100.00	100.00	.	100.00	100.00	100.00	99.75	.	.	.	.	.	.	.	.	.	.	.	.	.	100.00	.	.	.	.	.	.	.	.	.	100.00	100.00	100.00	100.00	100.00	100.00	100.00	.	.	.	100.00	.	100.00	100.00;100.00	100.00	.	100.00	100.00	100.00	100.00	100.00	100.00	100.00	100.00	100.00	100.00	100.00	100.00	100.00	100.00	100.00	100.00	100.00	100.00	100.00	.	100.00	100.00	100.00	100.00	100.00	100.00	100.00	100.00	100.00	100.00	100.00	100.00	100.00	100.00	100.00	100.00	100.00	100.00	100.00	100.00	.	.	100.00	.	.	100.00	100.00	100.00	100.00	100.00	100.00	100.00	99.67	100.00	100.00	100.00	.	.	.	100.00	.	100.00	100.00	100.00	.	100.00	100.00	.	100.00	.	.	.	.	.	.	.	.	99.68	.	.	.	.	.	.	.	.	.	.	.	.	.	.	.	.	.	100.00	100.00	.	.	100.00	100.00	.	.	.	.	.	.	.	.	100.00	100.00	.	.	.	.	.	.	.	.	.	.	.	.	.	.	99.85	.	.	.	.	.	.	.	.	100.00	100.00	99.58	100.00	100.00	.	.	.	.	.	.	.	.	.	.	.	.	.	100.00	100.00	100.00	100.00	100.00	.	.	.	.	.	.	.	.	.	.	.	100.00	.	.	.	.	.	.	.	.	.	.	100.00	100.00	100.00	100.00	100.00	100.00	100.00	99.62	100.00	98.98	100.00	100.00	100.00	.
AI-5395_32_32_assembly_Abricate_ecoli_vf.tsv	156	.	.	.	.	.	.	.	.	.	.	.	100.00	94.81	.	.	.	.	.	.	.	.	.	.	.	.	.	.	.	.	.	.	.	.	.	.	.	.	.	.	.	.	.	.	.	.	.	100.00	.	100.00	.	.	.	.	.	.	.	.	.	.	.	.	.	.	.	.	.	.	.	.	.	.	.	.	.	.	.	.	.	.	.	.	100.00	.	.	.	.	100.00	.	100.00	.	.	.	.	.	.	.	.	.	.	.	.	.	.	.	.	100.00	100.00	.	.	.	.	.	.	.	100.00	100.00	.	.	100.00	.	.	.	.	.	.	.	.	.	.	100.00	.	80.05	.	.	.	.	.	.	.	.	.	.	.	.	.	.	.	100.00	100.00	100.00	100.00	100.00	100.00	.	.	.	.	.	.	.	.	.	.	.	.	.	.	99.35	100.00	100.00	100.00	100.00	100.00	100.00	100.00	.	.	.	.	.	.	.	.	.	.	.	98.99	.	.	.	.	.	.	.	100.00	100.00	100.00	100.00	100.00	99.28	100.00	100.00	100.00	100.00	99.15	99.91	100.00	100.00	100.00	100.00	.	.	.	.	.	.	.	.	.	.	.	.	.	.	.	.	.	.	.	.	100.00	100.00	100.00	.	.	.	.	.	99.93	.	.	99.94	100.00	99.87	.	.	.	.	.	.	.	.	.	.	.	.	.	.	.	.	.	100.00	.	.	.	.	.	.	.	.	.	100.00	100.00	100.00	100.00	100.00	100.00	100.00	.	.	.	.	.	100.00	100.00	.	.	100.00	100.00	100.00	100.00	100.00	100.00	100.00	100.00	100.00	100.00	100.00	100.00	100.00	99.90	100.00	100.00	100.00	100.00	100.00	.	100.00	100.00	100.00	100.00	100.00	100.00	100.00	100.00	100.00	100.00	100.00	100.00	100.00	100.00	100.00	100.00	100.00	100.00	100.00	100.00	.	.	100.00	.	.	.	.	.	.	.	.	.	.	.	.	100.00	100.00	100.00	.	100.00	.	100.00	100.00	100.00	.	100.00	100.00	100.00	.	.	100.00	100.00	100.00	100.00	100.00	.	.	100.00	100.00	100.00	100.00	100.00	100.00	.	.	.	.	.	.	.	.	.	100.00	.	.	100.00	100.00	.	.	100.00	100.00	.	.	.	.	.	.	.	.	99.83	100.00	.	.	.	100.00	.	.	.	.	.	.	97.06	.	.	.	.	.	.	.	.	.	.	.	.	.	100.00	100.00	99.82	100.00	.	.	.	.	.	.	.	100.00	100.00	100.00	100.00	.	.	.	.	.	.	100.00	.	100.00	.	.	100.00;100.00	.	.	.	.	.	.	.	.	.	.	.	.	.	.	.	.	.	100.00	100.00	100.00	100.00	100.00	100.00	100.00	99.87	100.00	98.98	100.00	89.09	.	100.00
AI-5395_33_33_assembly_Abricate_ecoli_vf.tsv	192	.	.	.	.	.	100.00	.	.	.	.	.	100.00	.	100.00	.	.	.	.	.	.	.	.	.	.	.	.	.	.	.	.	.	.	.	.	.	.	100.00	.	.	.	.	.	.	.	.	.	100.00	.	100.00	.	.	.	.	.	.	.	.	.	.	.	.	.	.	.	.	.	.	.	.	.	.	.	.	.	.	.	.	.	.	100.00	100.00	100.00	.	100.00	.	.	100.00	.	.	.	.	.	100.00	.	100.00	100.00	100.00	100.00	100.00	100.00	100.00	100.00	100.00	100.00	100.00	100.00	100.00	.	.	.	.	.	.	.	100.00	.	.	.	100.00	100.00	.	.	.	.	.	.	.	.	.	100.00	100.00	.	93.64	100.00	100.00	100.00	100.00	.	.	.	.	.	.	100.00	100.00	100.00	100.00	100.00	100.00	100.00	100.00	100.00	100.00	.	.	.	.	.	.	.	.	.	.	.	.	100.00	.	99.35	100.00	100.00	100.00	100.00	100.00	100.00	.	.	.	100.00	.	100.00	100.00	100.00	100.00	.	100.00	100.00	99.90	.	.	.	.	.	.	.	100.00	100.00	100.00	100.00	100.00	99.28	100.00	100.00	100.00	100.00	99.15	99.82	100.00	100.00	99.70	100.00	.	.	.	.	.	.	.	.	.	.	.	.	.	.	.	.	.	.	.	.	100.00	100.00	99.94	100.00	.	.	.	.	100.00	.	.	99.94	100.00	.	.	.	.	.	.	.	.	.	.	.	.	.	.	.	.	.	.	100.00	.	.	.	.	.	.	.	.	.	100.00	100.00	100.00	100.00	100.00	100.00	100.00	100.00	100.00	100.00	100.00;100.00	100.00	100.00;100.00	100.00;100.00	100.00	100.00;100.00	100.00	100.00	100.00	100.00	100.00	100.00	100.00	100.00	100.00	100.00	100.00	100.00	100.00	99.90	100.00	100.00	100.00	100.00	100.00	.	.	100.00	100.00	100.00	100.00	100.00	100.00	100.00	100.00	100.00	100.00	100.00	100.00	100.00	100.00	100.00	100.00	100.00	100.00	100.00	.	.	100.00	.	.	100.00	100.00	100.00	100.00	100.00	100.00	100.00	100.00	100.00	100.00	100.00	.	.	100.00	99.91	.	100.00	100.00	100.00	.	100.00	100.00	.	.	.	.	.	.	.	.	.	.	97.41;97.41	.	.	.	.	.	.	.	.	.	.	.	.	.	100.00	.	.	.	100.00	100.00	.	.	100.00	100.00	.	.	.	.	.	.	100.00	.	100.00	100.00	.	.	.	.	.	.	.	.	.	.	.	.	.	.	.	.	.	.	100.00	.	.	.	.	.	100.00	100.00	100.00	100.00	.	.	.	.	.	99.24	.	.	.	.	.	.	.	100.00	100.00	100.00	100.00	100.00	.	.	.	.	.	.	.	.	.	.	100.00	.	.	.	.	.	.	.	.	.	.	.	100.00	100.00	100.00	100.00	100.00	100.00	100.00	99.87	100.00	98.98	100.00	100.00	100.00	.
AI-5395_34_34_assembly_Abricate_ecoli_vf.tsv	222	.	.	.	.	.	.	.	.	.	.	.	.	.	.	.	.	.	.	.	.	.	.	.	.	.	.	.	.	.	.	.	.	.	.	.	.	.	.	.	.	.	.	.	.	.	.	100.00	.	100.00	.	.	.	.	.	.	.	.	.	.	.	.	.	.	.	.	.	.	.	.	.	.	.	.	.	100.00	.	.	.	.	100.00	100.00	100.00	100.00	100.00	.	100.00	100.00	.	.	100.00	.	.	99.95	.	100.00	100.00	100.00	100.00	100.00	100.00	100.00	100.00	100.00	100.00	100.00	100.00	100.00	.	.	.	.	.	.	100.00	100.00	.	100.00	.	100.00	100.00	.	.	.	.	.	.	.	.	.	100.00	100.00	80.05	.	.	.	.	.	.	.	.	.	.	.	100.00	100.00	100.00	100.00	100.00	100.00	100.00	100.00	100.00	100.00	.	.	.	.	.	.	.	.	100.00	.	.	.	100.00	.	99.35	100.00	100.00	100.00	100.00	100.00	100.00	100.00	.	.	100.00	.	100.00	100.00	100.00	100.00	.	100.00	100.00	98.99	.	.	.	.	.	.	.	100.00	100.00	100.00	100.00	100.00	99.28	100.00	100.00	100.00	100.00	99.15	99.91	100.00	100.00	99.70	100.00	.	.	.	.	.	.	.	.	.	.	.	.	.	.	.	.	.	.	.	.	100.00	100.00	99.94	100.00	.	.	.	.	99.93	.	.	99.94	100.00	.	.	.	.	.	.	.	.	.	.	.	.	.	.	.	.	.	.	100.00	.	.	.	.	.	.	.	.	.	100.00	100.00	100.00	100.00	100.00	100.00	100.00	100.00	100.00	100.00	100.00;100.00	100.00	100.00	100.00;100.00	100.00	100.00	100.00	100.00	100.00	100.00	100.00	100.00	100.00	100.00	100.00	100.00	100.00	100.00	100.00	99.90	100.00	100.00	100.00	100.00	100.00	.	100.00;100.00	100.00;99.68	100.00;100.00	100.00;100.00	100.00;100.00	100.00;99.64	100.00;100.00	100.00;100.00	100.00;100.00	100.00;100.00	100.00;100.00	100.00;100.00	100.00;100.00	100.00;100.00	100.00;99.87	100.00;100.00	98.63;98.63	100.00	100.00	99.90	.	100.00	100.00	.	.	100.00	100.00	100.00	100.00	100.00	100.00	100.00	99.67	100.00	100.00	100.00	.	100.00	100.00	100.00	.	100.00	100.00	100.00	.	100.00	100.00	100.00	.	.	100.00	100.00	100.00	100.00	100.00	100.00	100.00	99.68;100.00;99.68;99.68	100.00	100.00	100.00	100.00	100.00	.	.	.	.	100.00	.	.	.	100.00	100.00	.	.	100.00	100.00	.	.	100.00	100.00	.	.	.	.	.	.	100.00	.	99.83	100.00	.	.	.	.	.	.	.	.	.	.	.	.	.	.	.	.	.	.	.	.	.	.	.	.	100.00	100.00	100.00	100.00	.	.	.	.	.	.	.	100.00	100.00	100.00	100.00	.	.	.	100.00	100.00	100.00	100.00	.	99.74	.	.	100.00	.	100.00	.	.	.	100.00	.	.	.	100.00	100.00	100.00	100.00	100.00	100.00	100.00	100.00	100.00	100.00	100.00	100.00	100.00	100.00	100.00	99.87	100.00	98.98	100.00	100.00	100.00	.
AI-5395_35_35_assembly_Abricate_ecoli_vf.tsv	199	.	.	.	.	.	.	.	.	.	.	.	.	.	.	.	.	.	.	.	.	.	100.00	.	.	.	.	.	.	.	.	.	.	.	.	.	.	.	.	.	.	.	.	.	.	.	.	100.00	.	100.00	.	.	100.00	.	.	.	.	.	.	.	100.00	.	.	.	.	.	.	.	.	.	.	.	.	.	.	.	.	.	.	.	100.00	100.00	100.00	.	88.06	.	100.00	100.00	.	.	.	.	.	100.00	.	100.00	100.00	100.00	100.00	100.00	100.00	100.00	100.00	100.00	100.00	100.00	100.00	100.00	.	.	.	.	.	.	100.00	100.00	.	.	.	100.00	100.00	.	.	.	.	.	.	.	.	99.86	100.00	.	.	.	96.56	.	.	.	.	.	.	.	.	.	100.00	100.00	100.00	100.00	100.00	100.00	100.00	100.00	100.00	100.00	.	.	.	.	.	.	.	.	.	.	.	.	100.00	.	99.35	100.00	100.00	100.00	100.00	100.00	100.00	.	.	.	100.00	.	100.00	100.00	100.00	100.00	.	.	.	98.99	.	.	.	.	.	.	.	100.00	100.00	100.00	100.00	100.00	99.28	100.00	.	.	.	.	.	.	100.00	99.70	100.00	.	.	.	.	.	.	.	.	.	.	.	.	.	.	.	.	.	.	.	.	100.00	100.00	99.94	99.92	.	.	.	.	100.00	.	.	99.94	100.00	.	.	.	.	.	.	.	.	.	.	.	.	.	.	.	.	.	.	.	.	.	.	.	.	.	.	.	.	100.00	100.00	100.00	100.00	100.00	100.00	100.00	100.00	100.00	100.00	100.00;100.00	100.00	100.00	100.00;100.00	100.00	100.00	100.00	100.00	100.00	100.00	100.00	100.00	100.00	100.00	100.00	100.00	100.00	100.00	100.00	99.90	100.00	100.00	100.00	100.00	100.00	.	100.00	100.00	100.00	100.00	100.00	100.00	100.00	100.00	100.00	100.00	100.00	100.00	100.00	100.00	100.00	100.00	98.63	100.00	100.00	99.90	.	.	100.00	.	.	100.00	100.00	100.00	100.00	100.00	100.00	100.00	100.00	100.00	100.00	100.00	.	.	100.00	99.91	.	100.00	100.00	100.00	.	100.00	100.00	100.00	.	.	.	.	.	.	.	.	.	99.68	100.00	100.00	100.00	100.00	100.00	.	.	.	.	.	.	.	.	100.00	.	.	.	100.00	100.00	.	.	100.00	100.00	.	.	.	.	.	.	.	.	100.00	100.00	.	.	.	.	.	.	.	.	.	.	.	.	.	.	.	81.07	100.00	99.77	100.00	99.84	100.00	100.00	100.00	.	100.00	100.00	100.00	100.00	.	.	.	.	.	.	.	100.00	100.00	100.00	97.89	.	.	100.00	100.00	100.00	100.00	100.00	.	.	.	99.83	100.00;100.00	.	99.77	.	.	.	100.00	.	.	.	.	.	.	.	.	.	.	.	100.00	100.00	100.00	100.00	100.00	100.00	100.00	99.37	100.00	98.98	100.00	100.00	100.00	.
AI-5395_36_36_assembly_Abricate_ecoli_vf.tsv	206	.	.	100.00	100.00	.	.	.	.	.	.	.	.	.	.	.	.	.	.	.	.	.	.	.	.	100.00	100.00	100.00	100.00	100.00	.	.	.	.	.	100.00	.	.	.	.	.	.	.	.	.	.	.	100.00	.	100.00	.	.	.	100.00	.	.	100.00	100.00	.	100.00	.	.	.	.	.	.	.	.	.	.	.	.	.	.	100.00	100.00	.	.	.	100.00	100.00	100.00	100.00	100.00	100.00	.	100.00	100.00	.	.	.	.	.	100.00	.	100.00	100.00	100.00	100.00	100.00	100.00	100.00	100.00	100.00	100.00	100.00	100.00	100.00	.	.	.	.	.	.	.	100.00	.	.	.	100.00	100.00	.	.	.	.	.	100.00	.	.	.	100.00	.	80.05	.	.	.	.	.	.	.	.	.	.	.	100.00	100.00	100.00	100.00	100.00	100.00	100.00	100.00	100.00	100.00	.	.	.	.	.	.	.	.	.	100.00	99.63	99.87	100.00	.	99.35	100.00	100.00	100.00	100.00	100.00	100.00	.	.	.	100.00	.	100.00	100.00	100.00	100.00	.	100.00	.	100.00	.	.	.	.	.	.	.	100.00	100.00	100.00	100.00	100.00	98.66	100.00	100.00	100.00	100.00	99.15	99.91	100.00	100.00	99.70	100.00	.	.	.	.	.	.	.	.	.	.	.	.	.	.	.	.	.	.	.	.	100.00	100.00	99.94	100.00	.	.	.	.	100.00	.	.	99.94	100.00	.	.	.	.	.	.	.	.	.	.	.	.	.	.	.	.	.	.	100.00	100.00	99.79	99.77	.	.	.	.	.	.	100.00	100.00	100.00	100.00	100.00	100.00	100.00	100.00	100.00	100.00	100.00;100.00	100.00	100.00	100.00;100.00	100.00	100.00	100.00	100.00	100.00	100.00	100.00	100.00	100.00	100.00	100.00	100.00	100.00	100.00	100.00	99.90	100.00	100.00	100.00	100.00	100.00	.	.	100.00	100.00	100.00	100.00	100.00	100.00	100.00	100.00	100.00	100.00	100.00	100.00	100.00	100.00	94.65	100.00	100.00	100.00	99.90	.	.	100.00	.	.	100.00	100.00	100.00	100.00	100.00	100.00	100.00	100.00	100.00	100.00	100.00	.	.	100.00	99.91	.	100.00	100.00	100.00	.	100.00	100.00	.	.	.	.	.	.	.	.	.	.	97.41	.	.	.	.	.	.	.	.	.	.	.	.	.	100.00	.	.	.	100.00	100.00	.	.	100.00	100.00	.	.	.	.	.	.	100.00	.	99.83	100.00	.	.	.	.	.	.	.	.	.	.	.	.	.	.	.	.	.	.	.	.	.	.	.	.	100.00	100.00	100.00	100.00	.	.	.	.	.	.	.	.	.	.	.	.	.	100.00	100.00	100.00	100.00	100.00	.	.	.	.	99.04	.	100.00	.	.	.	100.00	.	.	.	.	.	.	.	.	.	.	.	100.00	100.00	100.00	100.00	100.00	100.00	100.00	99.87	100.00	98.98	100.00	100.00	100.00	.
AI-5395_37_37_assembly_Abricate_ecoli_vf.tsv	186	.	.	.	.	.	.	.	.	.	.	.	.	.	.	.	.	.	.	.	.	.	.	.	.	.	.	.	.	.	.	.	.	.	.	.	.	.	.	.	.	.	.	.	.	.	.	95.14	.	100.00	.	.	.	.	.	.	.	.	.	.	.	.	.	.	.	.	.	.	.	.	.	.	.	.	.	100.00	.	.	.	.	100.00	100.00	100.00	100.00	98.33	.	100.00	100.00	.	.	100.00	.	.	99.95	.	100.00	100.00	100.00	100.00	100.00	100.00	100.00	100.00	100.00	100.00	100.00	100.00	100.00	.	.	.	.	.	.	.	100.00	.	.	.	100.00	100.00	.	.	.	.	.	.	.	.	.	100.00	.	.	.	.	.	.	.	.	.	.	.	.	.	100.00	100.00	100.00	100.00	100.00	100.00	100.00	100.00	100.00	100.00	.	.	.	.	.	.	.	.	.	.	.	.	100.00	.	99.35	100.00	100.00	100.00	100.00	100.00	100.00	.	.	.	100.00	.	100.00	100.00	100.00	100.00	.	100.00	100.00	98.99	.	.	.	.	.	.	.	100.00	100.00	100.00	100.00	100.00	99.28	100.00	100.00	100.00	100.00	99.15	99.91	100.00	100.00	99.70	100.00	.	.	.	.	.	.	.	.	.	.	.	.	.	.	.	.	.	.	.	.	100.00	100.00	99.94	100.00	.	.	.	.	.	.	.	99.94	100.00	.	.	.	.	.	.	.	.	.	.	.	.	.	.	.	.	.	.	100.00	.	.	.	.	.	.	.	.	.	100.00	100.00	100.00	100.00	100.00	100.00	100.00	100.00	.	100.00	100.00;100.00	100.00	100.00	100.00;100.00	100.00	99.25	100.00	100.00	100.00	100.00	100.00	100.00	100.00	100.00	100.00	100.00	100.00	100.00	100.00	99.90	100.00	100.00	100.00	100.00	100.00	.	100.00	100.00	100.00	100.00	100.00	100.00	100.00	100.00	100.00	100.00	100.00	100.00	100.00	100.00	100.00	100.00	100.00	100.00	100.00	99.90	.	.	100.00	.	.	100.00	100.00	100.00	100.00	100.00	100.00	100.00	99.67	100.00	100.00	100.00	.	.	100.00	100.00	.	100.00	100.00	100.00	.	100.00	100.00	100.00	.	.	.	.	.	.	.	.	.	99.68	.	.	.	.	.	.	.	.	.	100.00	.	.	.	100.00	.	.	.	100.00	100.00	.	100.00	100.00	100.00	.	.	.	.	.	.	100.00	.	100.00	100.00	.	.	.	.	.	.	.	.	.	.	.	.	.	.	.	.	.	.	.	.	.	.	.	.	100.00	100.00	100.00	100.00	.	.	.	.	.	.	.	.	.	.	.	.	.	.	100.00	100.00	100.00	100.00	.	.	.	.	.	.	100.00	.	.	.	100.00	.	.	.	.	.	.	.	.	.	.	.	100.00	100.00	100.00	100.00	100.00	100.00	100.00	99.87	100.00	98.98	100.00	100.00	100.00	.
AI-5395_38_38_assembly_Abricate_ecoli_vf.tsv	176	.	.	.	.	.	.	.	.	.	.	.	.	.	.	.	.	.	.	.	.	.	.	.	.	.	.	100.00	.	.	.	.	.	.	.	.	.	.	.	.	.	.	.	.	.	.	.	100.00	.	.	.	.	.	93.83	.	.	.	.	.	100.00	.	.	.	.	.	.	.	.	.	.	.	.	.	.	.	.	.	.	.	.	.	.	100.00	100.00	100.00	100.00	100.00	100.00	.	.	100.00	.	.	100.00	.	.	.	.	.	.	.	.	.	.	.	.	.	.	.	.	.	.	.	.	.	100.00	.	.	.	.	100.00	.	.	.	.	.	.	.	.	.	100.00	.	.	.	.	.	.	.	.	.	.	.	.	.	100.00	100.00	.	100.00	100.00	100.00	100.00	100.00	100.00	100.00	.	.	.	.	.	.	.	.	.	.	.	.	.	.	99.35	100.00	100.00	100.00	100.00	100.00	100.00	.	.	.	100.00	.	100.00	100.00	100.00	100.00	100.00	100.00	.	98.71	.	.	.	.	.	.	.	100.00	100.00	100.00	100.00	100.00	98.66	100.00	.	.	.	.	.	.	.	.	.	.	.	.	.	.	.	.	.	.	.	.	.	.	.	.	.	.	.	.	.	99.89	100.00	100.00	100.00	.	.	.	.	99.86	.	.	99.94	100.00	.	.	.	.	.	.	.	.	.	.	.	.	.	.	.	.	.	.	.	.	.	.	.	.	.	.	.	.	100.00	100.00	100.00	100.00	100.00	100.00	100.00	100.00	100.00	100.00	100.00	100.00	100.00	100.00;100.00	100.00	100.00	100.00	100.00	100.00	100.00	100.00	100.00	100.00	100.00	100.00	100.00	100.00	100.00	100.00	99.90	100.00	100.00	100.00	100.00	100.00	.	.	100.00	100.00	100.00	100.00	100.00	100.00	100.00	100.00	100.00	100.00	100.00	100.00	100.00	100.00	94.65	98.63	100.00	100.00	100.00	.	100.00	100.00	.	.	100.00	100.00	99.93	100.00	100.00	100.00	100.00	99.67	100.00	100.00	99.81	.	.	.	100.00	.	100.00	100.00	100.00	.	99.57	100.00	.	.	.	.	.	.	.	.	100.00	100.00	97.41	.	.	.	.	.	100.00	.	.	.	.	.	.	.	.	.	.	.	100.00	100.00	.	.	100.00	100.00	.	.	.	.	.	.	.	.	.	.	.	.	.	.	.	.	.	.	.	.	.	.	.	.	.	.	100.00	99.77	100.00	99.84	100.00	100.00	100.00	.	100.00	100.00	100.00	100.00	.	.	.	.	.	.	.	100.00	100.00	100.00	95.09	.	.	100.00	100.00	100.00	100.00	100.00	.	.	.	99.83	100.00	.	100.00	.	.	.	.	.	.	.	100.00	100.00	100.00	100.00	100.00	100.00	100.00	100.00	100.00	100.00	100.00	100.00	100.00	100.00	100.00	99.87	100.00	.	.	100.00	100.00	.
AI-5395_39_39_assembly_Abricate_ecoli_vf.tsv	162	.	.	.	.	.	.	.	.	.	.	.	.	.	.	.	.	.	.	.	.	.	.	.	.	.	.	100.00	.	.	.	.	.	.	.	.	.	.	.	.	.	.	.	.	.	.	.	100.00	.	100.00	.	.	.	.	.	.	.	.	.	.	.	.	.	.	.	.	.	.	.	.	.	.	.	.	.	.	.	.	.	.	100.00	100.00	100.00	100.00	100.00	.	100.00	100.00	.	.	.	.	.	100.00	.	98.00	.	.	.	.	.	.	.	.	.	.	.	100.00	.	.	.	.	.	.	.	100.00	.	.	.	100.00	.	.	.	.	.	.	.	.	.	.	100.00	.	.	.	.	.	.	.	.	.	.	.	.	.	100.00	100.00	100.00	100.00	100.00	100.00	100.00	100.00	100.00	100.00	.	.	.	.	.	.	.	.	.	.	.	.	.	.	99.35	100.00	100.00	100.00	100.00	100.00	100.00	.	.	.	100.00	.	100.00	100.00	100.00	100.00	.	100.00	100.00	99.90	.	.	.	.	.	.	.	100.00	100.00	100.00	100.00	100.00	99.28	100.00	100.00	100.00	100.00	99.15	99.82	100.00	100.00	99.70	100.00	.	.	.	.	.	.	.	.	.	.	.	.	.	.	.	.	.	.	.	.	100.00	100.00	100.00	100.00	.	.	.	.	100.00	.	.	99.94	100.00	.	.	.	.	.	.	.	.	.	.	.	.	.	.	.	.	.	.	100.00	.	.	.	.	.	.	.	.	.	100.00	100.00	100.00	100.00	100.00	100.00	100.00	100.00	100.00	100.00	100.00;100.00	100.00	100.00	100.00;100.00	100.00	100.00;100.00	100.00	100.00	100.00	100.00	100.00	100.00	100.00	100.00	100.00	100.00	100.00	100.00	100.00	99.90	100.00	100.00	100.00	100.00	100.00	.	100.00	100.00	100.00	100.00	100.00	100.00	100.00	100.00	100.00	100.00	100.00	100.00	100.00	100.00	100.00	100.00	100.00	100.00	100.00	99.90	.	.	100.00	.	.	.	.	.	.	.	.	.	.	.	.	.	.	.	.	99.91	.	100.00	100.00	100.00	.	100.00	100.00	.	.	.	.	.	.	.	.	.	.	99.68	.	.	.	.	.	.	.	.	.	.	.	.	.	100.00	.	.	.	100.00	100.00	.	.	100.00	100.00	.	.	.	.	.	.	100.00	.	99.83	100.00	.	.	.	.	.	.	.	.	.	.	.	.	.	.	.	.	.	.	.	.	.	.	.	.	100.00	100.00	100.00	100.00	.	.	.	.	.	.	.	100.00	100.00	100.00	100.00	.	.	100.00	100.00	100.00	100.00	100.00	.	.	.	.	.	.	99.98	.	.	.	.	.	.	.	.	.	.	.	.	.	.	.	100.00	100.00	100.00	100.00	100.00	100.00	100.00	99.87	100.00	98.98	100.00	100.00	.	.
AI-5395_3_3_assembly_Abricate_ecoli_vf.tsv	190	100.00	100.00	.	.	100.00	.	.	.	.	.	.	.	.	.	.	.	.	.	.	.	.	.	100.00	.	100.00	.	.	.	.	.	.	.	.	.	.	.	.	.	.	100.00	.	.	.	100.00	100.00	.	100.00	.	.	.	.	.	.	.	.	.	.	90.79	.	.	.	.	.	.	.	99.58	.	.	.	.	.	.	.	.	.	.	.	100.00	.	.	.	.	100.00	100.00	.	.	100.00	.	.	100.00	.	.	.	.	.	.	.	.	.	.	.	.	.	.	.	.	.	99.81	.	.	.	.	.	.	100.00	100.00	.	100.00	.	100.00	100.00	100.00	.	.	.	99.93	.	.	.	100.00	.	80.05	.	.	.	.	.	.	.	.	.	.	.	.	.	.	.	100.00	100.00	100.00	100.00	100.00	100.00	100.00	100.00	100.00	100.00	100.00	100.00	100.00	100.00	.	.	.	.	.	.	100.00	100.00	100.00	100.00	100.00	100.00	100.00	.	.	.	99.93	.	100.00	100.00	100.00	100.00	100.00	100.00	100.00	100.00	.	.	.	.	.	.	.	100.00	100.00	100.00	100.00	100.00	99.28	100.00	.	.	.	.	.	.	.	.	.	.	.	.	.	.	.	.	.	.	.	.	.	.	.	.	.	.	.	.	.	100.00	.	.	.	.	.	.	.	.	.	.	.	.	.	.	.	.	.	.	.	.	.	.	.	.	.	.	.	.	.	.	.	.	.	.	.	.	.	.	.	.	99.96	100.00	100.00	100.00	100.00	100.00	100.00	100.00	100.00	100.00	100.00;100.00	100.00	100.00;100.00	100.00;100.00	100.00	100.00	100.00	100.00	100.00	100.00	100.00	100.00	100.00	100.00	100.00	100.00	100.00	100.00	100.00	100.00	100.00	100.00	100.00	98.98	100.00	.	.	100.00	100.00	100.00	100.00	100.00	100.00	100.00	100.00	100.00	100.00	100.00	100.00	100.00	100.00	100.00	100.00	100.00	100.00	100.00	.	100.00	100.00	.	.	100.00	100.00	100.00	100.00	100.00	100.00	100.00	99.67	100.00	100.00	100.00	100.00	100.00	.	.	.	100.00	100.00	100.00	.	100.00	100.00	100.00;100.00	.	100.00	100.00	100.00	100.00	100.00	100.00	100.00	99.98	100.00	100.00	100.00	100.00	100.00	100.00	.	.	.	.	.	100.00	.	.	.	.	.	.	100.00	100.00	.	.	100.00	100.00	.	.	.	.	.	100.00	100.00	.	.	.	.	.	.	100.00	.	.	.	.	.	.	97.06	.	.	.	.	.	.	.	.	.	.	.	.	.	100.00	100.00	100.00	100.00	.	.	.	.	.	.	.	100.00	100.00	100.00	100.00	.	.	100.00	100.00	100.00	.	100.00	.	100.00	.	99.83;99.83	100.00;100.00	.	.	.	.	100.00	.	.	.	.	100.00	100.00	100.00	100.00	100.00	100.00	100.00	100.00	.	.	.	.	.	.	.	100.00	100.00	.	.	100.00	100.00	.
AI-5395_40_40_assembly_Abricate_ecoli_vf.tsv	161	.	.	.	.	.	.	.	.	.	.	.	.	.	.	.	.	.	.	.	.	.	.	.	.	.	.	.	.	.	.	.	.	.	.	.	.	.	.	.	.	.	.	.	.	.	.	100.00	.	.	.	.	.	.	.	.	.	.	.	.	.	.	.	.	.	.	.	.	.	.	.	.	.	.	.	100.00	.	.	.	.	100.00	100.00	100.00	.	.	.	.	100.00	.	.	100.00	.	.	.	.	100.00	100.00	100.00	100.00	100.00	100.00	.	.	.	.	.	.	100.00	.	.	.	.	.	.	.	100.00	100.00	100.00	.	.	.	.	.	.	.	.	.	.	.	.	100.00	.	.	.	.	.	.	.	.	.	.	.	.	.	.	.	.	.	100.00	100.00	100.00	100.00	100.00	100.00	.	.	.	.	.	.	.	.	.	.	.	.	.	.	99.35	100.00	100.00	100.00	100.00	100.00	100.00	.	.	.	100.00	.	100.00	100.00	100.00	100.00	100.00	100.00	.	.	.	.	.	.	.	.	.	100.00	100.00	100.00	100.00	100.00	99.28	100.00	100.00	100.00	100.00	99.15	.	.	.	.	.	.	.	.	.	.	.	.	.	.	.	.	.	.	.	.	.	.	.	.	.	100.00	87.70	99.94	99.92	.	.	.	.	99.93	.	.	99.94	100.00	.	.	.	.	.	.	.	.	.	.	.	.	.	.	.	.	.	.	.	.	.	.	.	.	.	.	.	.	100.00	100.00	100.00	100.00	100.00	100.00	100.00	100.00	100.00	100.00	100.00	100.00	100.00;100.00	100.00;100.00	100.00	99.70	100.00	100.00	100.00	100.00	100.00	100.00	100.00	100.00	100.00	100.00	100.00	100.00	100.00	99.90	100.00	100.00	100.00	100.00	100.00	.	100.00	100.00	100.00	100.00	100.00	100.00	100.00	100.00	100.00	100.00	100.00	100.00	100.00	100.00	100.00	100.00	100.00	100.00	100.00	100.00	.	.	100.00	.	.	100.00	100.00	100.00	100.00	100.00	100.00	100.00	100.00	100.00	100.00	100.00	100.00	.	100.00	100.00	.	100.00	100.00	100.00	.	99.93	100.00	100.00	.	.	.	.	.	.	.	.	.	.	.	.	.	.	.	.	.	.	.	.	.	.	.	.	.	.	.	100.00	100.00	.	.	100.00	100.00	.	.	.	.	.	.	.	.	.	.	.	.	.	.	.	.	.	.	.	.	.	.	.	.	.	100.00	100.00	99.77	100.00	99.84	100.00	100.00	100.00	.	100.00	100.00	100.00	100.00	.	.	.	.	.	.	.	.	.	.	.	.	.	.	.	.	.	100.00	.	100.00	.	.	.	.	.	.	.	.	100.00	.	.	.	.	.	.	.	.	.	.	.	100.00	100.00	100.00	100.00	100.00	100.00	100.00	100.00	100.00	.	.	100.00	.	.
AI-5395_41_41_assembly_Abricate_ecoli_vf.tsv	205	.	.	.	.	.	.	.	.	.	.	.	.	.	.	.	.	.	.	.	.	.	.	.	.	.	.	.	.	.	.	.	.	.	.	.	.	.	.	.	.	.	.	.	.	.	.	100.00	.	100.00	.	.	.	.	.	.	.	.	.	.	.	.	.	.	.	.	.	.	.	.	.	.	.	.	.	100.00	.	.	.	.	100.00	100.00	100.00	100.00	100.00	.	100.00	100.00	.	.	100.00	.	.	99.95	.	100.00	100.00	100.00	100.00	100.00	100.00	100.00	100.00	100.00	100.00	100.00	100.00	100.00	.	.	.	.	.	.	.	100.00	.	.	.	100.00	100.00	.	.	.	.	.	.	.	.	.	99.95	.	.	.	.	.	.	.	.	.	.	.	.	.	100.00	100.00	100.00	100.00	100.00	100.00	100.00	100.00	100.00	100.00	.	.	.	.	.	.	.	.	100.00	.	.	.	100.00	.	99.35	100.00	100.00	100.00	100.00	100.00	100.00	100.00	.	.	100.00	.	100.00	100.00	100.00	100.00	.	100.00	100.00	100.00	.	.	.	.	.	.	.	100.00	100.00	100.00	100.00	100.00	99.28	100.00	100.00	100.00	100.00	99.15	99.91	100.00	100.00	99.70	100.00	.	.	.	.	.	.	.	.	.	.	.	.	.	.	.	.	.	.	.	.	100.00	100.00	100.00	100.00	.	.	.	.	100.00	.	.	99.94	100.00	.	.	.	.	.	.	.	.	.	.	.	.	.	.	.	.	.	.	100.00	.	.	.	.	.	.	.	.	.	100.00	100.00	100.00	100.00	100.00	100.00	100.00	100.00	100.00	100.00	100.00	100.00	100.00	100.00;100.00	100.00	99.25	100.00	100.00	100.00	100.00	100.00	100.00	100.00	100.00	100.00	100.00	100.00	100.00	100.00	99.90	100.00	100.00	100.00	100.00	100.00	.	.	100.00	100.00	100.00	100.00	100.00	100.00	100.00	100.00	100.00	100.00	100.00	100.00	100.00	100.00	94.65	100.00	100.00	100.00	99.90	.	.	100.00	.	.	100.00	100.00	100.00	100.00	100.00	100.00	100.00	99.67	100.00	100.00	100.00	.	.	100.00	100.00	.	100.00	100.00	100.00	.	100.00	100.00	89.74;100.00	.	.	100.00	100.00	100.00	100.00	100.00	.	.	100.00	100.00	100.00	100.00	100.00	100.00	.	.	.	.	100.00	.	.	.	100.00	100.00	.	.	100.00	100.00	.	.	100.00	100.00	.	.	.	.	.	.	.	.	100.00	100.00	100.00	.	.	.	.	.	.	.	.	.	.	.	.	.	.	.	.	.	.	.	.	.	.	.	100.00	100.00	100.00	100.00	.	.	.	.	.	.	.	100.00	100.00	100.00	100.00	.	.	.	100.00	100.00	100.00	100.00	.	.	.	99.83	100.00;100.00	.	100.00	.	.	.	100.00	.	.	.	.	.	.	.	.	.	.	.	100.00	100.00	100.00	100.00	100.00	100.00	100.00	99.87	100.00	98.98	100.00	100.00	100.00	.
AI-5395_42_43_assembly_Abricate_ecoli_vf.tsv	170	.	.	.	.	.	.	.	.	.	.	.	.	.	.	.	.	.	.	.	.	.	.	.	.	.	.	.	.	.	.	.	.	.	.	.	.	.	.	.	.	.	.	.	.	.	.	100.00	.	100.00	99.57	.	.	.	.	.	.	.	.	.	.	.	.	.	.	.	.	.	.	.	.	.	.	.	.	.	.	.	.	.	.	.	100.00	100.00	100.00	.	100.00	100.00	.	.	.	.	.	100.00	.	.	.	.	.	.	.	.	.	.	.	.	100.00	100.00	.	.	.	.	.	.	.	100.00	.	.	.	100.00	.	.	.	.	.	.	.	.	.	.	100.00	100.00	.	.	.	.	.	.	.	.	.	.	.	.	100.00	100.00	100.00	100.00	100.00	100.00	100.00	100.00	100.00	100.00	.	.	.	.	.	.	.	.	.	.	.	.	.	.	99.35	100.00	100.00	100.00	100.00	100.00	100.00	.	.	.	100.00	.	100.00	100.00	100.00	100.00	.	100.00	.	.	.	100.00	.	.	.	99.40	99.84	100.00	100.00	100.00	100.00	100.00	98.66	100.00	100.00	100.00	100.00	99.15	99.91	100.00	100.00	99.70	100.00	.	.	.	.	.	.	.	.	.	.	.	.	.	.	.	.	.	.	.	.	98.47	100.00	100.00	99.92	.	.	.	.	99.93	.	.	99.94	100.00	.	.	.	.	.	.	.	.	.	.	.	.	.	.	.	.	.	.	100.00	.	.	.	.	.	.	.	.	.	100.00	100.00	100.00	100.00	100.00	100.00	100.00	100.00	100.00	100.00	100.00	100.00	100.00	100.00;100.00	100.00	99.25	100.00	100.00	100.00	100.00	100.00	100.00	100.00	100.00	100.00	100.00	100.00	100.00	100.00	99.90	100.00	100.00	100.00	100.00	100.00	.	100.00	100.00	100.00	99.70	100.00	100.00	100.00	100.00	100.00	100.00	100.00	100.00	100.00	100.00	100.00	100.00	100.00	100.00	100.00	99.90	.	.	100.00	.	.	.	.	.	.	.	.	.	.	100.00	100.00	100.00	100.00	.	.	99.91	.	100.00	100.00	100.00	.	100.00	100.00	.	.	.	.	.	.	.	.	.	.	.	.	.	.	.	.	.	.	.	.	.	.	.	.	100.00	.	.	.	100.00	100.00	.	.	100.00	100.00	.	.	.	.	.	.	.	.	100.00	100.00	.	.	.	.	.	.	.	.	.	.	.	.	.	.	.	.	100.00	95.33	100.00	99.34	100.00	.	100.00	100.00	100.00	100.00	100.00	100.00	.	.	.	.	.	.	100.00	.	.	.	.	.	.	100.00	100.00	100.00	100.00	100.00	.	.	.	.	.	89.36	100.00	.	.	.	.	.	.	.	.	.	.	.	.	.	.	.	100.00	100.00	100.00	100.00	100.00	100.00	100.00	99.87	100.00	98.98	91.21	100.00	.	100.00
AI-5395_43_44_assembly_Abricate_ecoli_vf.tsv	193	.	.	.	.	.	.	.	.	.	.	.	.	.	.	.	.	.	.	.	.	.	.	100.00	.	.	.	.	.	.	.	.	.	.	.	.	.	.	.	100.00	.	.	.	.	.	.	.	100.00	.	.	.	.	.	.	.	.	.	.	.	.	.	.	.	100.00	100.00	100.00	100.00	100.00	100.00	100.00	.	.	.	.	.	.	100.00	.	.	.	.	.	.	100.00	100.00	.	.	100.00	.	.	.	100.00	100.00	100.00;83.91;85.22;90.77	100.00	100.00	100.00	100.00	100.00	100.00	100.00	100.00	100.00	100.00	100.00	100.00	100.00	100.00	100.00	100.00	.	.	.	.	.	100.00	100.00	.	.	.	100.00	100.00	.	100.00	100.00	100.00	99.89	100.00	100.00	.	100.00	.	.	.	.	.	.	.	.	.	.	.	.	.	.	.	.	.	100.00	100.00	100.00	100.00	100.00	100.00	100.00	100.00	100.00	100.00	100.00	100.00	100.00	100.00	.	.	.	.	100.00	.	99.35	100.00	100.00	100.00	100.00	100.00	100.00	.	.	.	100.00	.	100.00	100.00	100.00	100.00	100.00	100.00	.	100.00	.	.	.	.	.	.	.	100.00	100.00	100.00	100.00	100.00	99.28	100.00	.	.	.	.	.	.	.	.	.	.	.	.	.	.	.	.	.	.	.	.	.	.	.	.	.	.	.	.	.	.	.	.	.	.	.	.	.	.	.	.	.	.	.	.	.	.	.	.	.	.	.	.	.	.	.	.	.	.	.	.	.	.	.	.	.	.	.	.	.	.	100.00	100.00	100.00	100.00	100.00	100.00	100.00	100.00	100.00	100.00	100.00;100.00	100.00	100.00;100.00	100.00;100.00	100.00	100.00;100.00	100.00	100.00	100.00	100.00	100.00	100.00	100.00	100.00	100.00	100.00	100.00	100.00	100.00	99.90	100.00	100.00	100.00	98.98	100.00	.	100.00	100.00	100.00	100.00	100.00	100.00	100.00	100.00	100.00	100.00	100.00	100.00	100.00	100.00	100.00	100.00	100.00	100.00	100.00	100.00	.	100.00	100.00	.	.	100.00	100.00	100.00	100.00	100.00	100.00	100.00	99.67	100.00	100.00	99.81	99.85	.	.	.	.	100.00	100.00	100.00	100.00	100.00	100.00	.	.	.	.	.	.	.	.	100.00	100.00	99.68	.	.	.	.	.	100.00	100.00	.	.	.	100.00	.	.	.	.	.	.	100.00	100.00	.	.	100.00	100.00	.	.	.	.	.	100.00	100.00	.	.	.	.	.	.	.	.	.	.	.	.	.	.	.	.	.	.	.	.	.	.	.	.	.	.	.	100.00	100.00	100.00	100.00	.	.	.	.	.	.	.	100.00	100.00	100.00	100.00	.	.	.	.	.	.	100.00	.	.	.	.	.	.	100.00	.	100.00	100.00	.	.	.	.	100.00	100.00	100.00	100.00	100.00	100.00	100.00	100.00	.	.	.	.	.	.	.	100.00	100.00	.	.	100.00	100.00	100.00
AI-5395_44_45_assembly_Abricate_ecoli_vf.tsv	155	.	.	.	.	.	.	.	.	.	.	.	100.00	94.81	.	.	.	.	.	.	.	.	.	.	.	.	.	.	.	.	.	.	.	.	.	.	.	.	.	.	.	.	.	.	.	.	.	100.00	.	100.00	.	.	.	.	.	.	.	.	.	.	.	.	.	.	.	.	.	.	.	.	.	.	.	.	.	.	.	.	.	.	.	.	100.00	.	.	.	.	100.00	.	.	.	.	.	100.00	.	.	.	.	.	.	.	.	.	.	.	.	100.00	.	.	.	.	.	.	.	.	100.00	100.00	.	.	100.00	.	.	.	.	.	.	.	.	.	.	100.00	.	.	.	.	.	.	.	.	.	.	.	.	.	.	.	.	.	100.00	100.00	100.00	100.00	100.00	100.00	.	.	.	.	.	.	.	.	100.00	.	.	.	.	.	99.35	100.00	100.00	100.00	100.00	100.00	100.00	.	.	.	100.00	.	100.00	100.00	100.00	100.00	100.00	100.00	.	98.99	.	.	.	.	.	.	.	100.00	100.00	100.00	100.00	100.00	99.28	100.00	100.00	100.00	100.00	99.15	99.91	100.00	100.00	100.00	100.00	.	.	.	.	.	.	.	.	.	.	.	.	.	.	.	.	.	.	.	.	100.00	100.00	100.00	99.92	.	.	99.56	.	99.93	.	.	99.94	100.00	99.87	.	.	.	.	.	.	.	.	.	.	.	.	.	.	.	.	.	100.00	.	.	.	.	.	.	.	.	.	100.00	100.00	100.00	100.00	100.00	100.00	100.00	100.00	100.00	100.00	100.00	100.00	100.00;100.00	100.00;100.00	100.00	100.00	100.00	100.00	100.00	100.00	100.00	100.00	100.00	100.00	100.00	100.00	100.00	100.00	100.00	99.90	100.00	100.00	100.00	100.00	100.00	.	.	100.00	100.00	100.00	100.00	100.00	100.00	100.00	100.00	100.00	100.00	100.00	100.00	100.00	100.00	97.81	100.00	100.00	100.00	100.00	.	.	100.00	.	.	.	.	.	.	.	.	.	.	.	.	.	100.00	.	.	100.00	.	100.00	100.00	100.00	.	100.00	100.00	.	.	.	.	.	.	.	.	.	.	97.41	.	.	.	.	.	.	.	.	.	.	.	.	.	.	.	.	.	100.00	100.00	.	.	100.00	100.00	.	.	.	.	.	.	100.00	.	99.83	100.00	.	.	.	.	.	.	.	.	.	.	.	.	.	.	.	.	.	.	.	99.84	100.00	.	100.00	.	100.00	100.00	100.00	100.00	.	.	.	.	.	.	.	100.00	100.00	100.00	100.00	.	.	.	.	.	.	100.00	.	.	.	.	.	.	.	.	.	.	.	.	.	.	.	.	.	.	.	.	.	.	100.00	100.00	100.00	100.00	100.00	100.00	100.00	99.87	100.00	98.98	100.00	100.00	.	100.00
AI-5395_45_46_assembly_Abricate_ecoli_vf.tsv	205	.	.	.	.	.	.	.	.	.	.	.	.	.	.	.	.	.	.	.	.	.	.	.	.	.	.	.	.	.	.	.	.	.	.	.	.	.	.	.	.	.	.	.	.	.	.	100.00	.	100.00	.	.	100.00	.	.	.	.	.	.	.	.	.	.	.	.	.	.	.	.	.	.	.	.	.	.	.	.	.	.	.	100.00	100.00	100.00	100.00	100.00	.	100.00	100.00	.	.	100.00	.	.	100.00	.	100.00	.	100.00	100.00	100.00	100.00	100.00	100.00	100.00	100.00	100.00	100.00	100.00	.	.	.	.	.	.	100.00	100.00	.	.	.	100.00	100.00	.	.	.	.	.	.	.	.	.	100.00	100.00	.	.	.	.	.	.	.	.	.	.	.	.	100.00	100.00	100.00	100.00	100.00	100.00	100.00	100.00	100.00	100.00	.	.	.	.	.	.	.	.	100.00	.	.	.	100.00	100.00	99.35	100.00	100.00	100.00	100.00	100.00	100.00	.	.	.	100.00	.	100.00	100.00	100.00	100.00	.	100.00	100.00	99.97	.	.	.	.	.	.	.	100.00	100.00	100.00	100.00	100.00	98.66	100.00	99.90	100.00	100.00	99.15	99.91	100.00	100.00	99.70	100.00	.	.	.	.	.	.	.	.	.	.	.	.	.	.	.	.	.	.	.	.	100.00	100.00	99.94	100.00	.	.	.	.	100.00	.	.	99.94	100.00	.	.	.	.	.	.	.	.	.	.	.	.	.	.	.	.	.	.	100.00	.	.	.	.	.	.	.	.	.	100.00	100.00	100.00	100.00	100.00	100.00	100.00	100.00	100.00	100.00	100.00;100.00	100.00	100.00	100.00;100.00	100.00	100.00;100.00	100.00	100.00	100.00	100.00	100.00	100.00	100.00	100.00	100.00	100.00	100.00	100.00	100.00	99.90	100.00	100.00	100.00	100.00	100.00	.	100.00	100.00	100.00	100.00	100.00	100.00	100.00	100.00	100.00	100.00	100.00	100.00	100.00	100.00	100.00	100.00	98.63	100.00	100.00	99.90	.	.	100.00	.	.	100.00	100.00	100.00	100.00	100.00	100.00	100.00	100.00	100.00	100.00	100.00	.	.	100.00	100.00	.	100.00	100.00	100.00	.	100.00	100.00	.	.	100.00	100.00	100.00	100.00	100.00	100.00	.	.	99.68;100.00	100.00	100.00	100.00	100.00	100.00	.	.	.	.	.	.	.	.	100.00	.	.	.	100.00	100.00	.	.	100.00	100.00	.	.	.	.	.	.	84.28	.	100.00	99.77	.	.	.	.	.	.	.	.	.	.	.	.	.	.	.	.	.	.	.	.	.	.	.	.	100.00	100.00	100.00	100.00	.	.	.	.	.	.	.	100.00	100.00	100.00	100.00	.	.	100.00	100.00	100.00	100.00	100.00	.	.	.	.	100.00	.	100.00	.	.	.	100.00	.	.	.	.	.	.	.	.	.	.	.	100.00	100.00	100.00	100.00	100.00	100.00	100.00	99.87	100.00	98.98	100.00	100.00	100.00	.
AI-5395_46_47_assembly_Abricate_ecoli_vf.tsv	158	.	.	.	.	.	.	.	.	.	.	.	.	.	.	.	.	.	.	.	.	.	.	.	.	.	.	.	.	.	.	.	.	.	.	.	.	.	.	.	.	.	.	.	.	.	.	100.00	.	100.00	.	.	.	.	.	.	.	.	.	.	.	100.00	.	.	.	.	.	.	.	.	.	.	.	.	.	.	.	.	.	.	100.00	100.00	100.00	.	.	.	.	100.00	.	.	100.00	.	.	.	.	100.00	100.00	100.00	100.00	100.00	.	.	.	.	.	.	.	100.00	.	.	.	.	.	.	.	100.00	100.00	.	.	99.79	.	.	.	.	.	.	.	.	.	.	100.00	100.00	.	.	.	.	.	.	.	.	.	.	.	.	.	.	.	.	100.00	100.00	100.00	100.00	100.00	100.00	.	.	.	.	.	.	.	.	.	.	.	.	.	.	99.35	100.00	100.00	100.00	100.00	100.00	100.00	.	.	.	.	.	100.00	100.00	100.00	100.00	.	100.00	.	.	.	.	.	.	.	.	.	100.00	100.00	100.00	100.00	100.00	99.28	100.00	100.00	100.00	100.00	99.15	99.82	100.00	100.00	100.00	100.00	.	.	.	.	.	.	.	.	.	.	.	.	.	.	.	.	.	.	.	.	100.00	100.00	100.00	99.92	.	.	.	.	99.93	.	.	99.94	.	.	.	.	.	.	.	.	.	.	.	.	.	.	.	.	.	.	.	100.00	.	.	.	.	.	.	.	.	.	100.00	100.00	100.00	100.00	100.00	100.00	100.00	100.00	100.00	100.00	100.00	100.00	100.00;100.00	100.00;100.00	100.00	99.70	100.00	100.00	100.00	100.00	100.00	100.00	100.00	100.00	100.00	100.00	100.00	100.00	100.00	99.90	100.00	100.00	100.00	100.00	100.00	.	100.00	100.00	100.00	100.00	100.00	100.00	100.00	100.00	100.00	100.00	100.00	100.00	100.00	100.00	100.00	100.00	100.00	100.00	100.00	100.00	.	.	100.00	.	.	.	.	.	100.00	100.00	100.00	100.00	100.00	100.00	100.00	100.00	100.00	.	.	98.86	99.95	100.00	100.00	100.00	.	99.93	100.00	100.00	.	.	.	.	.	.	.	.	.	.	.	.	.	.	.	.	.	.	.	.	.	.	.	100.00	.	.	.	100.00	100.00	.	.	100.00	100.00	.	.	.	.	.	.	100.00	.	100.00	100.00	.	.	.	.	.	.	.	.	.	.	.	.	.	.	.	.	.	.	.	.	.	.	.	.	100.00	100.00	100.00	100.00	.	.	.	.	.	.	.	.	.	.	.	.	.	.	.	.	.	100.00	.	.	.	.	.	.	.	.	.	.	.	.	.	.	.	.	.	.	.	.	.	.	100.00	100.00	100.00	100.00	100.00	100.00	100.00	99.87	100.00	98.98	100.00	100.00	.	.
AI-5395_47_48_assembly_Abricate_ecoli_vf.tsv	191	.	.	.	.	.	.	.	.	.	.	.	.	.	.	.	.	.	.	.	.	.	.	.	.	.	.	.	.	.	.	.	.	.	.	.	.	.	.	.	.	.	.	.	.	.	.	100.00	.	100.00	.	.	100.00	.	.	.	.	.	.	.	.	.	.	.	.	.	.	.	.	.	.	.	.	.	.	.	.	.	.	.	100.00	100.00	100.00	100.00	100.00	.	.	100.00	.	.	.	.	.	100.00	.	100.00	100.00	100.00	100.00	100.00	100.00	100.00	100.00	100.00	100.00	100.00	100.00	100.00	.	.	.	.	.	.	.	100.00	.	.	.	100.00	100.00	.	.	.	.	.	.	.	.	.	100.00	99.93	.	.	.	.	.	.	.	.	.	.	.	.	100.00	100.00	100.00	100.00	100.00	100.00	100.00	100.00	100.00	100.00	.	.	.	.	.	.	.	.	.	.	.	.	99.37	.	99.35	100.00	100.00	100.00	100.00	100.00	100.00	.	.	.	100.00	.	100.00	100.00	100.00	100.00	.	100.00	100.00	99.97	.	.	.	.	.	.	.	100.00	100.00	100.00	100.00	100.00	99.28	100.00	100.00	100.00	99.62	99.15	99.82	99.46	100.00	99.70	100.00	.	.	.	.	.	.	.	.	.	.	.	.	.	.	.	.	.	.	.	.	98.42	100.00	99.94	100.00	.	.	.	.	100.00	.	.	99.94	100.00	.	.	.	.	.	.	.	.	.	.	.	.	.	.	.	.	.	.	100.00	.	.	.	.	.	.	.	.	.	100.00	100.00	100.00	100.00	100.00	100.00	100.00	100.00	100.00	100.00	100.00;100.00	100.00	100.00;100.00	100.00;100.00	100.00	100.00;100.00	100.00	100.00	100.00	100.00	100.00	100.00	100.00	100.00	100.00	100.00	100.00	100.00	100.00	99.90	100.00	100.00	100.00	100.00	100.00	.	.	100.00	100.00	100.00	100.00	100.00	100.00	100.00	100.00	100.00	100.00	100.00	100.00	100.00	100.00	100.00	100.00	100.00	100.00	99.90	.	.	100.00	.	.	100.00	100.00	100.00	100.00	100.00	100.00	100.00	100.00	100.00	100.00	100.00	.	.	100.00	99.91	.	100.00	100.00	100.00	.	100.00	100.00	.	.	.	.	.	.	.	.	.	.	99.68	.	.	.	.	.	.	.	.	.	.	99.68	.	.	100.00	.	.	.	100.00	100.00	.	.	100.00	100.00	.	.	.	.	.	.	.	.	99.83	100.00	.	.	.	.	.	.	.	.	.	.	.	.	.	.	.	.	.	.	100.00	.	.	.	.	.	100.00	100.00	100.00	100.00	.	.	.	.	.	99.84	100.00	100.00	100.00	100.00	100.00	.	.	100.00	100.00	100.00	100.00	100.00	.	.	.	.	.	.	100.00	.	.	.	100.00	.	.	.	.	.	.	.	.	.	.	.	100.00	100.00	100.00	100.00	99.90	100.00	100.00	99.87	100.00	98.98	100.00	100.00	100.00	.
AI-5395_48_49_assembly_Abricate_ecoli_vf.tsv	142	.	.	.	.	.	.	.	.	.	.	.	.	.	.	.	.	.	.	.	.	.	.	.	.	.	.	.	.	.	.	.	.	.	.	.	.	.	.	.	.	.	.	.	.	.	.	100.00	.	100.00	.	.	.	.	.	.	.	.	.	.	.	.	.	.	.	.	.	.	.	.	.	.	.	.	.	.	.	.	.	.	.	.	100.00	.	.	.	.	100.00	.	100.00	100.00	.	.	.	.	.	.	.	.	.	.	.	.	.	.	.	.	.	.	.	.	.	.	.	.	100.00	100.00	.	.	100.00	.	.	.	.	.	.	.	.	.	.	100.00	100.00	.	.	.	.	.	.	.	.	.	.	.	.	.	.	.	.	100.00	100.00	100.00	100.00	100.00	100.00	.	.	.	.	.	.	.	.	.	.	.	.	.	100.00	99.35	100.00	100.00	100.00	100.00	100.00	100.00	.	.	.	.	.	.	.	.	.	.	.	.	99.33	.	.	.	.	.	.	.	100.00	100.00	100.00	100.00	100.00	99.28	100.00	.	.	.	.	.	100.00	100.00	100.00	100.00	.	.	.	.	.	.	.	.	.	.	.	.	.	.	.	.	.	.	.	.	100.00	100.00	100.00	99.92	.	.	.	.	99.93	.	.	99.94	100.00	99.87	.	.	.	.	.	.	.	.	.	.	.	.	.	.	.	.	.	100.00	.	.	.	.	.	.	.	.	.	100.00	100.00	100.00	100.00	100.00	100.00	100.00	100.00	100.00	100.00	100.00	100.00	100.00;100.00	100.00;100.00	100.00	99.85	100.00	100.00	100.00	100.00	100.00	100.00	100.00	100.00	100.00	100.00	100.00	100.00	100.00	99.90	100.00	100.00	100.00	100.00	100.00	.	.	100.00	100.00	100.00	100.00	100.00	100.00	100.00	100.00	100.00	100.00	100.00	100.00	100.00	100.00	100.00	100.00	100.00	100.00	100.00	.	.	100.00	.	.	.	.	.	.	.	.	.	.	.	.	.	99.56	.	.	98.86	.	100.00	100.00	100.00	.	99.93	100.00	.	.	.	.	.	.	.	.	.	.	.	100.00	100.00	100.00	100.00	100.00	.	.	.	.	.	.	.	.	.	.	.	.	100.00	100.00	.	.	100.00	100.00	.	.	.	.	.	.	.	.	100.00	100.00	.	.	.	.	.	.	.	.	.	.	.	.	.	.	.	.	.	.	.	.	.	.	.	.	100.00	100.00	100.00	100.00	.	.	.	.	.	.	.	100.00	100.00	100.00	100.00	.	.	.	.	.	.	100.00	.	.	.	.	100.00	.	.	.	.	.	.	.	.	.	.	.	.	.	.	.	.	.	100.00	100.00	100.00	100.00	100.00	100.00	100.00	99.87	100.00	98.98	100.00	100.00	.	100.00
AI-5395_49_50_assembly_Abricate_ecoli_vf.tsv	131	.	.	.	.	.	.	.	.	.	.	.	.	.	.	.	.	.	.	.	.	.	.	.	.	.	.	.	.	.	.	.	.	.	.	.	.	.	.	.	.	.	.	.	.	.	.	100.00	.	100.00	.	.	.	.	.	.	.	.	.	.	.	.	.	.	.	.	.	.	.	.	.	.	.	.	.	.	.	.	.	.	.	.	100.00	.	.	.	.	100.00	.	100.00	100.00	.	.	.	.	.	.	.	.	.	.	.	.	.	.	.	.	.	.	.	.	.	.	.	.	100.00	100.00	.	.	100.00	.	.	.	.	.	.	.	.	.	.	100.00	100.00	.	.	.	.	.	.	.	.	.	.	.	.	.	.	.	.	100.00	100.00	100.00	100.00	100.00	100.00	.	.	.	.	.	.	.	.	.	.	.	.	.	.	99.35	100.00	100.00	100.00	100.00	100.00	100.00	.	.	.	.	.	.	.	.	.	.	.	.	99.33	.	.	.	.	.	.	.	100.00	100.00	100.00	100.00	100.00	99.28	100.00	.	.	.	.	.	100.00	100.00	100.00	100.00	.	.	.	.	.	.	.	.	.	.	.	.	.	.	.	.	.	.	.	.	100.00	100.00	100.00	99.92	.	.	.	.	99.93	.	.	99.94	100.00	99.87	.	.	.	.	.	.	.	.	.	.	.	.	.	.	.	.	.	100.00	.	.	.	.	.	.	.	.	.	100.00	100.00	100.00	100.00	100.00	100.00	100.00	100.00	100.00	100.00	100.00	100.00	100.00;100.00	100.00;100.00	100.00	99.85	100.00	100.00	100.00	100.00	100.00	100.00	100.00	100.00	100.00	100.00	100.00	100.00	100.00	99.90	100.00	100.00	100.00	100.00	100.00	.	.	100.00	100.00	100.00	100.00	100.00	100.00	100.00	100.00	100.00	100.00	100.00	100.00	100.00	100.00	100.00	100.00	100.00	100.00	100.00	.	.	100.00	.	.	.	.	.	.	.	.	.	.	.	.	.	99.56	.	.	98.86	.	100.00	100.00	100.00	.	99.93	100.00	.	.	.	.	.	.	.	.	.	.	.	.	.	.	.	.	.	.	.	.	.	.	.	.	.	.	.	.	100.00	100.00	.	.	100.00	100.00	.	.	.	.	.	.	.	.	100.00	100.00	.	.	.	.	.	.	.	.	.	.	.	.	.	.	.	.	.	.	.	.	.	.	.	.	100.00	100.00	100.00	100.00	.	.	.	.	.	.	.	.	.	.	.	.	.	.	.	.	.	100.00	.	.	.	.	.	.	.	.	.	.	.	.	.	.	.	.	.	.	.	.	.	.	100.00	100.00	100.00	100.00	100.00	100.00	100.00	99.87	100.00	98.98	100.00	100.00	.	100.00
AI-5395_4_4_assembly_Abricate_ecoli_vf.tsv	197	.	.	.	.	.	.	.	.	.	.	.	.	.	.	.	.	.	.	.	.	.	.	.	.	.	.	.	.	.	.	.	.	.	.	.	.	.	.	.	.	.	.	.	.	.	.	100.00	.	100.00	.	.	100.00	.	.	.	.	.	.	.	.	.	.	.	.	.	.	.	.	.	.	.	.	.	.	.	.	.	.	.	100.00	100.00	100.00	100.00	100.00	100.00	100.00	100.00	.	.	.	.	.	100.00	.	100.00	100.00	100.00	100.00	100.00	100.00	100.00	100.00	100.00	100.00	100.00	100.00	100.00	.	.	.	.	.	.	.	100.00	.	.	.	100.00	100.00	.	.	.	.	.	.	.	.	.	100.00	100.00	.	.	.	.	.	.	.	.	.	.	.	.	100.00	100.00	100.00	100.00	100.00	100.00	100.00	100.00	100.00	100.00	.	.	.	.	.	.	.	.	.	.	.	.	100.00	.	99.35	100.00	100.00	100.00	100.00	100.00	99.88	.	.	.	100.00	.	100.00	100.00	100.00	100.00	.	100.00	100.00	100.00	.	.	.	.	.	.	.	100.00	100.00	100.00	100.00	100.00	99.28	100.00	100.00	100.00	100.00	99.15	99.82	100.00	100.00	99.70	100.00	.	.	.	.	.	.	.	.	.	.	.	.	.	.	.	.	.	.	.	.	99.95	100.00	99.94	99.92	.	.	.	.	.	.	.	99.94	100.00	.	.	.	.	.	100.00	100.00	100.00	99.84	100.00	100.00	100.00	100.00	100.00	100.00	98.05	100.00	100.00	100.00	.	.	.	.	.	.	.	.	.	100.00	100.00	100.00	100.00	100.00	100.00	100.00	100.00	100.00	100.00	100.00	100.00	100.00	100.00;100.00	100.00	100.00	100.00	100.00	100.00	100.00	100.00	100.00	100.00	100.00	100.00	100.00	100.00	100.00	100.00	99.90	100.00	100.00	100.00	100.00	100.00	.	.	100.00	100.00	87.45	100.00	100.00	100.00	100.00	100.00	100.00	100.00	100.00	100.00	100.00	100.00	94.65	100.00	100.00	100.00	99.90	.	.	100.00	.	.	100.00	100.00	100.00	100.00	100.00	100.00	100.00	100.00	100.00	100.00	100.00	.	.	100.00	99.91	.	100.00	100.00	100.00	.	100.00	100.00	.	.	.	.	.	.	.	.	.	.	.	.	.	.	.	.	.	.	.	.	.	.	.	.	100.00	.	.	.	100.00	100.00	.	.	100.00	100.00	.	.	.	.	.	.	.	.	99.83	100.00	.	.	.	.	.	.	.	.	.	.	.	.	.	.	.	.	.	.	.	.	.	.	.	.	100.00	100.00	100.00	100.00	.	.	.	.	.	.	.	.	.	.	.	.	99.96	100.00	100.00	100.00	100.00	100.00	.	.	.	.	.	.	100.00	.	.	.	100.00	.	.	.	.	.	.	.	.	.	.	.	100.00	100.00	100.00	100.00	100.00	100.00	100.00	99.87	100.00	98.98	100.00	100.00	100.00	.
AI-5395_50_51_assembly_Abricate_ecoli_vf.tsv	213	.	.	.	.	.	.	.	.	.	.	.	100.00	.	100.00	.	.	.	.	.	100.00	99.97	.	.	.	.	.	.	.	.	.	.	.	.	.	.	.	.	.	.	.	.	.	.	.	.	.	100.00	.	100.00	100.00	.	.	.	.	.	.	.	.	.	.	100.00	.	.	.	.	.	.	.	.	.	.	.	.	.	.	.	.	.	.	100.00	100.00	100.00	100.00	100.00	100.00	100.00	100.00	.	99.47	.	.	.	100.00	.	100.00	100.00	100.00	100.00	100.00	100.00	100.00	100.00	100.00	100.00	100.00	100.00	100.00	.	.	.	.	.	.	.	100.00	100.00	100.00;100.00;100.00;100.00	.	100.00	100.00	.	.	.	.	.	.	.	.	.	100.00	100.00	.	.	100.00;100.00;100.00	.	.	.	.	.	.	.	.	.	.	.	.	.	100.00	100.00	100.00	100.00	100.00	100.00	100.00	100.00	100.00	100.00	100.00	100.00	100.00	99.68	.	100.00	.	.	99.78	.	100.00	100.00	100.00	100.00	100.00	100.00	100.00	.	.	.	99.86	81.14	100.00	100.00	100.00	100.00	.	100.00	.	99.79	100.00	100.00	100.00	100.00	100.00	100.00	100.00	100.00	100.00	100.00	100.00	100.00	99.25	100.00	100.00	100.00	100.00	99.15	100.00	100.00	100.00	100.00	100.00	.	.	.	.	.	.	.	.	.	.	.	.	.	.	.	.	.	.	.	.	100.00	100.00	100.00	99.29	100.00	.	99.56	.	100.00	100.00	100.00	100.00	100.00	100.00	100.00	99.24	100.00	100.00	.	.	.	.	.	.	.	.	.	.	.	.	.	100.00	.	.	.	.	.	.	.	.	.	100.00	100.00	100.00	100.00	100.00	100.00	100.00	100.00	100.00	100.00	100.00	100.00	100.00	100.00;100.00	100.00	100.00	100.00	100.00	100.00	100.00	100.00	100.00	100.00	100.00	100.00	100.00	100.00	100.00	100.00	100.00	100.00	100.00	100.00	100.00	100.00	.	100.00	100.00	100.00	100.00	100.00	100.00	100.00	100.00	100.00	100.00	100.00	100.00	100.00	100.00	100.00	100.00	97.54	100.00	100.00	100.00	.	.	100.00	.	.	100.00	100.00	100.00	100.00	100.00	100.00	100.00	99.67	100.00	99.83	100.00	.	.	100.00	100.00	.	100.00	100.00	100.00	.	100.00	100.00	.	100.00	.	.	.	.	.	.	.	.	.	.	.	.	.	.	.	.	.	.	.	.	.	.	99.74	.	.	.	100.00	100.00	.	.	100.00	100.00	.	.	.	.	.	.	.	.	100.00	100.00	.	.	.	.	.	.	.	.	.	.	.	.	.	.	.	.	.	.	.	.	.	.	.	100.00	100.00	100.00	100.00	100.00	.	.	.	.	.	.	.	.	.	.	.	.	.	.	.	.	.	100.00	.	.	.	.	.	.	.	.	.	.	100.00	95.79	.	.	.	.	.	.	.	.	.	.	100.00	100.00	100.00	100.00	100.00	100.00	100.00	.	100.00	98.98	100.00	100.00	100.00	100.00
AI-5395_51_53_assembly_Abricate_ecoli_vf.tsv	158	.	.	.	.	.	.	.	.	.	.	.	.	.	.	.	.	.	.	.	.	.	.	.	.	.	.	.	.	.	.	.	.	.	.	.	.	.	.	.	.	.	.	.	.	.	.	100.00	.	100.00	.	.	.	.	.	.	.	.	.	.	.	.	.	.	.	.	.	.	.	.	.	.	.	.	.	.	.	.	.	.	100.00	100.00	100.00	.	.	.	.	100.00	.	.	.	.	.	.	.	100.00	.	.	.	.	.	.	.	.	.	.	.	.	.	.	.	.	.	.	.	100.00	100.00	.	.	100.00	.	.	.	.	.	.	.	.	.	.	100.00	100.00	.	.	.	.	.	.	.	.	.	.	.	.	.	.	.	.	100.00	100.00	100.00	100.00	100.00	100.00	.	.	.	.	.	.	.	.	.	.	.	.	.	100.00	99.35	100.00	100.00	100.00	100.00	100.00	100.00	.	.	.	100.00	.	100.00	100.00	100.00	100.00	100.00	100.00	.	.	.	.	.	.	.	.	.	100.00	100.00	100.00	100.00	100.00	99.28	100.00	100.00	100.00	100.00	99.15	99.82	100.00	100.00	100.00	100.00	.	.	.	.	.	.	.	.	.	.	.	.	.	.	.	.	.	.	.	.	100.00	99.95	100.00	.	.	.	99.56	.	100.00	.	.	92.03	100.00	99.87	.	.	.	.	.	.	.	.	.	.	.	.	.	.	.	.	.	100.00	.	.	.	.	.	.	.	.	.	100.00	100.00	100.00	100.00	100.00	100.00	100.00	100.00	100.00	100.00	100.00	100.00	100.00;100.00	100.00;100.00	100.00	99.25	100.00	100.00	100.00	100.00	100.00	100.00	100.00	100.00	100.00	100.00	100.00	100.00	100.00	99.90	100.00	100.00	100.00	100.00	100.00	.	100.00	100.00	100.00	100.00	100.00	100.00	100.00	100.00	100.00	100.00	100.00	100.00	100.00	100.00	100.00	100.00	98.63	100.00	100.00	100.00	.	.	100.00	.	.	.	.	.	.	.	.	.	.	.	.	.	100.00	.	100.00	100.00	.	100.00	100.00	100.00	.	99.93	100.00	100.00	.	.	.	.	.	.	.	.	.	.	100.00	100.00	100.00	100.00	100.00	.	.	.	.	.	.	.	.	.	.	.	.	100.00	100.00	.	.	100.00	100.00	.	.	.	.	.	.	.	.	100.00	100.00	.	.	.	.	.	.	.	.	.	.	.	.	.	.	.	.	.	.	.	.	.	.	.	.	100.00	100.00	100.00	100.00	.	.	.	.	.	.	.	100.00	100.00	100.00	100.00	.	.	.	.	.	.	100.00	.	.	.	.	100.00	.	.	.	.	.	94.40	.	.	.	.	.	.	.	.	.	.	.	100.00	100.00	100.00	100.00	100.00	100.00	100.00	99.87	100.00	93.70	100.00	100.00	.	100.00
AI-5395_52_54_assembly_Abricate_ecoli_vf.tsv	168	100.00	100.00	.	.	100.00	.	.	.	.	.	.	.	.	.	.	.	.	.	.	.	.	.	100.00	.	100.00	.	.	.	.	.	.	.	.	.	.	.	.	.	.	100.00	.	.	.	100.00	100.00	.	100.00	.	.	.	.	.	.	.	.	.	.	90.79	.	.	.	.	.	.	.	99.58	.	.	.	.	.	.	.	.	.	.	.	100.00	.	.	.	.	100.00	100.00	.	.	100.00	.	.	.	.	.	.	.	.	.	.	.	.	.	.	.	.	.	.	.	.	99.81	.	.	.	.	.	.	100.00	100.00	.	99.67	.	100.00	100.00	100.00	.	.	.	99.93	.	.	.	100.00	.	80.05	.	.	.	.	.	.	.	.	.	.	.	.	.	.	.	100.00	100.00	100.00	100.00	100.00	100.00	100.00	100.00	100.00	100.00	100.00	100.00	100.00	100.00	99.95	.	.	.	.	.	100.00	100.00	100.00	100.00	100.00	100.00	100.00	.	.	.	99.93	.	100.00	100.00	100.00	100.00	100.00	100.00	100.00	100.00	.	.	.	.	.	.	.	100.00	100.00	100.00	100.00	100.00	99.25	100.00	.	.	.	.	.	.	.	.	.	.	.	.	.	.	.	.	.	.	.	.	.	.	.	.	.	.	.	.	.	100.00	.	.	.	.	.	.	.	.	.	.	.	.	.	.	.	.	.	.	.	.	.	.	.	.	.	.	.	.	.	.	.	.	.	.	.	.	.	.	.	.	99.96	100.00	100.00	100.00	100.00	100.00	100.00	100.00	99.83	100.00	100.00;100.00	100.00	100.00;100.00	100.00;100.00	100.00	100.00	100.00	100.00	100.00	100.00	100.00	.	.	.	.	.	.	.	100.00	100.00	100.00	100.00	100.00	98.98	100.00	.	.	100.00	100.00	100.00	100.00	100.00	100.00	100.00	100.00	100.00	100.00	100.00	100.00	100.00	100.00	100.00	100.00	100.00	100.00	100.00	.	100.00	100.00	.	.	100.00	100.00	100.00	100.00	100.00	100.00	100.00	99.67	100.00	100.00	100.00	100.00	.	.	.	.	100.00	100.00	100.00	.	100.00	100.00	100.00	.	100.00	100.00	100.00	99.92	100.00	100.00	.	99.98	.	.	.	.	.	.	.	.	.	.	.	100.00	.	.	.	.	.	.	100.00	100.00	.	.	100.00	100.00	.	.	.	.	.	100.00	100.00	.	.	.	.	.	.	.	.	.	.	.	.	.	97.06	.	.	.	.	.	.	.	.	.	.	.	.	.	100.00	100.00	100.00	100.00	.	.	.	.	.	.	.	.	.	.	.	.	.	100.00	100.00	100.00	.	100.00	.	100.00	.	99.83	100.00;99.73	.	.	.	.	99.98	.	.	.	.	100.00	100.00	100.00	100.00	100.00	.	.	100.00	.	.	.	.	.	.	.	100.00	100.00	.	.	100.00	100.00	.
AI-5395_53_55_assembly_Abricate_ecoli_vf.tsv	196	.	.	.	.	.	.	.	.	.	.	.	.	.	.	.	.	.	.	.	.	.	.	.	.	.	.	.	.	.	.	.	.	.	.	.	.	.	.	.	.	.	.	.	.	.	.	100.00	.	100.00	100.00	.	100.00	.	.	.	.	.	.	.	.	.	.	.	.	.	.	.	.	.	.	.	.	.	.	.	.	.	.	.	100.00	100.00	100.00	100.00	100.00	.	.	100.00	.	.	.	.	.	99.95;98.83	.	98.00	100.00	100.00	100.00	100.00	100.00	100.00	100.00	100.00	100.00	99.97	99.86	100.00	.	.	.	.	.	.	100.00	100.00	100.00	100.00	.	100.00	.	.	.	.	.	.	.	.	.	.	100.00	100.00	.	.	.	.	.	.	.	.	.	.	.	.	.	.	.	.	100.00	100.00	100.00	100.00	100.00	100.00	100.00	100.00	100.00	100.00	100.00	100.00	100.00	100.00	.	.	.	.	100.00	.	100.00	100.00	100.00	100.00	100.00	100.00	100.00	.	.	.	100.00	.	100.00	100.00	100.00	100.00	.	.	.	100.00	100.00	100.00	100.00	100.00	100.00	100.00	100.00	100.00	100.00	100.00	100.00	100.00	99.28	100.00	100.00	100.00	100.00	98.72	100.00	99.73	100.00	100.00	100.00	.	.	.	.	.	.	.	.	.	.	.	.	.	.	.	.	.	.	.	.	100.00	100.00	100.00	99.29	100.00	.	.	.	100.00	100.00	99.58	100.00	100.00	97.56	100.00	100.00	100.00	99.12	.	.	.	.	.	.	.	.	.	.	.	.	.	100.00	.	.	.	.	.	.	.	.	.	100.00	100.00	100.00	100.00	100.00	100.00	100.00	100.00	100.00	100.00	100.00;100.00	100.00	100.00;100.00	100.00;100.00	100.00	100.00	100.00	100.00	100.00	100.00	100.00	100.00	100.00	100.00	100.00	100.00	100.00	100.00	100.00	100.00	100.00	100.00	100.00	98.98	100.00	.	100.00	100.00	100.00	100.00	100.00	100.00	100.00	100.00	100.00	100.00	100.00	100.00	100.00	100.00	100.00	100.00	100.00	100.00	100.00	100.00	.	.	100.00	.	.	.	.	.	.	.	.	.	.	.	.	.	100.00	.	100.00	100.00	.	100.00	100.00	100.00	.	99.86	100.00	.	100.00	.	.	.	.	.	.	.	.	99.68	.	.	.	.	.	.	.	.	.	.	.	.	100.00	100.00	.	.	.	100.00	100.00	.	.	100.00	100.00	.	.	.	.	.	.	.	.	100.00	100.00	.	.	.	.	.	.	.	.	.	.	.	.	.	.	.	.	.	.	.	.	.	.	.	100.00	100.00	100.00	100.00	100.00	.	.	.	.	.	.	.	100.00	100.00	100.00	100.00	.	.	.	.	.	.	100.00	.	100.00	.	.	100.00	.	.	.	.	.	.	.	.	.	.	.	.	.	.	.	.	.	100.00	100.00	100.00	100.00	100.00	100.00	100.00	99.62	100.00	98.98	100.00	100.00	.	.
AI-5395_54_56_assembly_Abricate_ecoli_vf.tsv	220	.	.	.	.	.	.	.	.	.	.	.	.	.	.	.	.	.	.	.	.	.	.	.	.	.	.	.	.	.	.	.	.	.	.	.	.	.	.	.	.	.	.	.	.	.	.	100.00	100.00	100.00	100.00	.	.	.	.	.	.	.	.	.	.	.	.	.	.	.	.	.	.	.	.	.	.	.	.	.	.	.	.	.	.	.	.	100.00	100.00	100.00	.	100.00	.	.	.	.	.	85.22	100.00	100.00	100.00	100.00	100.00	100.00	100.00	100.00	100.00	100.00	100.00	100.00	100.00	100.00	100.00	100.00	.	.	.	.	100.00	100.00	100.00	.	.	100.00	.	.	.	.	.	.	.	.	.	.	100.00	.	80.05	.	.	.	.	.	.	.	.	.	.	.	.	.	.	.	100.00	100.00	100.00	100.00	100.00	100.00	100.00	100.00	100.00	100.00	100.00	100.00	100.00	100.00	.	.	.	.	100.00	.	99.35	99.79	100.00	100.00	100.00	100.00	100.00	.	.	.	100.00	.	99.68	100.00	100.00	100.00	.	100.00	.	100.00	100.00	100.00	100.00	100.00	100.00	100.00	100.00	100.00	100.00	100.00	100.00	100.00	99.28	100.00	100.00	100.00	100.00	98.72	100.00	99.73	100.00	100.00	100.00	.	.	.	.	.	.	.	.	.	.	.	.	.	.	.	.	.	.	.	.	100.00	100.00	100.00	99.29	100.00	.	97.19	.	100.00	.	100.00	100.00	100.00	97.83	96.49	100.00	100.00	.	.	.	.	.	.	.	.	.	.	.	.	.	.	100.00	.	.	.	.	.	.	.	.	.	100.00	100.00	100.00	100.00	100.00	100.00	100.00	100.00	81.76	100.00	100.00	100.00	100.00;100.00	100.00;100.00	100.00	100.00	100.00	100.00	100.00	100.00	100.00	100.00	100.00	100.00	100.00	100.00	100.00	100.00	100.00	100.00	100.00	100.00	100.00	98.98	100.00	.	100.00	100.00	100.00	100.00	100.00	100.00	100.00	100.00	100.00	100.00	100.00	100.00	100.00	100.00	100.00	100.00	100.00	100.00	100.00	100.00	.	100.00	100.00	.	.	.	.	.	.	.	.	.	.	.	99.92	99.81	.	.	.	100.00	.	100.00	100.00	100.00	.	100.00	100.00	.	100.00	.	.	.	.	.	.	100.00	100.00	99.68;99.68	100.00	100.00	100.00	100.00	100.00	100.00	100.00	.	.	.	.	.	.	100.00	.	.	.	100.00	100.00	.	.	100.00	100.00	.	.	.	.	.	100.00	100.00	.	100.00	100.00	.	.	100.00	99.68	.	.	100.00	100.00	99.90	.	94.77	.	.	100.00	.	.	.	.	.	.	.	.	.	100.00	100.00	100.00	100.00	100.00	.	100.00	.	.	.	.	.	100.00;100.00	100.00;100.00	100.00;100.00	100.00;100.00	.	.	100.00	100.00	100.00	.	100.00	.	.	.	99.83	100.00	.	100.00	.	.	.	.	.	.	.	100.00	100.00	100.00	100.00	100.00	100.00	100.00	100.00	.	.	.	.	.	.	.	99.62	100.00	100.00	100.00	100.00	.	.
AI-5395_55_57_assembly_Abricate_ecoli_vf.tsv	220	.	.	.	.	.	.	.	.	.	.	.	.	.	.	.	.	.	.	.	.	.	.	.	.	100.00	.	100.00	100.00	.	.	.	99.66	100.00	100.00	100.00	100.00	.	.	.	.	.	.	.	.	.	.	100.00	.	100.00	.	.	.	100.00	.	100.00	100.00	.	99.44	100.00	.	.	.	.	.	.	.	.	.	.	.	.	.	.	.	100.00	.	.	.	.	100.00	100.00	100.00	100.00	100.00	.	100.00	100.00	.	.	.	.	.	100.00	.	100.00	100.00	100.00	100.00	100.00	100.00	100.00	100.00	100.00	100.00	100.00	100.00	100.00	.	.	.	.	.	.	100.00	100.00	.	.	.	100.00	100.00	.	.	.	.	.	99.93	.	.	.	100.00	.	80.05	.	.	.	.	.	.	.	.	.	.	.	100.00	100.00	100.00	100.00	100.00	100.00	100.00	100.00	100.00	100.00	.	.	.	.	.	.	.	.	.	.	.	.	100.00	.	99.35	100.00	100.00	100.00	100.00	100.00	100.00	100.00	.	.	100.00	.	100.00	100.00	100.00	100.00	.	100.00	100.00	100.00	.	.	.	.	.	.	.	100.00	100.00	100.00	100.00	100.00	99.28	100.00	100.00	100.00	100.00	99.15	99.91	100.00	100.00	99.70	100.00	.	.	.	.	.	.	.	.	.	.	.	.	.	.	.	.	.	.	.	.	100.00	100.00	99.94	99.92	.	.	.	.	100.00	.	.	99.94	100.00	.	.	.	.	.	.	.	.	.	.	.	.	.	.	.	.	.	.	100.00	.	.	.	.	.	.	.	.	.	100.00	100.00	100.00	100.00	100.00	100.00	100.00	100.00	100.00	100.00	100.00;100.00	100.00	100.00	100.00;100.00	100.00	100.00	100.00	100.00	100.00	100.00	100.00	100.00	100.00	100.00	100.00	100.00	100.00	100.00	100.00	99.90	100.00	100.00	100.00	100.00	100.00	.	.	100.00	100.00	100.00	100.00	100.00	100.00	100.00	100.00	100.00	100.00	100.00	100.00	100.00	100.00	94.65	98.63	100.00	100.00	99.90	.	.	100.00	.	.	100.00	100.00	100.00	100.00	100.00	100.00	100.00	100.00	100.00	100.00	100.00	.	100.00	100.00	100.00	.	100.00	100.00	100.00	.	100.00	100.00	89.74	.	.	100.00	100.00	100.00	100.00	100.00	.	.	100.00;99.68	100.00	100.00	100.00	100.00	100.00	.	.	.	.	.	.	.	.	100.00	100.00	100.00	.	100.00	100.00	.	.	100.00	100.00	.	.	.	.	.	.	100.00	.	99.83	100.00	.	.	.	.	.	.	.	.	.	.	.	.	.	.	.	.	.	.	.	.	.	.	.	.	100.00	100.00	100.00	100.00	.	.	.	.	.	.	.	100.00	100.00	100.00	100.00	.	.	100.00	100.00	100.00	100.00	100.00	.	.	.	.	100.00;99.04	.	100.00	.	.	.	100.00	.	.	.	.	.	.	.	.	.	.	.	100.00	100.00	100.00	100.00	100.00	100.00	100.00	99.87	100.00	98.98	100.00	100.00	100.00	.
AI-5395_56_58_assembly_Abricate_ecoli_vf.tsv	220	.	.	100.00	.	.	.	.	.	.	.	.	.	.	.	.	.	.	.	94.12	.	.	.	.	.	100.00	100.00	100.00	100.00	.	.	.	99.66	100.00	.	100.00	.	.	.	.	.	.	.	.	.	.	.	100.00	.	100.00	.	.	.	100.00	.	100.00	100.00	.	99.44	100.00	.	.	.	.	.	.	.	.	.	.	.	.	.	.	.	100.00	.	.	.	.	100.00	100.00	100.00	100.00	100.00	.	.	100.00	.	.	.	.	.	100.00	.	100.00	100.00	100.00	100.00	100.00	100.00	100.00	100.00	100.00	100.00	100.00	100.00	100.00	.	.	.	.	.	.	.	100.00	.	100.00	.	100.00	100.00	.	.	.	.	.	99.93	.	.	.	100.00	100.00	.	.	100.00	.	.	.	.	.	.	.	.	.	100.00	100.00	100.00	100.00	100.00	100.00	100.00	100.00	100.00	100.00	.	.	.	.	.	.	.	.	.	.	.	.	99.78	.	99.35	100.00	100.00	100.00	100.00	100.00	100.00	.	.	.	100.00	.	100.00	100.00	100.00	100.00	.	100.00	.	99.90	.	.	.	.	.	.	.	100.00	100.00	100.00	100.00	100.00	99.28	100.00	99.90	100.00	100.00	99.15	99.91	100.00	100.00	99.70	100.00	.	.	.	.	.	.	.	.	.	.	.	.	.	.	.	.	.	.	.	.	100.00	100.00	99.94	100.00	.	.	.	.	100.00	.	.	99.94	100.00	.	.	.	.	.	.	.	.	.	.	.	.	.	.	.	.	.	.	100.00	.	.	.	.	.	.	.	.	.	100.00	100.00	100.00	100.00	100.00	100.00	100.00	100.00	100.00	100.00	100.00;100.00	100.00	100.00;100.00	100.00;100.00	100.00	100.00	100.00	100.00	100.00	100.00	100.00	100.00	100.00	100.00	100.00	100.00	100.00	100.00	100.00	99.90	100.00	100.00	100.00	100.00	100.00	.	100.00	100.00	100.00	100.00	100.00	100.00	100.00	100.00	100.00	100.00	100.00	100.00	100.00	100.00	100.00	100.00	100.00	100.00	100.00	99.90	.	.	100.00	.	.	100.00	100.00	100.00	100.00	100.00	100.00	100.00	100.00	100.00	100.00	100.00	.	.	100.00	99.91	.	100.00	100.00	100.00	.	100.00	100.00	100.00	.	.	.	.	.	.	.	.	.	99.68	100.00	100.00	100.00	100.00	100.00	.	.	.	.	.	.	.	.	100.00	.	.	.	100.00	100.00	.	.	100.00	100.00	.	.	.	.	.	.	.	.	100.00	100.00	.	.	.	.	.	.	.	.	.	.	.	.	.	.	.	100.00	100.00	99.77	100.00	99.84	100.00	100.00	100.00	.	100.00	100.00	100.00	100.00	.	.	.	.	.	.	.	100.00	100.00	100.00	100.00	.	.	100.00	100.00	100.00	100.00	100.00	.	99.74	.	.	100.00	.	100.00	.	.	.	100.00	.	.	.	.	.	.	.	.	.	.	.	100.00	99.82	100.00	100.00	100.00	100.00	100.00	99.87	100.00	98.98	100.00	100.00	100.00	.
AI-5395_57_59_assembly_Abricate_ecoli_vf.tsv	224	.	.	100.00	100.00	.	.	.	.	.	.	.	.	.	.	.	.	.	.	.	.	.	.	.	.	100.00	100.00	100.00	100.00	100.00	.	.	.	.	.	100.00	.	.	.	.	.	.	.	.	.	.	.	100.00	.	100.00	.	.	.	100.00	.	.	100.00	100.00	.	100.00	.	.	.	.	.	.	.	.	.	.	.	.	100.00	.	99.58	.	.	.	.	100.00	100.00	100.00	100.00	.	100.00	.	.	100.00	.	.	.	.	.	100.00	.	100.00	100.00	100.00	100.00	100.00	100.00	100.00	100.00	100.00	100.00	100.00	100.00	100.00	.	.	.	.	.	.	.	100.00	.	.	.	100.00	100.00	.	.	.	.	.	100.00	.	.	.	100.00	.	80.05	.	.	.	.	.	.	.	.	.	.	.	100.00	100.00	100.00	100.00	100.00	100.00	100.00	100.00	100.00	100.00	.	.	.	.	.	.	.	.	100.00	.	.	.	99.78	.	99.35	100.00	100.00	100.00	100.00	100.00	100.00	100.00	.	.	100.00	.	100.00	100.00	100.00	100.00	.	100.00	.	100.00	.	.	.	.	.	.	.	100.00	100.00	100.00	100.00	100.00	99.28	100.00	100.00	99.55	100.00	99.15	99.91	100.00	100.00	99.70	100.00	.	.	.	.	.	.	.	.	.	.	.	.	.	.	.	.	.	.	.	.	100.00	100.00	99.94	100.00	.	.	.	.	100.00	.	.	99.94	100.00	.	.	.	.	.	.	.	.	.	.	.	.	.	.	.	.	.	.	100.00	.	.	.	.	.	.	.	.	.	100.00	100.00	100.00	100.00	100.00	100.00	100.00	100.00	100.00	100.00	100.00;100.00	100.00	100.00;100.00	100.00;100.00	100.00	100.00;100.00	100.00	100.00	100.00	100.00	100.00	100.00	100.00	100.00	100.00	100.00	100.00	100.00	100.00	99.90	100.00	100.00	100.00	100.00	100.00	.	100.00	100.00	100.00	100.00	100.00	100.00	100.00	100.00	100.00	100.00	100.00	100.00	100.00	100.00	100.00	100.00	98.63	100.00	100.00	99.90	.	.	100.00	.	.	100.00	100.00	100.00	100.00	100.00	100.00	100.00	99.67	100.00	100.00	100.00	.	100.00	100.00	99.91	.	100.00	100.00	100.00	.	100.00	100.00	.	.	.	100.00	100.00	100.00	100.00	100.00	.	.	97.41;100.00	100.00	100.00	100.00	100.00	100.00	.	.	.	.	.	.	.	.	100.00	100.00	100.00	.	100.00	100.00	.	.	100.00	100.00	.	.	.	.	.	.	.	.	99.83	100.00	.	.	.	.	.	.	.	.	.	.	.	.	.	.	.	.	100.00	99.77	100.00	99.84	100.00	100.00	100.00	.	100.00	100.00	100.00	100.00	.	.	.	.	.	.	.	100.00;100.00	100.00;100.00	100.00;100.00	100.00;100.00	.	.	100.00	100.00	100.00	100.00	100.00	.	.	.	.	100.00	.	100.00	.	.	.	100.00	.	.	.	.	.	.	.	.	.	.	.	100.00	100.00	100.00	100.00	100.00	100.00	100.00	99.87	100.00	98.98	100.00	100.00	100.00	.
AI-5395_58_60_assembly_Abricate_ecoli_vf.tsv	204	.	.	.	.	.	.	.	.	.	.	.	.	.	.	.	.	.	.	.	.	.	.	.	.	.	.	.	.	.	.	.	.	.	.	.	.	.	.	.	.	.	.	.	.	.	.	100.00	.	100.00	.	.	100.00	.	.	.	.	.	.	.	.	.	.	.	.	.	.	.	.	.	.	.	.	.	.	.	.	.	.	.	100.00	100.00	100.00	100.00	100.00	.	100.00	100.00	.	.	100.00	.	.	100.00	.	100.00	.	100.00	100.00	100.00	100.00	100.00	100.00	100.00	100.00	100.00	100.00	100.00	.	.	.	.	.	.	.	100.00	.	.	.	100.00	100.00	.	.	.	.	.	.	.	.	.	100.00	100.00	.	.	.	.	.	.	.	.	.	.	.	.	100.00	100.00	100.00	100.00	100.00	100.00	100.00	100.00	100.00	100.00	.	.	.	.	.	.	.	.	100.00	.	.	.	100.00	100.00	99.35	100.00	100.00	100.00	100.00	100.00	100.00	.	.	.	100.00	.	100.00	100.00	100.00	100.00	.	100.00	100.00	99.97	.	.	.	.	.	.	.	100.00	100.00	100.00	100.00	100.00	98.66	100.00	99.90	100.00	100.00	99.15	99.91	100.00	100.00	99.70	100.00	.	.	.	.	.	.	.	.	.	.	.	.	.	.	.	.	.	.	.	.	100.00	100.00	99.94	100.00	.	.	.	.	100.00	.	.	99.94	100.00	.	.	.	.	.	.	.	.	.	.	.	.	.	.	.	.	.	.	100.00	.	.	.	.	.	.	.	.	.	100.00	100.00	100.00	100.00	100.00	100.00	100.00	100.00	100.00	100.00	100.00;100.00	100.00	100.00	100.00;100.00	100.00	100.00;100.00	100.00	100.00	100.00	100.00	100.00	100.00	100.00	100.00	100.00	100.00	100.00	100.00	100.00	99.90	100.00	100.00	100.00	100.00	100.00	.	.	100.00	100.00	100.00	100.00	100.00	100.00	100.00	100.00	100.00	100.00	100.00	100.00	100.00	100.00	94.65	100.00	100.00	100.00	99.90	.	.	100.00	.	.	100.00	100.00	99.93	100.00	100.00	100.00	100.00	100.00	100.00	100.00	100.00	.	.	100.00	100.00	.	100.00	100.00	100.00	.	100.00	100.00	.	.	100.00	100.00	100.00	100.00	100.00	100.00	.	.	99.68;100.00	100.00	100.00	100.00	100.00	100.00	.	.	.	.	.	.	.	.	100.00	.	.	.	100.00	100.00	.	.	100.00	100.00	.	.	.	.	.	.	84.28	.	100.00	99.77	.	.	.	.	.	.	.	.	.	.	.	.	.	.	.	.	.	.	.	.	.	.	.	.	100.00	100.00	100.00	100.00	.	.	.	.	.	.	.	100.00	100.00	100.00	100.00	.	.	100.00	100.00	100.00	100.00	100.00	.	100.00	.	.	100.00	.	100.00	.	.	.	100.00	.	.	.	.	.	.	.	.	.	.	.	100.00	100.00	100.00	100.00	100.00	100.00	100.00	99.87	100.00	98.98	100.00	100.00	100.00	.
AI-5395_59_61_assembly_Abricate_ecoli_vf.tsv	198	.	.	.	.	.	.	.	.	.	.	.	.	.	.	.	.	.	.	.	.	.	.	.	.	.	.	.	.	.	.	.	.	.	.	.	.	.	.	.	.	.	.	.	.	.	.	100.00	.	100.00	.	.	100.00	.	.	.	.	.	.	.	.	.	.	.	.	.	.	.	.	.	.	.	.	.	.	.	.	.	.	.	100.00	100.00	.	.	.	.	100.00	100.00	.	.	100.00	.	.	100.00	.	100.00	.	100.00	100.00	100.00	100.00	100.00	100.00	100.00	100.00	99.94	100.00	100.00	.	.	.	.	.	.	.	100.00	.	.	.	100.00	100.00	.	.	.	.	.	.	.	.	.	100.00	100.00	.	.	.	.	.	.	.	.	.	.	.	.	100.00	100.00	100.00	100.00	100.00	100.00	100.00	100.00	100.00	100.00	.	.	.	.	.	.	.	.	.	.	.	.	100.00	99.63	99.35	100.00	100.00	100.00	100.00	100.00	100.00	.	.	.	100.00	.	100.00	100.00	100.00	100.00	.	100.00	100.00	99.97	.	.	.	.	.	.	.	100.00	100.00	100.00	100.00	100.00	98.66	100.00	99.90	100.00	100.00	99.15	99.91	100.00	100.00	99.70	100.00	.	.	.	.	.	.	.	.	.	.	.	.	.	.	.	.	.	.	.	.	100.00	100.00	99.94	100.00	.	.	.	.	100.00	.	.	99.94	100.00	.	.	.	.	.	.	.	.	.	.	.	.	.	.	.	.	.	.	100.00	.	.	.	.	.	.	.	.	.	100.00	100.00	100.00	100.00	100.00	100.00	100.00	100.00	100.00	100.00	100.00	100.00	100.00	100.00;100.00	100.00	100.00;100.00	100.00	100.00	100.00	100.00	100.00	100.00	100.00	100.00	100.00	100.00	100.00	100.00	100.00	99.90	100.00	100.00	100.00	100.00	100.00	.	.	100.00	100.00	100.00	100.00	100.00	100.00	100.00	100.00	100.00	100.00	100.00	100.00	100.00	100.00	90.02;94.65	90.44;100.00	100.00	100.00	99.90	.	.	100.00	.	.	100.00	100.00	99.93	100.00	100.00	100.00	100.00	100.00	100.00	100.00	100.00	.	.	100.00	100.00	.	100.00	100.00	100.00	.	100.00	100.00	.	.	99.95	100.00	100.00	100.00	100.00	100.00	.	.	100.00;99.68	100.00	100.00	100.00	99.92	.	.	.	.	.	.	.	.	.	100.00	.	.	.	100.00	100.00	.	.	100.00	100.00	.	.	.	.	.	.	84.28	.	100.00	99.77	.	.	.	.	.	.	.	.	.	.	.	.	.	.	.	.	.	.	.	.	.	.	.	.	100.00	100.00	100.00	100.00	.	.	.	.	.	.	.	100.00	100.00	100.00	100.00	.	.	100.00	100.00	100.00	100.00	100.00	.	.	.	.	100.00	.	100.00	.	.	.	100.00	.	.	.	.	.	.	.	.	.	.	.	100.00	100.00	100.00	100.00	100.00	100.00	100.00	99.87	100.00	98.98	100.00	100.00	100.00	.
AI-5395_5_5_assembly_Abricate_ecoli_vf.tsv	211	.	.	.	.	.	.	.	.	.	.	.	.	.	.	.	.	.	.	.	.	.	.	.	.	.	.	.	.	.	.	.	.	.	.	.	.	.	.	.	.	.	.	.	.	.	.	100.00	100.00	100.00	100.00	.	.	.	.	.	.	.	.	.	.	.	.	.	.	.	.	.	.	.	.	.	.	.	.	.	.	.	.	.	.	.	.	100.00	100.00	100.00	.	100.00	.	.	.	.	.	85.22	100.00	100.00	100.00	100.00	100.00	100.00	100.00	100.00	100.00	100.00	100.00	100.00	100.00	100.00	100.00	100.00	.	.	.	.	100.00	100.00	100.00	.	.	100.00	100.00	.	.	.	.	.	.	.	.	99.86;99.86	100.00	.	80.05	.	.	.	.	.	.	.	.	.	.	.	.	.	.	.	100.00	100.00	100.00	100.00	100.00	100.00	100.00	100.00	100.00	100.00	100.00	100.00	100.00	100.00	.	.	.	.	100.00	.	99.35	99.79	100.00	100.00	100.00	100.00	100.00	.	.	.	100.00	100.00	99.68	100.00	100.00	100.00	.	100.00	.	84.76	.	100.00	100.00	100.00	100.00	100.00	100.00	100.00	100.00	100.00	100.00	100.00	99.28	100.00	100.00	100.00	100.00	98.72	100.00	99.73	100.00	100.00	100.00	.	.	.	.	.	.	.	.	.	.	.	.	.	.	.	.	.	.	.	.	100.00	100.00	100.00	99.29	100.00	.	97.19	.	100.00	.	100.00	100.00	100.00	97.83	96.49	100.00	100.00	.	.	.	.	.	.	.	.	.	.	.	.	.	.	100.00	.	.	.	.	.	.	.	.	.	100.00	100.00	100.00	100.00	100.00	100.00	100.00	100.00	100.00	100.00	100.00	100.00	100.00;100.00	100.00;100.00	100.00	100.00	100.00	100.00	100.00	100.00	100.00	100.00	100.00	100.00	100.00	100.00	100.00	100.00	100.00	100.00	100.00	100.00	100.00	98.98	100.00	.	100.00	100.00	100.00	100.00	100.00	100.00	100.00	100.00	100.00	100.00	100.00	100.00	100.00	100.00	100.00	100.00	100.00	100.00	100.00	100.00	.	.	100.00	.	.	100.00	100.00	100.00	100.00	100.00	100.00	100.00	99.67	100.00	100.00	99.81	.	.	.	100.00	.	100.00	100.00	100.00	.	100.00	100.00	.	100.00	.	.	.	.	.	.	.	.	99.68	100.00	100.00	100.00	100.00	100.00	.	100.00	.	.	.	.	.	.	100.00	.	.	.	100.00	100.00	.	.	100.00	100.00	.	.	.	.	.	100.00	100.00	.	100.00	100.00	.	.	.	.	.	.	.	.	.	.	.	.	.	.	.	.	.	.	.	.	.	.	.	100.00	100.00	100.00	100.00	100.00	.	.	.	.	.	.	.	100.00;100.00;100.00	100.00;100.00;100.00	100.00;100.00;100.00	100.00;100.00;100.00	.	.	100.00	100.00	100.00	.	100.00	.	100.00;92.46	.	.	.	.	100.00	.	.	.	.	.	.	.	.	.	.	.	.	.	.	.	.	.	.	.	.	.	.	99.62	100.00	100.00	100.00	100.00	100.00	.
AI-5395_60_62_assembly_Abricate_ecoli_vf.tsv	173	.	.	.	.	.	.	.	.	.	.	.	.	.	.	.	.	.	.	.	.	.	.	.	.	.	.	.	.	.	.	.	.	.	.	.	.	.	.	.	.	.	.	.	.	.	.	100.00	.	.	.	.	.	.	.	.	.	.	.	.	.	.	.	.	.	.	.	.	.	.	.	.	100.00	.	.	.	.	.	.	.	100.00	100.00	100.00	.	.	.	.	100.00	.	.	.	.	.	100.00	.	100.00	92.01	100.00	100.00	100.00	100.00	100.00	100.00	100.00	100.00	100.00	100.00	100.00	.	.	.	.	.	.	.	100.00	100.00	.	.	.	100.00	.	.	.	.	.	.	.	.	.	.	.	80.05	.	.	.	.	.	.	.	.	.	.	.	.	.	.	.	100.00	100.00	100.00	100.00	100.00	100.00	.	.	.	.	.	.	.	.	.	.	.	.	100.00	.	99.35	100.00	100.00	100.00	100.00	100.00	100.00	100.00	.	.	100.00	.	.	.	.	.	.	.	.	.	.	.	.	.	.	.	.	100.00	100.00	100.00	100.00	100.00	99.28	100.00	.	.	.	.	.	.	.	.	.	.	.	.	.	.	.	.	.	.	.	.	.	.	.	.	.	.	.	.	.	100.00	99.95	87.43	99.85	.	.	.	.	100.00	.	.	99.94	100.00	99.87	.	.	.	.	.	.	.	.	.	.	.	.	.	.	.	.	.	.	.	.	.	.	.	.	.	.	.	100.00	100.00	100.00	100.00	100.00	100.00	100.00	100.00	100.00	100.00	100.00	100.00	100.00;100.00	100.00;100.00	100.00	99.25	100.00	100.00	100.00	100.00	100.00	100.00	100.00	100.00	100.00	100.00	100.00	100.00	100.00	99.90	100.00	100.00	100.00	100.00	100.00	.	100.00	100.00	100.00	100.00	100.00	100.00	100.00	100.00	100.00	100.00	100.00	100.00	100.00	100.00	100.00	100.00	97.54	100.00	100.00	100.00	.	.	100.00	.	.	100.00	100.00	100.00	100.00	100.00	100.00	100.00	100.00	100.00	100.00	100.00	100.00	100.00	100.00	100.00	.	100.00	100.00	100.00	.	99.93	100.00	89.74	.	.	100.00	100.00	100.00	100.00	100.00	.	.	100.00	100.00	100.00	100.00	100.00	100.00	.	.	.	.	.	.	.	.	.	100.00	.	.	100.00	100.00	.	100.00	100.00	100.00	.	.	.	.	.	.	.	.	.	.	.	.	.	.	.	.	.	.	.	.	.	.	.	.	.	.	.	.	.	.	.	.	.	.	100.00	100.00	100.00	100.00	.	.	.	.	.	.	.	100.00	100.00	100.00	100.00	.	.	.	.	.	.	100.00	.	.	.	99.83	100.00;100.00	.	.	.	.	.	100.00	.	.	.	.	.	.	.	.	.	.	.	100.00	100.00	100.00	100.00	100.00	100.00	100.00	99.87	100.00	.	.	100.00	100.00	100.00
AI-5395_61_63_assembly_Abricate_ecoli_vf.tsv	127	.	.	.	.	.	.	.	.	.	.	.	.	.	.	.	.	.	.	.	.	.	.	.	.	.	.	.	.	.	.	.	.	.	.	.	.	.	.	.	.	.	.	.	.	.	.	100.00	.	100.00	.	.	.	.	.	.	.	.	.	.	.	.	.	.	.	.	.	.	.	.	.	.	.	.	.	.	.	.	.	.	.	.	100.00	.	.	.	.	100.00	.	.	100.00	.	.	100.00	.	.	.	.	.	.	.	.	.	.	.	.	.	.	.	.	.	.	.	.	.	100.00	.	100.00	.	99.79	.	.	.	.	.	.	.	.	.	.	100.00	.	.	.	.	.	.	.	.	.	.	.	.	.	100.00	100.00	100.00	100.00	100.00	100.00	100.00	100.00	100.00	100.00	.	.	.	.	.	.	.	.	.	.	.	.	.	.	99.35	100.00	100.00	100.00	100.00	100.00	100.00	.	.	.	100.00	.	.	.	.	.	.	.	.	83.79	.	.	.	.	.	.	.	100.00	100.00	100.00	100.00	100.00	99.28	100.00	.	.	.	.	.	.	100.00	100.00	99.86	.	.	.	.	.	.	.	.	.	.	.	.	.	.	.	.	.	.	.	.	.	100.00	99.94	100.00	.	.	99.56	.	.	.	.	99.94	100.00	.	.	.	.	.	.	.	.	.	.	.	.	.	.	.	.	.	.	.	.	.	.	.	.	.	.	.	.	100.00	100.00	100.00	100.00	100.00	100.00	100.00	.	.	.	.	.	100.00	100.00	100.00	.	100.00	100.00	100.00	100.00	100.00	100.00	100.00	100.00	100.00	100.00	100.00	100.00	100.00	99.90	100.00	100.00	100.00	100.00	100.00	.	100.00	100.00	100.00	100.00	100.00	100.00	100.00	100.00	100.00	100.00	100.00	100.00	100.00	100.00	100.00	100.00	100.00	100.00	100.00	100.00	.	.	100.00	.	.	.	.	.	.	.	.	.	.	.	.	.	100.00	.	.	100.00	.	100.00	100.00	100.00	.	99.93	100.00	.	.	.	.	.	.	.	.	.	.	99.68;99.68	.	.	.	.	.	.	.	.	.	.	.	.	.	.	.	.	.	100.00	100.00	.	.	100.00	100.00	.	.	.	.	.	.	.	.	100.00	100.00	.	.	.	.	.	.	.	.	.	.	.	.	.	.	.	.	.	.	.	.	.	.	.	.	100.00	100.00	100.00	100.00	.	.	.	.	.	.	.	.	.	.	.	.	.	.	.	.	.	100.00	.	99.74	.	.	.	.	.	.	.	.	.	.	.	.	.	.	.	.	.	.	.	.	100.00	100.00	100.00	100.00	100.00	100.00	100.00	100.00	100.00	98.98	100.00	100.00	.	.
AI-5395_62_64_assembly_Abricate_ecoli_vf.tsv	173	.	.	.	.	.	.	.	.	.	.	.	.	.	.	.	.	.	.	.	.	.	.	.	.	.	.	.	.	.	.	.	.	.	.	.	.	.	.	.	.	.	.	.	.	.	.	100.00	.	.	.	.	.	.	.	.	.	.	.	.	.	.	.	.	.	.	.	.	.	.	.	.	100.00	.	.	.	.	.	.	.	100.00	100.00	100.00	.	.	.	.	100.00	.	.	.	.	.	100.00	.	100.00	92.01	100.00	100.00	100.00	100.00	100.00	100.00	100.00	100.00	100.00	100.00	100.00	.	.	.	.	.	.	.	100.00	100.00	.	.	.	100.00	.	.	.	.	.	.	.	.	.	.	.	80.05	.	.	.	.	.	.	.	.	.	.	.	.	.	.	.	100.00	100.00	100.00	100.00	100.00	100.00	.	.	.	.	.	.	.	.	.	.	.	.	100.00	.	99.35	100.00	100.00	100.00	100.00	100.00	100.00	100.00	.	.	100.00	.	.	.	.	.	.	.	.	.	.	.	.	.	.	.	.	100.00	100.00	100.00	100.00	100.00	99.28	100.00	.	.	.	.	.	.	.	.	.	.	.	.	.	.	.	.	.	.	.	.	.	.	.	.	.	.	.	.	.	100.00	99.95	87.43	99.85	.	.	.	.	100.00	.	.	99.94	100.00	99.87	.	.	.	.	.	.	.	.	.	.	.	.	.	.	.	.	.	.	.	.	.	.	.	.	.	.	.	100.00	100.00	100.00	100.00	100.00	100.00	100.00	100.00	100.00	100.00	100.00	100.00	100.00;100.00	100.00;100.00	100.00	99.25	100.00	100.00	100.00	100.00	100.00	100.00	100.00	100.00	100.00	100.00	100.00	100.00	100.00	99.90	100.00	100.00	100.00	100.00	100.00	.	100.00	100.00	100.00	100.00	100.00	100.00	100.00	100.00	100.00	100.00	100.00	100.00	100.00	100.00	100.00	100.00	97.54	100.00	100.00	100.00	.	.	100.00	.	.	100.00	100.00	100.00	100.00	100.00	100.00	100.00	100.00	100.00	100.00	100.00	100.00	100.00	100.00	100.00	.	100.00	100.00	100.00	.	99.93	100.00	89.74	.	.	100.00	100.00	100.00	100.00	100.00	.	.	100.00	100.00	100.00	100.00	100.00	100.00	.	.	.	.	.	.	.	.	.	100.00	.	.	100.00	100.00	.	100.00	100.00	100.00	.	.	.	.	.	.	.	.	.	.	.	.	.	.	.	.	.	.	.	.	.	.	.	.	.	.	.	.	.	.	.	.	.	.	100.00	100.00	100.00	100.00	.	.	.	.	.	.	.	100.00	100.00	100.00	100.00	.	.	.	.	.	.	100.00	.	.	.	97.19;99.83	100.00;100.00	.	.	.	.	.	100.00	.	.	.	.	.	.	.	.	.	.	.	100.00	100.00	100.00	100.00	100.00	100.00	100.00	99.87	100.00	.	.	100.00	100.00	100.00
AI-5395_63_65_assembly_Abricate_ecoli_vf.tsv	173	.	.	.	.	.	.	.	.	.	.	.	100.00	.	100.00	.	.	.	.	.	.	.	.	.	.	.	.	.	.	.	.	.	.	.	.	.	.	.	.	.	.	.	.	.	.	.	.	100.00	.	.	.	.	.	.	.	.	.	.	.	.	.	.	.	.	.	.	.	.	.	.	.	.	.	.	.	.	.	.	.	.	.	.	100.00	100.00	100.00	100.00	.	100.00	.	99.47	.	.	.	.	.	.	.	.	.	.	93.52	.	88.19	100.00	99.06	99.89	93.20	.	.	.	.	.	.	.	.	100.00	100.00	100.00	.	.	100.00	.	.	.	.	.	.	.	.	.	100.00	.	.	.	100.00	.	.	.	.	.	.	.	.	.	100.00	100.00	99.96	100.00	100.00	100.00	100.00	100.00	100.00	100.00	100.00	100.00	100.00	100.00	100.00	100.00	100.00	100.00	.	100.00	.	.	98.96	.	99.35	100.00	100.00	100.00	100.00	100.00	100.00	.	.	.	99.34	100.00	100.00	100.00	100.00	100.00	100.00	100.00	.	.	.	.	.	.	.	.	.	100.00	100.00	100.00	82.23	100.00	99.28	100.00	.	.	.	.	.	.	.	.	.	.	.	.	.	.	.	.	.	.	.	.	.	.	.	.	.	.	.	.	.	100.00	100.00	.	99.29	100.00	.	.	.	.	.	100.00	100.00	.	.	100.00	.	99.79	.	.	.	.	.	.	.	.	.	.	.	.	.	.	.	.	.	.	.	.	.	.	.	.	100.00	100.00	100.00	100.00	100.00	100.00	100.00	98.69	100.00	100.00	100.00	99.66	100.00;100.00	100.00;100.00	100.00	100.00	100.00	100.00	100.00	100.00	100.00	100.00	100.00	100.00	100.00	100.00	100.00	100.00	100.00	100.00	100.00	100.00	100.00	98.98	100.00	.	.	100.00	100.00	100.00	100.00	100.00	100.00	100.00	100.00	100.00	100.00	100.00	100.00	100.00	100.00	100.00	98.63	100.00	100.00	100.00	.	.	100.00	.	.	100.00	100.00	100.00	100.00	100.00	100.00	100.00	99.67	100.00	100.00	99.81	.	.	100.00	100.00	.	100.00	100.00	100.00	.	100.00	100.00	.	100.00	.	.	.	.	.	.	.	.	.	.	.	.	.	.	100.00	.	.	.	.	100.00	.	.	.	.	.	.	100.00	100.00	.	.	100.00	100.00	.	.	.	.	.	.	.	.	.	.	.	.	.	.	.	.	.	.	.	.	.	.	.	.	.	.	.	.	.	.	.	.	.	.	100.00	100.00	100.00	100.00	.	.	.	.	.	.	.	.	.	.	.	.	.	100.00	100.00	100.00	.	100.00	.	.	.	.	100.00	98.80	.	.	.	.	.	95.79	.	.	.	.	.	.	.	.	.	.	100.00	100.00	100.00	100.00	96.84	100.00	100.00	99.62	100.00	.	.	100.00	100.00	.
AI-5395_64_66_assembly_Abricate_ecoli_vf.tsv	206	.	.	.	.	.	.	.	.	.	.	.	.	.	.	.	.	.	.	.	.	.	.	.	.	.	.	.	.	.	.	.	.	.	.	.	.	.	.	.	.	.	.	.	.	.	.	100.00	.	100.00	.	.	100.00	.	.	.	.	.	.	.	.	.	.	.	.	.	.	.	.	.	.	.	.	.	.	.	.	.	.	.	100.00	100.00	100.00	100.00	100.00	100.00	100.00	100.00	.	.	.	.	.	100.00	.	100.00	100.00	100.00	100.00	100.00	100.00	100.00	100.00	100.00	100.00	100.00	100.00	100.00	.	.	.	.	.	.	.	100.00	.	.	.	100.00	100.00	.	.	.	.	.	.	.	.	.	100.00	100.00	.	.	.	.	.	.	.	.	.	.	.	.	100.00	100.00	100.00	100.00	100.00	100.00	100.00	100.00	100.00	100.00	.	.	.	.	.	.	.	.	.	.	.	.	99.37	100.00	99.35	100.00	100.00	100.00	100.00	100.00	100.00	.	.	.	100.00	.	100.00	100.00	100.00	100.00	.	100.00	100.00	99.90	.	.	.	.	.	.	.	100.00	100.00	100.00	100.00	100.00	98.66	100.00	100.00	100.00	100.00	99.15	99.91	100.00	100.00	99.70	100.00	.	.	.	.	.	.	.	.	.	.	.	.	.	.	.	.	.	.	.	.	98.42	100.00	100.00	100.00	.	.	99.47	.	99.93	.	.	99.94	100.00	.	.	.	.	.	.	.	.	.	.	.	.	.	.	.	.	.	.	100.00	.	.	.	.	.	.	.	.	.	100.00	100.00	100.00	100.00	100.00	100.00	100.00	100.00	100.00	100.00	100.00	100.00	100.00	100.00;100.00	100.00	100.00;100.00	100.00	100.00	100.00	100.00	100.00	100.00	100.00	100.00	100.00	100.00	100.00	100.00	100.00	99.90	100.00	100.00	100.00	100.00	100.00	.	.	100.00	100.00	100.00	100.00	100.00	100.00	100.00	100.00	100.00	100.00	100.00	100.00	100.00	100.00	97.81	100.00	100.00	100.00	99.90	.	.	100.00	.	.	100.00	100.00	100.00	100.00	100.00	100.00	100.00	100.00	100.00	100.00	100.00	.	.	100.00	99.91	.	100.00	100.00	100.00	.	100.00	100.00	.	.	100.00	.	.	100.00	100.00	100.00	.	.	100.00	100.00	100.00	100.00	100.00	100.00	.	.	.	.	.	.	.	.	100.00	.	.	.	100.00	100.00	.	.	100.00	100.00	.	.	.	.	.	.	100.00	.	100.00	100.00	.	.	.	100.00;100.00	.	.	.	100.00	100.00	.	97.06;97.06	.	.	.	.	.	.	.	.	.	.	.	.	.	100.00	100.00	100.00	100.00	.	.	.	.	.	.	.	100.00	100.00	100.00	100.00	.	.	100.00	100.00	100.00	100.00	100.00	.	99.87;100.00;100.00	.	.	100.00	.	.	.	.	.	100.00	.	.	.	.	.	.	.	.	.	.	.	100.00	100.00	100.00	100.00	100.00	100.00	100.00	99.87	100.00	98.98	100.00	100.00	100.00	.
AI-5395_65_67_assembly_Abricate_ecoli_vf.tsv	170	.	.	.	.	.	.	.	.	.	.	.	.	.	.	.	.	.	.	.	.	.	.	.	.	.	.	.	.	.	.	.	.	.	.	.	.	.	.	.	.	.	.	.	.	.	.	100.00	.	.	.	.	.	.	.	.	.	.	.	.	100.00	.	.	.	.	.	.	.	.	.	.	.	.	.	.	.	.	.	.	.	100.00	.	100.00	.	100.00	.	.	100.00	.	.	100.00	.	.	100.00	.	.	100.00	100.00	.	.	.	.	.	.	.	99.93	100.00	100.00	.	.	.	.	.	.	.	100.00	100.00	.	.	.	100.00	.	.	.	.	.	.	.	.	99.86	100.00	100.00	.	.	.	.	.	.	.	.	.	.	.	.	.	.	.	.	100.00	100.00	100.00	100.00	100.00	100.00	.	.	.	.	.	.	.	.	100.00	.	.	.	.	.	99.35	100.00	100.00	100.00	100.00	100.00	100.00	.	.	.	100.00	.	99.68	100.00	100.00	100.00	.	100.00	.	98.99	.	.	.	.	.	.	.	100.00	100.00	100.00	100.00	100.00	99.28	100.00	.	.	.	.	.	.	.	.	.	.	.	.	.	.	.	.	.	.	.	.	.	.	.	.	.	.	.	.	.	100.00	100.00	100.00	99.92	.	.	99.47	.	.	.	.	99.94	100.00	.	.	.	.	.	.	.	.	.	.	.	.	.	.	.	.	.	.	.	.	.	.	.	.	.	.	.	.	100.00	100.00	100.00	100.00	100.00	100.00	100.00	100.00	100.00	100.00	99.96;100.00	100.00	100.00;100.00	100.00;100.00	100.00	99.70	100.00	100.00	100.00	100.00	100.00	100.00	100.00	100.00	100.00	100.00	100.00	100.00	100.00	99.90	100.00	100.00	100.00	100.00	100.00	.	100.00	100.00	100.00	100.00	100.00	100.00	100.00	100.00	100.00	100.00	100.00	100.00	100.00	100.00	100.00	100.00	100.00	100.00	100.00	100.00	.	.	100.00	.	.	100.00	100.00	100.00	100.00	100.00	100.00	100.00	99.67	100.00	100.00	99.81	100.00	.	.	98.86	.	100.00	100.00	100.00	.	100.00	100.00	.	.	.	100.00	100.00	100.00	100.00	100.00	.	.	99.68;100.00	100.00	100.00	100.00	100.00	100.00	100.00	100.00	.	.	.	.	.	.	100.00	.	.	.	100.00	100.00	.	.	100.00	100.00	.	.	.	.	.	.	100.00	.	.	.	.	.	.	.	.	.	.	.	.	.	.	.	.	.	.	.	.	.	.	.	.	.	.	.	100.00	100.00	100.00	100.00	.	.	.	.	.	.	.	100.00;100.00	100.00;100.00	100.00;100.00	97.89;100.00	.	.	.	.	.	.	100.00	.	100.00	.	.	100.00	.	99.98	.	.	.	.	.	.	.	.	.	.	.	.	.	.	.	100.00	100.00	100.00	100.00	100.00	100.00	100.00	100.00	100.00	.	.	100.00	100.00	.
AI-5395_66_68_assembly_Abricate_ecoli_vf.tsv	167	.	.	.	.	.	.	.	.	.	.	.	.	.	.	.	.	.	.	.	.	.	.	.	.	.	.	.	.	.	.	.	.	.	.	.	.	.	.	.	.	.	.	.	.	.	.	100.00	.	100.00	.	.	.	.	.	.	.	.	.	.	.	.	.	.	.	.	.	.	.	.	.	.	.	.	.	.	.	.	.	.	.	.	100.00	.	.	.	.	100.00	.	.	.	.	.	.	.	.	.	.	.	.	.	.	.	.	97.59	.	100.00	100.00	.	.	.	.	.	.	.	100.00	100.00	.	.	100.00	.	.	.	.	.	.	.	.	.	.	100.00	100.00	.	.	.	.	.	.	.	.	.	.	.	.	.	.	.	.	100.00	100.00	100.00	100.00	100.00	100.00	.	.	.	.	.	.	.	.	.	.	.	.	.	.	99.35	100.00	100.00	100.00	100.00	100.00	100.00	.	.	.	89.03	.	100.00	100.00	100.00	100.00	100.00	100.00	.	.	.	.	.	.	.	.	.	100.00	100.00	100.00	100.00	100.00	99.28	100.00	100.00	100.00	100.00	99.15	99.91	99.86	100.00	100.00	100.00	.	.	.	.	.	.	.	.	.	.	.	.	.	.	.	.	.	.	.	.	100.00	99.95	100.00	99.85	.	.	99.56	.	.	.	.	99.94	100.00	99.87	.	.	.	.	.	.	.	.	.	.	.	.	.	.	.	.	.	100.00	.	.	.	.	.	.	.	.	.	100.00	100.00	100.00	100.00	100.00	100.00	100.00	100.00	100.00	100.00	100.00	100.00	100.00;100.00	100.00;100.00	100.00	99.25	100.00	100.00	100.00	100.00	100.00	100.00	100.00	100.00	100.00	100.00	100.00	100.00	100.00	99.90	100.00	100.00	100.00	100.00	100.00	.	100.00	100.00	100.00	100.00	100.00	100.00	100.00	100.00	100.00	100.00	100.00	100.00	100.00	100.00	100.00	100.00	98.63	100.00	100.00	100.00	.	.	100.00	.	.	.	.	.	.	.	.	100.00	100.00	100.00	100.00	100.00	100.00	.	.	100.00	.	100.00	100.00	100.00	.	99.93	100.00	.	.	.	100.00	100.00	100.00	100.00	100.00	.	.	99.68;100.00	100.00	100.00	100.00	100.00	100.00	.	.	.	.	.	.	.	.	.	.	.	.	100.00	100.00	.	100.00	100.00	100.00	.	.	.	.	.	.	.	.	100.00	100.00	.	.	.	.	.	.	.	.	.	.	.	.	.	.	.	.	.	.	.	.	.	.	.	.	100.00	100.00	100.00	100.00	.	.	.	.	.	.	.	100.00	100.00	100.00	100.00	.	.	.	.	.	.	100.00	.	.	.	99.83	100.00;100.00	.	.	.	.	.	.	.	.	.	.	.	.	.	.	.	.	.	100.00	100.00	100.00	100.00	100.00	100.00	100.00	99.87	100.00	98.98	100.00	100.00	.	100.00
AI-5395_67_69_assembly_Abricate_ecoli_vf.tsv	176	.	.	.	.	.	.	.	.	.	.	.	.	.	.	.	.	.	.	.	.	.	.	.	.	.	.	.	.	.	.	.	.	.	.	.	.	.	.	.	.	.	.	.	.	.	.	100.00	.	100.00	.	.	.	.	.	.	.	.	.	.	.	.	.	.	.	.	.	.	.	.	.	.	.	.	.	.	.	.	.	.	100.00	100.00	100.00	.	.	.	.	100.00	.	.	.	.	.	.	.	100.00	.	.	.	.	.	.	.	.	.	.	.	.	.	.	.	.	.	.	.	100.00	100.00	100.00	.	100.00	.	.	.	.	.	.	.	.	.	.	100.00	.	80.05	.	.	.	.	.	.	.	.	.	.	.	.	.	.	.	100.00	100.00	100.00	100.00	100.00	100.00	.	.	.	.	.	.	.	.	.	.	.	.	.	.	99.35	100.00	100.00	100.00	100.00	100.00	100.00	98.08	.	.	100.00	.	100.00	100.00	100.00	100.00	100.00	100.00	.	.	.	.	.	.	.	.	.	100.00	100.00	100.00	100.00	100.00	99.28	100.00	100.00	100.00	100.00	99.15	99.82	100.00	100.00	100.00	100.00	.	.	.	.	.	.	.	.	.	.	.	.	.	.	.	.	.	.	.	.	100.00	99.95	99.95	.	.	.	99.56	.	100.00	.	.	.	100.00	99.87	.	.	.	.	.	.	.	.	.	.	.	.	.	.	.	.	.	100.00	.	.	.	.	.	.	.	.	.	100.00	100.00	100.00	100.00	100.00	100.00	100.00	100.00	100.00	100.00	100.00	100.00	100.00;100.00	100.00;100.00	100.00	99.25	100.00	100.00	100.00	100.00	100.00	100.00	100.00	100.00	100.00	100.00	100.00	100.00	100.00	99.90	100.00	100.00	100.00	100.00	100.00	.	100.00	100.00	100.00	100.00	100.00	100.00	100.00	100.00	100.00	100.00	100.00	100.00	100.00	100.00	100.00	100.00	98.63	100.00	100.00	100.00	.	.	100.00	.	.	.	.	.	.	.	.	.	.	.	.	.	100.00	100.00	100.00	100.00	.	100.00	100.00	100.00	.	99.93	100.00	100.00	.	.	100.00	100.00	100.00	100.00	100.00	.	.	100.00	100.00	100.00	100.00	100.00	100.00	.	.	.	.	.	.	.	.	.	83.83	.	.	100.00	100.00	.	.	100.00	100.00	.	.	.	.	.	.	.	.	100.00	100.00	.	.	.	.	.	.	.	.	.	.	.	.	.	.	.	100.00	100.00	99.77	100.00	99.84	100.00	100.00	100.00	.	100.00	100.00	100.00	100.00	.	.	.	.	.	.	.	100.00	100.00	100.00	100.00	.	.	.	.	.	.	100.00	.	100.00	.	99.83;99.83;99.83	100.00	.	.	.	.	.	94.40	.	.	.	.	.	.	.	.	.	.	.	100.00	100.00	100.00	100.00	100.00	100.00	100.00	99.87	100.00	93.70	100.00	100.00	.	100.00
AI-5395_68_70_assembly_Abricate_ecoli_vf.tsv	190	.	.	.	.	.	.	.	.	.	.	.	.	.	.	.	.	.	.	.	.	.	.	.	.	.	.	.	.	.	.	.	.	.	.	.	.	.	.	.	.	.	.	.	.	.	.	100.00	.	100.00	100.00	.	.	.	.	.	.	.	.	.	.	.	.	.	.	.	.	.	.	.	.	.	.	.	.	.	.	.	.	.	.	.	100.00	100.00	100.00	100.00	100.00	100.00	.	.	100.00	.	.	85.17	.	.	.	.	.	.	.	.	.	.	.	.	.	.	.	.	.	.	.	.	.	100.00	100.00	.	.	100.00	100.00	.	.	.	.	.	.	.	.	.	100.00	100.00	.	.	.	.	.	.	.	.	.	.	.	.	.	.	.	.	100.00	100.00	100.00	100.00	100.00	100.00	100.00	100.00	100.00	100.00	100.00	100.00	100.00	99.68	100.00	.	.	.	.	.	100.00	100.00	100.00	100.00	100.00	100.00	100.00	.	.	.	99.98	.	100.00	100.00	100.00	100.00	.	100.00	.	.	100.00	100.00	100.00	100.00	100.00	100.00	100.00	100.00	100.00	100.00	100.00	100.00	99.25	100.00	100.00	100.00	100.00	99.15	100.00	100.00	100.00	100.00	100.00	.	.	.	.	.	.	.	.	.	.	.	.	.	.	.	.	.	.	.	.	100.00	100.00	100.00	99.29	100.00	.	99.56	.	100.00	100.00	99.58	100.00	100.00	.	100.00	99.05	100.00	100.00	.	.	.	.	.	.	.	.	.	.	.	.	.	100.00	.	.	.	.	.	.	.	.	.	100.00	100.00	100.00	100.00	100.00	100.00	100.00	100.00	100.00	100.00	100.00	100.00	100.00	100.00;100.00	100.00	100.00	100.00	100.00	100.00	100.00	100.00	100.00	100.00	100.00	100.00	100.00	100.00	100.00	100.00	100.00	100.00	100.00	100.00	100.00	100.00	.	100.00	100.00	100.00	100.00	100.00	100.00	100.00	100.00	100.00	100.00	100.00	100.00	100.00	100.00	100.00	100.00	97.54	100.00	100.00	100.00	.	.	100.00	.	.	100.00	100.00	100.00	100.00	100.00	100.00	100.00	99.67	100.00	100.00	100.00	.	.	.	100.00	.	100.00	100.00	100.00	.	100.00	100.00	.	100.00	.	.	.	.	.	.	.	.	.	.	.	.	.	.	.	.	.	.	.	.	.	.	100.00	.	.	.	100.00	100.00	.	.	100.00	100.00	.	.	.	.	.	.	.	.	100.00	100.00	.	.	.	.	.	.	.	.	.	.	.	.	.	.	.	.	.	.	.	.	.	.	.	100.00	100.00	100.00	100.00	100.00	.	.	.	.	.	.	.	100.00	100.00	100.00	100.00	.	.	.	.	.	.	100.00	.	.	.	99.83	100.00	.	.	.	100.00	.	.	.	.	.	.	.	.	.	.	.	.	.	100.00	100.00	100.00	100.00	100.00	100.00	100.00	.	100.00	100.00	100.00	100.00	100.00	.
AI-5395_69_71_assembly_Abricate_ecoli_vf.tsv	190	.	.	.	.	.	.	.	.	.	.	.	.	.	.	.	.	.	.	.	.	.	.	.	.	.	.	.	.	.	.	.	.	.	.	.	.	.	.	.	.	.	.	.	.	.	.	100.00	.	100.00	100.00	.	.	.	.	.	.	.	.	.	.	.	.	.	.	.	.	.	.	.	.	.	.	.	.	.	.	.	.	.	.	.	100.00	100.00	100.00	100.00	100.00	100.00	.	.	100.00	.	.	85.17	.	.	.	.	.	.	.	.	.	.	.	.	.	.	.	.	.	.	.	.	.	100.00	100.00	.	.	100.00	100.00	.	.	.	.	.	.	.	.	.	100.00	100.00	.	.	.	.	.	.	.	.	.	.	.	.	.	.	.	.	100.00	100.00	100.00	100.00	100.00	100.00	100.00	100.00	100.00	100.00	100.00	100.00	100.00	99.68	100.00	.	.	.	.	.	100.00	100.00	100.00	100.00	100.00	100.00	100.00	.	.	.	99.98	.	100.00	100.00	100.00	100.00	.	100.00	.	.	100.00	100.00	100.00	100.00	100.00	100.00	100.00	100.00	100.00	100.00	100.00	100.00	99.25	100.00	100.00	100.00	100.00	99.15	100.00	100.00	100.00	100.00	100.00	.	.	.	.	.	.	.	.	.	.	.	.	.	.	.	.	.	.	.	.	100.00	100.00	100.00	99.29	100.00	.	99.56	.	100.00	100.00	99.58	100.00	100.00	.	100.00	99.05	100.00	100.00	.	.	.	.	.	.	.	.	.	.	.	.	.	100.00	.	.	.	.	.	.	.	.	.	100.00	100.00	100.00	100.00	100.00	100.00	100.00	100.00	100.00	100.00	100.00	100.00	100.00	100.00;100.00	100.00	100.00	100.00	100.00	100.00	100.00	100.00	100.00	100.00	100.00	100.00	100.00	100.00	100.00	100.00	100.00	100.00	100.00	100.00	100.00	100.00	.	100.00	100.00	100.00	100.00	100.00	100.00	100.00	100.00	100.00	100.00	100.00	100.00	100.00	100.00	100.00	100.00	97.54	100.00	100.00	100.00	.	.	100.00	.	.	100.00	100.00	100.00	100.00	100.00	100.00	100.00	99.67	100.00	100.00	100.00	.	.	.	100.00	.	100.00	100.00	100.00	.	100.00	100.00	.	100.00	.	.	.	.	.	.	.	.	.	.	.	.	.	.	.	.	.	.	.	.	.	.	100.00	.	.	.	100.00	100.00	.	.	100.00	100.00	.	.	.	.	.	.	.	.	100.00	100.00	.	.	.	.	.	.	.	.	.	.	.	.	.	.	.	.	.	.	.	.	.	.	.	100.00	100.00	100.00	100.00	100.00	.	.	.	.	.	.	.	100.00	100.00	100.00	100.00	.	.	.	.	.	.	100.00	.	.	.	99.83	100.00	.	.	.	100.00	.	.	.	.	.	.	.	.	.	.	.	.	.	100.00	100.00	100.00	100.00	100.00	100.00	100.00	.	100.00	100.00	100.00	100.00	100.00	.
AI-5395_6_6_assembly_Abricate_ecoli_vf.tsv	206	.	.	.	.	.	.	.	.	.	.	.	.	.	.	.	.	.	.	.	.	.	.	.	.	.	.	100.00	100.00	.	.	100.00	99.66	.	.	100.00	100.00	.	.	.	.	.	.	.	.	.	.	100.00	.	100.00	.	.	.	100.00	.	100.00	100.00	.	.	100.00	.	.	.	.	.	.	.	.	.	.	.	.	.	.	.	100.00	.	.	.	.	100.00	100.00	100.00	100.00	100.00	.	100.00	100.00	.	.	.	.	.	100.00	.	100.00	100.00	100.00	100.00	100.00	100.00	100.00	100.00	100.00	100.00	100.00	100.00	100.00	.	.	.	.	.	.	.	100.00	.	.	.	100.00	100.00	.	.	.	.	.	99.93	.	.	.	100.00	100.00	.	.	.	.	.	.	.	.	.	.	.	.	100.00	100.00	100.00	100.00	100.00	100.00	100.00	100.00	100.00	100.00	.	.	.	.	.	.	.	.	.	.	.	.	100.00	.	99.35	100.00	100.00	100.00	100.00	100.00	100.00	.	.	.	100.00	.	100.00	100.00	100.00	100.00	.	100.00	100.00	99.97	.	.	.	.	.	.	.	100.00	100.00	100.00	100.00	100.00	99.28	100.00	99.90	100.00	100.00	99.15	99.82	100.00	100.00	99.70	100.00	.	.	.	.	.	.	.	.	.	.	.	.	.	.	.	.	.	.	.	.	100.00	100.00	99.94	100.00	.	.	.	.	100.00	.	.	99.94	100.00	.	.	.	.	.	.	.	.	.	.	.	.	.	.	.	.	.	.	100.00	.	.	.	.	.	.	.	.	.	100.00	100.00	100.00	100.00	100.00	100.00	100.00	100.00	100.00	100.00	100.00;100.00	100.00	100.00	100.00;100.00	100.00	100.00;100.00	100.00	100.00	100.00	100.00	100.00	100.00	100.00	100.00	100.00	100.00	100.00	100.00	100.00	99.90	100.00	100.00	100.00	100.00	100.00	.	.	100.00	100.00	100.00	100.00	100.00	100.00	100.00	100.00	100.00	100.00	100.00	100.00	100.00	100.00	94.65	100.00	100.00	100.00	99.90	.	.	100.00	.	.	100.00	100.00	100.00	100.00	100.00	100.00	100.00	99.67	100.00	100.00	100.00	.	.	100.00	99.91	.	100.00	100.00	100.00	.	100.00	100.00	.	.	.	.	.	.	.	.	.	.	99.68	.	.	.	.	.	.	.	.	.	.	.	.	.	100.00	.	.	.	100.00	100.00	.	.	100.00	100.00	.	.	.	.	.	.	100.00	.	100.00	100.00	.	.	.	.	.	.	.	.	.	.	.	.	.	.	.	100.00	100.00	99.77	100.00	99.84	100.00	100.00	100.00	.	100.00	100.00	100.00	100.00	.	.	.	.	.	.	.	.	.	.	.	.	.	100.00	100.00	100.00	100.00	100.00	.	.	.	99.83	100.00	.	100.00	.	.	.	100.00	.	.	.	.	.	.	.	.	.	.	.	100.00	100.00	100.00	100.00	100.00	100.00	100.00	99.87	100.00	98.98	100.00	100.00	100.00	.
AI-5395_70_72_assembly_Abricate_ecoli_vf.tsv	143	.	.	.	.	.	.	.	.	.	.	.	.	.	.	.	.	.	.	.	.	.	.	.	.	.	.	.	.	.	.	.	.	.	.	.	.	.	.	.	.	.	.	.	.	.	.	100.00	.	100.00	.	.	.	.	.	.	.	.	.	.	.	.	.	.	.	.	.	.	.	.	.	.	.	.	.	.	.	.	.	.	.	.	100.00	.	.	.	.	100.00	.	.	.	.	.	.	.	.	.	.	.	.	.	.	.	.	97.59	.	100.00	100.00	.	.	.	.	.	.	.	100.00	100.00	.	.	100.00	.	.	.	.	.	.	.	.	.	.	100.00	.	.	.	.	.	.	.	.	.	.	.	.	.	.	.	.	.	100.00	100.00	100.00	100.00	100.00	100.00	.	.	.	.	.	.	.	.	.	.	.	.	.	.	99.35	100.00	100.00	100.00	100.00	100.00	100.00	.	.	.	100.00	.	.	.	.	.	.	.	.	.	.	.	.	.	.	.	.	100.00	100.00	100.00	100.00	100.00	99.28	100.00	100.00	100.00	100.00	99.15	99.91	100.00	100.00	100.00	100.00	.	.	.	.	.	.	.	.	.	.	.	.	.	.	.	.	.	.	.	.	100.00	99.95	100.00	99.85	.	.	99.56	.	.	.	.	99.94	100.00	99.87	.	.	.	.	.	.	.	.	.	.	.	.	.	.	.	.	.	100.00	.	.	.	.	.	.	.	.	.	100.00	100.00	100.00	100.00	.	100.00	100.00	100.00	100.00	100.00	100.00	100.00	100.00;100.00	100.00;100.00	100.00	99.25	100.00	100.00	100.00	100.00	100.00	100.00	100.00	100.00	100.00	100.00	100.00	100.00	100.00	99.90	100.00	100.00	100.00	100.00	100.00	.	100.00	100.00	100.00	100.00	100.00	100.00	100.00	100.00	100.00	100.00	100.00	100.00	100.00	100.00	100.00	100.00	98.63	100.00	100.00	100.00	.	.	100.00	.	.	.	.	.	.	.	.	100.00	100.00	100.00	100.00	100.00	100.00	.	.	100.00	.	100.00	100.00	100.00	.	99.93	100.00	.	.	.	.	.	.	.	.	.	.	99.68	.	.	.	.	.	.	.	.	.	.	.	.	.	.	.	.	.	100.00	100.00	.	100.00	100.00	100.00	.	.	.	.	.	.	.	.	100.00	100.00	.	.	.	.	.	.	.	.	.	.	.	.	.	.	.	.	.	.	.	.	.	.	.	.	100.00	100.00	100.00	100.00	.	.	.	.	.	.	.	.	.	.	.	.	.	.	.	.	.	100.00	.	.	.	.	.	.	.	.	.	.	.	.	.	.	.	.	.	.	.	.	.	.	100.00	100.00	100.00	100.00	100.00	100.00	100.00	99.87	100.00	98.98	100.00	100.00	.	100.00
AI-5395_71_73_assembly_Abricate_ecoli_vf.tsv	198	.	.	.	.	.	.	.	.	.	.	.	.	.	.	.	.	.	.	.	.	.	100.00	.	.	.	.	.	.	.	.	.	.	.	.	.	.	.	.	.	.	.	.	.	.	.	.	100.00	.	100.00	.	.	.	.	.	.	.	.	.	.	.	.	.	.	.	.	.	.	.	.	.	.	.	.	.	.	.	.	.	.	.	.	100.00	.	.	.	.	.	.	.	100.00	.	.	99.95	.	.	.	.	.	.	.	.	.	.	.	.	100.00	100.00	.	.	.	.	.	.	100.00	100.00	.	.	.	100.00	100.00	.	.	.	.	.	.	.	.	.	100.00	.	80.05	.	.	.	.	.	.	.	.	.	.	.	100.00	100.00	100.00	100.00	100.00	100.00	100.00	100.00	100.00	100.00	.	.	.	.	.	.	.	.	.	.	.	.	.	.	99.35	100.00	100.00	100.00	100.00	100.00	100.00	100.00	.	.	100.00	.	100.00	100.00	100.00	100.00	.	99.83	.	82.35	.	.	.	.	.	.	.	100.00	100.00	100.00	100.00	100.00	99.28	100.00	100.00	100.00	100.00	99.15	99.91	100.00	100.00	99.70	100.00	.	.	.	.	.	.	.	.	.	.	.	.	.	.	.	.	.	.	.	.	100.00	100.00	100.00	100.00	.	.	.	.	100.00	.	.	99.94	100.00	.	.	.	.	.	.	.	.	.	.	.	.	.	.	.	.	.	.	100.00	.	.	.	.	.	.	.	.	.	100.00	100.00	100.00	100.00	100.00	100.00	100.00	100.00	100.00	100.00	100.00	100.00	100.00	100.00	100.00	100.00	100.00	100.00	100.00	100.00	100.00	100.00	100.00	100.00	100.00	100.00	100.00	100.00	100.00	99.90	100.00	100.00	100.00	100.00	100.00	.	.	100.00	100.00	100.00	100.00	100.00	100.00	100.00	100.00	100.00	100.00	100.00	100.00	100.00	100.00	97.81	100.00	100.00	100.00	99.90	100.00	100.00	100.00	.	.	100.00	.	.	.	.	.	.	.	.	.	.	.	100.00	.	100.00	.	100.00	100.00	100.00	.	100.00	100.00	.	.	.	100.00	100.00	100.00	100.00	100.00	100.00	100.00	99.68;100.00	100.00	100.00	100.00	100.00	100.00	.	.	.	.	100.00	.	.	.	100.00	100.00	.	.	100.00	100.00	.	.	100.00	100.00	.	.	.	.	.	.	100.00	.	100.00	100.00	.	.	100.00	100.00	100.00	100.00	100.00	.	.	100.00	87.91	100.00	100.00	.	.	.	.	.	.	.	.	.	.	.	100.00	100.00	100.00	100.00	.	.	.	.	.	.	.	100.00	100.00	100.00	100.00	.	.	.	100.00	80.74	100.00	100.00	.	100.00	.	99.67	100.00;100.00	.	100.00	.	.	.	100.00	.	.	.	100.00	100.00	100.00	100.00	100.00	100.00	100.00	100.00	100.00	100.00	100.00	100.00	100.00	100.00	100.00	99.87	100.00	98.78	100.00	100.00	100.00	.
AI-5395_72_74_assembly_Abricate_ecoli_vf.tsv	169	.	.	.	.	.	.	.	.	.	.	.	.	.	.	.	.	.	.	.	.	.	.	.	.	.	.	.	.	.	.	.	.	.	.	.	.	.	.	.	.	.	.	.	.	.	.	100.00	.	100.00	.	.	.	.	.	.	.	.	.	.	.	.	.	.	.	.	.	.	.	.	.	.	.	.	.	.	.	.	.	.	100.00	100.00	100.00	.	.	.	.	100.00	.	.	100.00	.	.	.	.	100.00	.	.	.	.	.	.	.	.	.	.	.	.	.	.	.	.	.	.	.	100.00	100.00	.	.	100.00	.	.	.	.	.	.	.	.	.	.	100.00	.	80.05	.	.	.	.	.	.	.	.	.	.	.	.	.	.	.	100.00	100.00	100.00	100.00	100.00	100.00	.	.	.	.	.	.	.	.	.	.	.	.	.	100.00	99.35	100.00	100.00	100.00	100.00	100.00	100.00	.	.	.	100.00	.	100.00	100.00	100.00	100.00	100.00	100.00	.	.	.	.	.	.	.	.	.	100.00	100.00	100.00	100.00	100.00	99.28	100.00	100.00	100.00	100.00	99.15	99.82	100.00	100.00	100.00	100.00	.	.	.	.	.	.	.	.	.	.	.	.	.	.	.	.	.	.	.	.	100.00	99.95	100.00	.	.	.	99.56	.	100.00	.	.	92.03	100.00	99.87	.	.	.	.	.	.	.	.	.	.	.	.	.	.	.	.	.	100.00	.	.	.	.	.	.	.	.	.	100.00	100.00	100.00	100.00	100.00	100.00	100.00	100.00	100.00	100.00	100.00	100.00	100.00;100.00	100.00;100.00	100.00	99.25	100.00	100.00	100.00	100.00	100.00	100.00	100.00	100.00	100.00	100.00	100.00	100.00	100.00	99.90	100.00	100.00	100.00	100.00	100.00	.	100.00	100.00	100.00	100.00	100.00	100.00	100.00	100.00	100.00	100.00	100.00	100.00	100.00	100.00	100.00	100.00	98.63	100.00	100.00	100.00	.	.	100.00	.	.	.	.	.	.	.	.	.	.	.	.	.	100.00	.	100.00	100.00	.	100.00	100.00	100.00	.	99.93	100.00	100.00	.	.	.	.	.	.	.	.	.	.	100.00	100.00	.	100.00	100.00	.	.	.	.	.	.	.	.	.	100.00	.	100.00	100.00	100.00	.	.	100.00	100.00	.	.	.	.	.	.	.	.	100.00	100.00	.	.	.	.	.	.	.	.	.	.	.	.	.	.	.	100.00	100.00	99.77	100.00	99.84	100.00	100.00	100.00	.	100.00	100.00	100.00	100.00	.	.	.	.	.	.	.	100.00	100.00	100.00	100.00	.	.	.	.	.	.	100.00	.	100.00	.	.	100.00;100.00	.	.	.	.	.	94.40	.	.	.	.	.	.	.	.	.	.	.	100.00	100.00	100.00	100.00	100.00	100.00	100.00	99.87	100.00	93.70	100.00	100.00	.	100.00
AI-5395_7_7_assembly_Abricate_ecoli_vf.tsv	200	.	.	.	.	.	.	.	.	.	.	.	.	.	.	.	.	.	.	.	.	.	100.00	.	.	.	.	.	.	.	.	.	.	.	.	.	.	.	.	.	.	.	.	.	.	.	.	100.00	.	100.00	.	.	100.00	.	.	.	.	.	.	.	100.00	.	.	.	.	.	.	.	.	.	.	.	.	.	.	.	.	.	.	.	100.00	100.00	100.00	.	88.06	.	100.00	100.00	.	.	.	.	.	100.00	.	100.00	100.00	100.00	100.00	100.00	100.00	100.00	100.00	100.00	100.00	100.00	100.00	100.00	.	.	.	.	.	.	100.00	100.00	.	.	.	100.00	100.00	.	.	.	.	.	.	.	.	99.86	100.00	.	.	.	96.56	.	.	.	.	.	.	.	.	.	100.00	100.00	100.00	100.00	100.00	100.00	100.00	100.00	100.00	100.00	.	.	.	.	.	.	.	.	.	.	.	.	100.00	.	99.35	100.00	100.00	100.00	100.00	100.00	100.00	.	.	.	100.00	.	100.00	100.00	100.00	100.00	.	.	.	98.99	.	.	.	.	.	.	.	100.00	100.00	100.00	100.00	100.00	99.28	100.00	.	.	.	.	.	.	100.00	99.70	100.00	.	.	.	.	.	.	.	.	.	.	.	.	.	.	.	.	.	.	.	.	100.00	100.00	99.94	99.92	.	.	.	.	100.00	.	.	99.94	100.00	.	.	.	.	.	.	.	.	.	.	.	.	.	.	.	.	.	.	.	.	.	.	.	.	.	.	.	.	100.00	100.00	100.00	100.00	100.00	100.00	100.00	100.00	100.00	100.00	100.00;100.00	100.00	100.00	100.00;100.00	100.00	100.00	100.00	100.00	100.00	100.00	100.00	100.00	100.00	100.00	100.00	100.00	100.00	100.00	100.00	99.90	100.00	100.00	100.00	100.00	100.00	.	100.00	100.00	100.00	100.00	100.00	100.00	100.00	100.00	100.00	100.00	100.00	100.00	100.00	100.00	100.00	100.00	98.63	100.00	100.00	99.90	.	.	100.00	.	.	100.00	100.00	100.00	100.00	100.00	100.00	100.00	100.00	100.00	100.00	100.00	.	.	100.00	99.91	.	100.00	100.00	100.00	.	100.00	100.00	100.00	.	.	.	.	.	.	.	.	.	99.68	100.00	100.00	100.00	100.00	100.00	.	.	.	.	.	.	.	.	100.00	.	.	.	100.00	100.00	.	.	100.00	100.00	.	.	.	.	.	.	.	.	100.00	100.00	100.00	.	.	.	.	.	.	.	.	.	.	.	.	.	.	81.07	100.00	99.77	100.00	99.84	100.00	100.00	100.00	.	100.00	100.00	100.00	100.00	.	.	.	.	.	.	.	100.00	100.00	100.00	97.89	.	.	100.00	100.00	100.00	100.00	100.00	.	.	.	99.83	100.00	.	99.77	.	.	.	100.00	.	.	.	.	.	.	.	.	.	.	.	100.00	100.00	100.00	100.00	100.00	100.00	100.00	99.37	100.00	98.98	100.00	100.00	100.00	.
AI-5395_8_8_assembly_Abricate_ecoli_vf.tsv	165	.	.	.	.	.	.	.	.	.	.	.	.	.	.	.	.	.	.	.	.	.	100.00	.	.	.	.	.	.	.	.	.	.	.	.	.	.	.	.	.	.	.	.	.	.	.	.	100.00	.	100.00	.	.	.	.	.	.	.	.	.	.	.	.	.	.	.	.	.	.	.	.	.	.	.	.	.	.	.	.	.	.	.	.	100.00	100.00	.	.	.	.	.	.	100.00	.	.	.	.	.	.	.	.	.	.	.	.	.	.	.	.	100.00	.	.	.	.	.	.	.	100.00	.	.	.	100.00	.	.	.	.	.	.	.	.	.	.	100.00	.	80.05	.	.	.	.	.	.	.	.	.	.	.	100.00	100.00	100.00	100.00	100.00	100.00	100.00	100.00	100.00	100.00	.	.	.	.	.	.	.	.	.	.	.	.	.	.	99.35	100.00	100.00	100.00	100.00	100.00	100.00	100.00	.	.	100.00	.	.	.	.	.	.	.	95.16	.	.	.	.	.	.	.	.	100.00	100.00	100.00	100.00	100.00	98.66	100.00	100.00	100.00	99.62	99.15	99.91	100.00	100.00	99.70	100.00	.	.	.	.	.	.	.	.	.	.	.	.	.	.	.	.	.	.	.	.	100.00	100.00	100.00	100.00	.	.	.	.	100.00	.	.	99.94	100.00	.	.	.	.	.	.	.	.	.	.	.	.	.	.	.	.	.	.	100.00	.	.	.	.	.	.	.	.	.	100.00	100.00	100.00	100.00	100.00	100.00	100.00	100.00	100.00	100.00	100.00	100.00	100.00	100.00	100.00	100.00;100.00	100.00	100.00	100.00	100.00	100.00	100.00	100.00	100.00	100.00	100.00	100.00	100.00	100.00	99.90	100.00	100.00	81.11	100.00	100.00	.	100.00	100.00	100.00	100.00	100.00	100.00	100.00	100.00	100.00	100.00	100.00	100.00	100.00	100.00	100.00	100.00	100.00	100.00	100.00	99.90	.	.	100.00	.	.	.	.	.	.	.	.	.	.	.	.	.	.	100.00	.	100.00	.	100.00	100.00	100.00	.	100.00	100.00	99.21	.	.	100.00	100.00	100.00	100.00	100.00	.	.	100.00	100.00	100.00	100.00	100.00	100.00	.	.	.	.	.	.	.	.	.	100.00	.	.	100.00	100.00	.	.	100.00	100.00	.	.	.	.	.	.	.	.	100.00	100.00	.	.	.	.	.	.	.	.	.	.	.	.	.	.	.	.	.	.	.	.	.	.	.	.	100.00	100.00	100.00	100.00	.	.	.	.	.	.	.	100.00	100.00	100.00	100.00	.	.	100.00	100.00	100.00	100.00	100.00	.	.	.	99.83;99.83;99.67	100.00;99.45;100.00	.	100.00	.	.	.	.	.	.	.	.	.	.	.	.	.	.	.	100.00	99.45	100.00	100.00	100.00	100.00	100.00	99.87	100.00	98.98	100.00	100.00	.	.
AI-5395_9_9_assembly_Abricate_ecoli_vf.tsv	162	.	.	.	.	.	.	.	.	.	.	.	.	.	.	.	.	.	.	.	.	.	.	.	.	.	.	.	.	.	.	.	.	.	.	.	.	.	.	.	.	.	.	.	.	.	.	100.00	.	.	.	.	.	.	.	.	.	.	.	.	.	.	.	.	.	.	.	.	.	.	.	.	.	.	.	100.00	.	.	.	.	100.00	100.00	100.00	.	.	.	.	100.00	.	.	100.00	.	.	.	.	100.00	100.00	100.00	100.00	100.00	100.00	.	.	.	.	.	.	100.00	.	.	.	.	.	.	.	100.00	100.00	100.00	.	.	.	.	.	.	.	.	.	.	.	.	100.00	.	.	.	.	.	.	.	.	.	.	.	.	.	.	.	.	.	100.00	100.00	100.00	100.00	100.00	100.00	.	.	.	.	.	.	.	.	.	.	.	.	.	.	99.35	100.00	100.00	100.00	100.00	100.00	100.00	.	.	.	100.00	.	100.00	100.00	100.00	100.00	100.00	100.00	.	.	.	.	.	.	.	.	.	100.00	100.00	100.00	100.00	100.00	99.28	100.00	100.00	100.00	100.00	99.15	.	.	.	.	.	.	.	.	.	.	.	.	.	.	.	.	.	.	.	.	.	.	.	.	.	100.00	87.70	99.94	99.92	.	.	.	.	99.93	.	.	99.94	100.00	.	.	.	.	.	.	.	.	.	.	.	.	.	.	.	.	.	.	.	.	.	.	.	.	.	.	.	.	100.00	100.00	100.00	100.00	100.00	100.00	100.00	100.00	100.00	100.00	100.00	100.00	100.00;100.00	100.00;100.00	100.00	99.70	100.00	100.00	100.00	100.00	100.00	100.00	100.00	100.00	100.00	100.00	100.00	100.00	100.00	99.90	100.00	100.00	100.00	100.00	100.00	.	100.00	100.00	100.00	100.00	100.00	100.00	100.00	100.00	100.00	100.00	100.00	100.00	100.00	100.00	100.00	100.00	100.00	100.00	100.00	100.00	.	.	100.00	.	.	100.00	100.00	100.00	100.00	100.00	100.00	100.00	100.00	100.00	100.00	100.00	100.00	.	100.00	100.00	.	100.00	100.00	100.00	.	99.93	100.00	.	.	.	.	.	.	.	.	.	.	.	.	.	.	.	.	.	.	.	.	.	.	.	.	.	.	.	.	100.00	100.00	.	.	100.00	100.00	.	.	.	.	.	.	.	.	.	.	.	.	.	.	.	.	.	.	.	.	.	.	.	.	.	100.00	100.00	99.77	100.00	99.84	100.00	100.00	100.00	.	100.00	100.00	100.00	100.00	.	.	.	.	.	.	.	.	.	.	.	.	.	.	.	.	.	100.00	.	100.00	.	99.83	100.00	.	.	.	.	.	100.00	.	.	.	.	.	.	.	.	.	.	.	100.00	100.00	100.00	100.00	100.00	100.00	100.00	100.00	100.00	.	.	100.00	.	.
